Div,Date,HomeTeam,AwayTeam,FTHG,FTAG,FTR,HTHG,HTAG,HTR,B365H,B365D,B365A,BWH,BWD,BWA,GBH,GBD,GBA,IWH,IWD,IWA,LBH,LBD,LBA,SBH,SBD,SBA,WHH,WHD,WHA,GB>2.5,GB<2.5,GBAHH,GBAHA,GBAH,Unnamed: 36,Unnamed: 37,Unnamed: 38,Unnamed: 39,Unnamed: 40,Unnamed: 41,Unnamed: 42,Unnamed: 43
T1,2004-08-06,Rizespor,Fenerbahce,2,2,D,0,2,A,6.0,3.4,1.5,6.0,3.6,1.5,6.0,3.6,1.5,5.4,3.8,1.45,5.5,3.6,1.53,5.5,3.4,1.57,6.0,3.4,1.5,1.65,2.0,2.25,1.5,0.5,,,,,,,,
T1,2004-08-07,Denizlispor,Gaziantepspor,2,1,H,1,0,H,2.2,3.25,2.75,2.1,3.3,3.0,2.2,3.2,2.9,2.0,3.1,3.2,2.1,3.25,3.0,2.25,3.2,2.8,2.1,3.2,3.0,1.71,1.95,2.2,1.52,-0.5,,,,,,,,
T1,2004-08-07,Genclerbirligi,Sakaryaspor,1,0,H,1,0,H,1.5,3.4,6.0,1.45,3.7,6.5,1.45,3.7,6.6,1.45,3.8,5.4,1.53,3.6,5.5,1.5,3.5,6.0,1.4,3.75,7.0,1.6,2.1,1.45,2.37,-0.5,,,,,,,,
T1,2004-08-07,Kayserispor,Trabzonspor,0,3,A,0,1,A,4.33,3.4,1.66,5.0,3.5,1.6,4.2,3.5,1.7,4.4,3.3,1.65,4.33,3.6,1.67,4.5,3.4,1.67,4.4,3.4,1.65,1.6,2.1,1.91,1.7,0.5,,,,,,,,
T1,2004-08-07,Malatyaspor,Besiktas,1,1,D,1,0,H,3.2,3.2,2.0,3.3,3.2,2.0,3.1,3.2,2.1,3.5,3.1,1.9,3.5,3.25,1.91,3.5,3.25,1.91,2.8,3.2,2.2,1.65,2.0,1.57,2.1,0.5,,,,,,,,
T1,2004-08-08,A. Sebatspor,Ankaraspor,1,3,A,0,1,A,2.2,3.25,2.75,2.2,3.35,2.75,2.25,3.2,2.85,2.2,3.0,3.9,2.2,3.25,2.8,2.25,3.25,2.75,2.0,3.2,3.2,1.71,1.95,2.25,1.51,-0.5,,,,,,,,
T1,2004-08-08,Galatasaray,Konyaspor,3,1,H,2,1,H,1.36,4.0,7.0,1.35,4.1,7.75,1.35,4.0,8.3,1.4,3.9,6.0,1.33,4.33,7.5,1.36,4.0,7.5,1.4,3.75,7.0,1.55,2.2,1.35,2.7,-0.5,,,,,,,,
T1,2004-08-08,Istanbulspor,Diyarbakirspor,1,1,D,0,0,D,2.2,3.25,2.75,2.25,3.15,2.8,2.25,3.2,2.85,2.2,3.0,2.9,2.2,3.25,2.8,2.2,3.2,2.88,2.2,3.1,2.85,1.71,1.95,2.25,1.51,-0.5,,,,,,,,
T1,2004-08-08,Samsunspor,Ankaragucu,1,1,D,0,1,A,1.83,3.25,3.6,2.0,3.3,3.2,2.0,3.2,3.35,1.8,3.3,3.6,2.0,3.25,3.25,2.0,3.25,3.25,2.1,3.2,3.0,1.6,2.1,2.0,1.64,-0.5,,,,,,,,
T1,2004-08-13,Gaziantepspor,Galatasaray,1,0,H,0,0,D,3.0,3.2,2.1,3.35,3.3,1.95,2.95,3.25,2.1,3.1,3.0,2.1,3.0,3.2,2.1,2.8,3.25,2.2,2.62,3.2,2.3,1.65,2.0,1.55,2.1,-0.5,,,,,,,,
T1,2004-08-14,Ankaragucu,Istanbulspor,0,0,D,0,0,D,1.72,3.4,4.0,1.85,3.3,3.7,1.7,3.25,4.4,1.85,3.2,3.5,1.8,3.4,3.6,1.8,3.25,4.0,1.75,3.3,4.0,1.65,2.0,1.7,1.87,-0.5,,,,,,,,
T1,2004-08-14,Ankaraspor,Malatyaspor,1,3,A,1,2,A,2.25,3.2,2.75,2.3,3.35,2.6,2.25,3.25,2.7,2.2,3.0,2.9,2.25,3.2,2.75,2.3,3.2,2.7,2.15,3.25,2.85,1.65,2.0,2.25,1.47,-0.5,,,,,,,,
T1,2004-08-14,Diyarbakirspor,Kayserispor,2,1,H,1,0,H,1.72,3.4,4.0,1.75,3.15,4.45,1.75,3.1,4.35,1.7,3.3,4.0,1.67,3.6,4.0,1.75,3.4,4.0,1.55,3.6,5.0,1.6,2.1,1.75,1.81,-0.5,,,,,,,,
T1,2004-08-14,Fenerbahce,Samsunspor,2,1,H,0,0,D,1.2,5.0,11.0,1.3,4.5,8.25,1.25,5.0,8.0,1.3,4.2,8.0,1.3,4.33,8.0,1.29,4.75,8.0,1.25,4.5,10.0,1.55,2.2,1.25,3.08,-0.5,,,,,,,,
T1,2004-08-15,Genclerbirligi,Besiktas,1,1,D,0,0,D,3.0,3.2,2.1,2.95,3.4,2.1,3.0,3.0,2.2,2.9,3.0,2.2,2.75,3.25,2.2,3.0,3.25,2.1,3.75,3.3,1.8,1.55,2.2,1.5,2.2,0.5,,,,,,,,
T1,2004-08-15,Konyaspor,Rizespor,0,0,D,0,0,D,1.9,3.2,3.5,2.0,3.0,3.6,1.95,3.15,3.4,1.85,3.2,3.5,1.91,3.25,3.4,2.0,3.25,3.25,1.95,3.25,3.3,1.65,2.0,1.95,1.64,-0.5,,,,,,,,
T1,2004-08-15,Sakaryaspor,Denizlispor,1,2,A,1,1,D,2.6,3.2,2.37,2.75,3.4,2.2,2.6,3.2,2.35,2.8,3.1,2.2,2.5,3.25,2.4,2.75,3.25,2.25,2.65,3.2,2.3,1.71,1.95,1.43,2.35,0.5,,,,,,,,
T1,2004-08-15,Trabzonspor,A. Sebatspor,3,1,H,1,0,H,1.22,5.0,9.0,1.3,4.5,8.25,1.25,4.85,8.5,1.3,4.2,8.0,1.3,4.33,8.0,1.29,4.5,8.5,1.3,4.3,8.0,1.55,2.2,1.25,3.09,-0.5,,,,,,,,
T1,2004-08-21,Denizlispor,Besiktas,3,1,H,1,0,H,3.0,3.25,2.1,3.1,3.2,2.1,3.25,3.25,2.0,2.9,3.0,2.2,3.0,3.2,2.1,3.25,3.25,2.0,3.0,3.2,2.1,1.65,2.0,1.63,2.0,0.5,,,,,,,,
T1,2004-08-21,Genclerbirligi,Ankaraspor,1,1,D,0,1,A,1.615,3.5,4.5,1.55,3.5,5.5,1.6,3.55,4.6,1.6,3.4,4.6,1.62,3.4,5.0,1.57,3.4,5.5,1.7,3.4,4.15,1.65,2.0,1.6,2.0,-0.5,,,,,,,,
T1,2004-08-21,Istanbulspor,Fenerbahce,0,3,A,0,0,D,6.0,3.75,1.444,6.75,3.65,1.45,6.0,3.55,1.48,4.8,3.5,1.55,5.0,3.6,1.57,6.0,3.5,1.5,6.5,3.6,1.44,1.55,2.2,2.23,1.48,0.5,,,,,,,,
T1,2004-08-21,Malatyaspor,Trabzonspor,3,4,A,1,2,A,3.25,3.25,2.0,3.55,3.3,1.9,3.0,3.3,2.05,2.9,3.0,2.2,3.0,3.2,2.1,3.25,3.25,2.0,3.0,3.2,2.1,1.6,2.1,1.57,2.05,0.5,,,,,,,,
T1,2004-08-21,Samsunspor,Konyaspor,1,1,D,1,0,H,1.833,3.25,3.75,1.9,3.4,3.4,1.8,3.3,3.8,1.8,3.1,3.8,1.83,3.4,3.6,1.85,3.25,3.75,1.8,3.3,3.75,1.65,2.0,1.8,1.77,-0.5,,,,,,,,
T1,2004-08-22,A. Sebatspor,Diyarbakirspor,2,2,D,2,2,D,2.25,3.25,2.75,2.4,3.3,2.55,2.35,3.2,2.6,2.5,3.0,2.5,2.25,3.2,2.75,2.38,3.2,2.62,2.5,3.25,2.4,1.71,1.95,2.35,1.43,-0.5,,,,,,,,
T1,2004-08-22,Galatasaray,Rizespor,2,1,H,2,1,H,1.25,5.0,8.5,1.3,4.5,8.25,1.3,4.75,7.0,1.3,4.2,8.0,1.29,4.33,9.0,1.3,4.33,8.5,1.33,4.0,8.0,1.55,2.2,1.87,1.62,-1.5,,,,,,,,
T1,2004-08-22,Gaziantepspor,Sakaryaspor,1,0,H,0,0,D,1.4,3.75,7.0,1.55,3.5,5.5,1.45,3.6,6.5,1.5,3.7,5.0,1.4,3.75,7.0,1.44,3.6,7.0,1.4,3.75,7.0,1.6,2.1,2.25,1.42,-1.5,,,,,,,,
T1,2004-08-22,Kayserispor,Ankaragucu,1,1,D,1,0,H,2.4,3.4,2.4,2.6,3.3,2.35,2.35,3.25,2.55,2.3,3.0,2.7,2.4,3.2,2.6,2.5,3.2,2.5,2.55,3.25,2.35,1.71,1.95,2.35,1.43,-0.5,,,,,,,,
T1,2004-08-28,Ankaraspor,Denizlispor,3,2,H,1,1,D,2.75,3.2,2.2,3.0,3.3,2.1,2.9,3.2,2.15,2.7,3.0,2.3,2.75,3.2,2.2,2.75,3.25,2.25,2.9,3.15,2.15,1.65,2.0,1.52,2.15,0.5,,,,,,,,
T1,2004-08-28,Kayserispor,Fenerbahce,0,2,A,0,1,A,7.0,3.75,1.4,8.25,4.5,1.3,6.2,3.7,1.45,6.0,3.9,1.4,5.0,3.75,1.53,6.0,3.6,1.5,7.0,3.75,1.4,1.55,2.2,2.32,1.45,0.5,,,,,,,,
T1,2004-08-28,Konyaspor,Istanbulspor,2,1,H,0,0,D,1.83,3.2,3.75,1.85,3.4,3.6,1.83,3.25,3.7,1.9,3.1,3.5,2.0,3.4,3.0,1.91,3.25,3.5,1.85,3.3,3.6,1.65,2.0,1.83,1.73,-0.5,,,,,,,,
T1,2004-08-28,Rizespor,Samsunspor,2,0,H,2,0,H,2.0,3.2,3.2,2.1,3.3,3.0,2.1,3.3,2.9,2.1,3.0,3.1,2.1,3.4,2.8,2.1,3.25,3.0,2.1,3.2,3.0,1.65,2.0,2.1,1.54,-0.5,,,,,,,,
T1,2004-08-28,Sakaryaspor,Galatasaray,1,2,A,1,1,D,5.0,3.5,1.57,6.0,3.6,1.5,5.5,3.5,1.52,4.8,3.5,1.55,6.0,3.75,1.44,5.5,3.6,1.53,5.0,3.5,1.57,1.65,2.0,2.14,1.52,0.5,,,,,,,,
T1,2004-08-29,Ankaragucu,A. Sebatspor,2,1,H,1,1,D,1.66,3.4,4.33,1.7,3.4,4.3,1.65,3.4,4.5,1.65,3.3,4.4,1.73,3.6,3.75,1.67,3.4,4.5,1.65,3.4,4.5,1.65,2.0,1.65,1.94,-0.5,,,,,,,,
T1,2004-08-29,Besiktas,Gaziantepspor,3,4,A,0,2,A,1.66,3.4,4.33,1.6,3.5,5.0,1.6,3.45,4.75,1.6,3.4,4.6,1.57,3.75,4.5,1.67,3.4,4.5,1.6,3.4,4.8,1.6,2.1,1.6,2.0,-0.5,,,,,,,,
T1,2004-08-29,Diyarbakirspor,Malatyaspor,1,2,A,0,1,A,2.37,3.1,2.62,2.3,3.4,2.6,2.4,3.25,2.5,2.3,3.0,2.7,2.4,3.2,2.5,2.5,3.2,2.5,2.4,3.25,2.5,1.6,2.1,2.4,1.41,-0.5,,,,,,,,
T1,2004-08-29,Trabzonspor,Genclerbirligi,3,1,H,2,0,H,1.66,3.4,4.33,1.65,3.4,4.75,1.52,3.5,5.5,1.65,3.3,4.4,1.53,3.75,5.0,1.57,3.6,5.0,1.65,3.25,4.7,1.6,2.1,1.52,2.14,-0.5,,,,,,,,
T1,2004-09-11,A. Sebatspor,Fenerbahce,1,4,A,0,1,A,7.0,3.75,1.4,6.7,4.0,1.4,5.8,3.85,1.45,6.0,3.9,1.4,7.0,3.75,1.4,6.5,3.75,1.44,7.0,3.75,1.4,1.6,2.1,1.85,1.9,1.25,,,,,,,,
T1,2004-09-11,Denizlispor,Trabzonspor,0,2,A,0,0,D,2.625,3.2,2.375,3.0,3.3,2.1,2.65,3.1,2.38,2.5,3.0,2.5,2.75,3.25,2.2,2.62,3.2,2.37,2.5,3.25,2.4,1.71,1.95,1.8,1.95,0.25,,,,,,,,
T1,2004-09-11,Gaziantepspor,Ankaraspor,2,1,H,0,0,D,1.571,3.5,5.0,1.65,3.5,4.5,1.6,3.55,4.6,1.7,3.2,4.2,1.571,3.75,4.5,1.57,3.6,5.0,1.6,3.4,4.8,1.6,2.1,1.8,1.95,-0.75,,,,,,,,
T1,2004-09-11,Genclerbirligi,Diyarbakirspor,2,0,H,0,0,D,1.727,3.2,4.333,1.85,3.4,3.6,1.75,3.3,4.0,1.8,3.1,3.8,1.727,3.6,3.75,1.72,3.5,4.0,1.75,3.3,4.0,1.65,2.0,1.75,1.81,-0.5,,,,,,,,
T1,2004-09-12,Galatasaray,Samsunspor,3,1,H,0,1,A,1.25,5.0,8.0,1.25,5.0,9.0,1.3,4.2,8.5,1.35,4.0,7.0,1.25,5.0,9.0,1.33,4.2,8.0,1.3,4.33,8.0,1.5,2.3,1.8,1.95,-1.5,,,,,,,,
T1,2004-09-12,Istanbulspor,Rizespor,0,3,A,0,0,D,2.1,3.0,3.2,2.35,3.3,2.6,2.1,3.2,3.0,2.0,3.2,3.1,2.1,3.4,2.8,2.2,3.2,2.87,2.0,3.3,3.1,1.65,2.0,1.8,1.95,-0.25,,,,,,,,
T1,2004-09-12,Kayserispor,Konyaspor,2,2,D,1,0,H,2.2,3.2,2.8,2.1,3.3,3.0,2.15,3.2,2.9,2.2,3.0,2.9,2.2,3.25,2.75,2.25,3.2,2.8,2.15,3.3,2.8,1.6,2.1,1.95,1.8,-0.25,,,,,,,,
T1,2004-09-12,Malatyaspor,Ankaragucu,1,0,H,0,0,D,1.833,3.4,3.5,1.75,3.5,4.0,1.75,3.4,3.85,1.8,3.1,3.8,1.8,3.4,3.6,1.75,3.4,4.0,1.8,3.4,3.6,1.65,2.0,1.75,1.81,-0.5,,,,,,,,
T1,2004-09-12,Sakaryaspor,Besiktas,1,4,A,0,1,A,5.0,3.5,1.571,6.0,3.9,1.45,4.6,3.55,1.6,4.4,3.3,1.65,5.5,3.75,1.5,5.5,3.6,1.53,5.5,3.5,1.53,1.55,2.2,1.95,1.8,0.75,,,,,,,,
T1,2004-09-17,Diyarbakirspor,Denizlispor,0,1,A,0,0,D,2.5,3.2,2.5,2.65,3.15,2.4,2.6,3.1,2.4,2.5,3.0,2.5,2.5,3.25,2.4,2.5,3.2,2.5,2.65,3.2,2.3,1.65,2.0,1.9,1.8,0.0,,,,,,,,
T1,2004-09-18,Ankaraspor,Sakaryaspor,1,1,D,1,0,H,1.57,3.5,5.0,1.55,3.5,5.5,1.6,3.5,4.7,1.6,3.4,4.6,1.57,3.75,4.5,1.62,3.5,4.75,1.6,3.4,4.8,1.6,2.1,1.9,1.8,-1.0,,,,,,,,
T1,2004-09-18,Fenerbahce,Malatyaspor,3,1,H,1,1,D,1.36,4.0,7.5,1.3,4.5,8.25,1.3,4.5,7.5,1.33,4.0,7.5,1.3,4.5,7.5,1.36,4.0,7.5,1.33,4.2,7.5,1.6,2.1,1.3,2.81,-0.5,,,,,,,,
T1,2004-09-18,Konyaspor,A. Sebatspor,3,3,D,1,2,A,1.66,3.4,4.33,1.55,3.5,5.5,1.65,3.4,4.5,1.6,3.4,4.6,1.67,3.6,4.0,1.73,3.4,4.2,1.65,3.4,4.5,1.65,2.0,1.8,1.9,-0.75,,,,,,,,
T1,2004-09-18,Samsunspor,Istanbulspor,2,1,H,1,0,H,1.72,3.5,4.0,1.65,3.4,4.7,1.65,3.4,4.5,1.85,3.1,3.6,1.67,3.6,4.0,1.67,3.4,4.5,1.75,3.4,3.85,1.65,2.0,1.65,1.94,-0.5,,,,,,,,
T1,2004-09-19,Ankaragucu,Genclerbirligi,1,0,H,1,0,H,2.25,3.2,2.75,2.3,3.2,2.75,2.45,3.1,2.55,2.5,3.0,2.5,2.5,3.25,2.4,2.3,3.2,2.75,2.65,3.2,2.3,1.75,1.9,1.8,1.9,0.0,,,,,,,,
T1,2004-09-19,Besiktas,Galatasaray,0,0,D,0,0,D,2.25,3.0,2.87,2.1,3.2,3.1,2.15,3.2,2.9,2.3,3.0,2.7,2.2,3.25,2.88,2.2,3.2,2.88,2.2,3.0,3.0,1.79,1.85,1.8,1.9,-0.25,,,,,,,,
T1,2004-09-19,Rizespor,Kayserispor,2,1,H,1,1,D,1.66,3.4,4.33,1.5,3.6,6.0,1.6,3.5,4.7,1.6,3.4,4.6,1.67,3.6,4.0,1.67,3.4,4.5,1.6,3.4,4.8,1.65,2.0,1.9,1.8,-1.0,,,,,,,,
T1,2004-09-19,Trabzonspor,Gaziantepspor,0,0,D,0,0,D,1.57,3.5,5.0,1.65,3.5,4.5,1.65,3.4,4.5,1.5,3.7,5.0,1.67,3.6,4.0,1.67,3.4,4.5,1.65,3.4,4.5,1.6,2.1,1.8,1.9,-0.75,,,,,,,,
T1,2004-09-24,Genclerbirligi,Fenerbahce,1,2,A,0,0,D,3.6,3.4,1.8,4.5,3.5,1.65,3.8,3.4,1.77,3.2,3.1,2.0,3.5,3.4,1.83,3.8,3.2,1.83,4.2,3.4,1.7,1.6,2.1,1.79,1.77,0.5,,,,,,,,
T1,2004-09-25,A. Sebatspor,Rizespor,0,0,D,0,0,D,2.5,3.1,2.5,2.75,3.4,2.2,2.5,3.2,2.45,2.5,3.0,2.5,2.6,3.25,2.38,2.5,3.2,2.5,2.65,3.2,2.3,1.71,1.95,1.85,1.85,0.0,,,,,,,,
T1,2004-09-25,Besiktas,Ankaraspor,2,3,A,0,1,A,1.33,4.33,7.0,1.3,4.3,8.5,1.3,4.3,8.0,1.3,4.2,8.0,1.3,4.33,8.0,1.3,4.5,8.0,1.36,4.0,7.0,1.5,2.3,1.85,1.85,-1.5,,,,,,,,
T1,2004-09-25,Kayserispor,Samsunspor,1,4,A,0,1,A,2.37,3.2,2.6,2.4,3.4,2.5,2.3,3.2,2.65,2.3,3.0,2.7,2.38,3.25,2.6,2.38,3.1,2.7,2.35,3.2,2.6,1.65,2.0,2.0,1.73,-0.25,,,,,,,,
T1,2004-09-25,Sakaryaspor,Trabzonspor,1,3,A,1,1,D,7.0,3.75,1.4,8.25,4.5,1.3,7.0,3.6,1.42,5.4,3.8,1.45,7.0,3.75,1.4,7.5,3.75,1.4,6.4,3.85,1.4,1.5,2.3,1.8,1.9,1.25,,,,,,,,
T1,2004-09-26,Denizlispor,Ankaragucu,2,0,H,0,0,D,1.72,3.2,4.33,1.8,3.35,3.85,1.7,3.3,4.3,1.75,3.2,4.0,1.73,3.4,4.0,1.75,3.25,4.2,1.7,3.4,4.1,1.65,2.0,1.7,1.87,-0.5,,,,,,,,
T1,2004-09-26,Galatasaray,Istanbulspor,4,1,H,1,0,H,1.2,5.0,11.0,1.15,6.5,11.5,1.25,5.0,8.5,1.3,4.2,8.0,1.25,5.0,8.0,1.22,5.0,10.0,1.25,5.0,8.0,1.45,2.45,1.85,1.85,-1.75,,,,,,,,
T1,2004-09-26,Gaziantepspor,Diyarbakirspor,1,1,D,0,0,D,1.5,3.6,5.5,1.5,3.6,6.0,1.45,3.45,7.0,1.45,3.8,5.4,1.5,3.75,5.5,1.5,3.6,6.0,1.45,3.75,6.0,1.6,2.1,1.8,1.9,-1.0,,,,,,,,
T1,2004-09-26,Malatyaspor,Konyaspor,5,0,H,4,0,H,1.61,3.6,4.33,1.45,3.9,6.0,1.53,3.5,5.5,1.7,3.2,4.2,1.57,3.5,5.0,1.62,3.4,5.0,,,,1.6,2.1,1.9,1.8,-1.0,,,,,,,,
T1,2004-10-01,Ankaraspor,Galatasaray,0,2,A,0,1,A,4.5,3.5,1.61,4.5,3.5,1.65,4.25,3.3,1.7,4.0,3.2,1.75,3.75,3.6,1.73,4.5,3.4,1.67,4.5,3.3,1.66,1.65,2.0,1.95,1.8,0.75,,,,,,,,
T1,2004-10-02,Ankaragucu,Gaziantepspor,2,1,H,1,1,D,2.6,3.2,2.4,2.55,3.2,2.45,2.5,3.1,2.5,2.5,3.0,2.5,2.5,3.25,2.4,2.6,3.2,2.4,2.5,3.1,2.5,1.65,2.0,1.85,1.87,0.0,,,,,,,,
T1,2004-10-02,Diyarbakirspor,Sakaryaspor,1,0,H,0,0,D,1.53,3.5,5.5,1.55,3.5,5.5,1.55,3.35,5.55,1.65,3.3,4.4,1.5,3.75,5.5,1.57,3.4,5.5,1.55,3.6,5.0,1.65,2.0,1.85,1.9,-0.75,,,,,,,,
T1,2004-10-02,Fenerbahce,Denizlispor,2,0,H,0,0,D,1.36,4.0,7.0,1.35,4.2,7.5,1.31,4.3,8.0,1.4,3.9,6.0,1.36,4.0,7.5,1.36,4.0,7.5,1.33,4.2,7.5,1.6,2.1,1.31,2.8,-0.5,,,,,,,,
T1,2004-10-02,Rizespor,Malatyaspor,0,1,A,0,1,A,2.2,3.2,2.8,2.25,3.3,2.75,2.2,3.2,2.8,2.2,3.0,2.9,2.38,3.25,2.6,2.2,3.2,2.88,2.1,3.25,2.9,1.65,2.0,1.95,1.8,-0.25,,,,,,,,
T1,2004-10-03,Istanbulspor,Kayserispor,2,0,H,0,0,D,2.1,3.25,3.0,2.0,3.45,3.1,2.0,3.3,3.1,1.9,3.3,3.3,2.0,3.4,3.0,2.05,3.25,3.1,2.0,3.3,3.1,1.65,2.0,2.0,1.6,-0.5,,,,,,,,
T1,2004-10-03,Konyaspor,Genclerbirligi,3,2,H,1,1,D,2.4,3.2,2.6,2.5,3.4,2.4,2.5,3.1,2.5,2.3,3.1,2.6,2.4,3.25,2.5,2.5,3.2,2.5,2.55,3.15,2.4,1.65,2.0,1.87,1.89,0.0,,,,,,,,
T1,2004-10-03,Samsunspor,A. Sebatspor,3,0,H,1,0,H,1.66,3.4,4.33,1.65,3.5,4.5,1.65,3.3,4.65,1.65,3.3,4.4,1.57,3.6,5.0,1.67,3.4,4.5,1.65,3.3,4.7,1.65,2.0,1.87,1.85,-0.75,,,,,,,,
T1,2004-10-03,Trabzonspor,Besiktas,1,0,H,1,0,H,2.0,3.2,3.2,1.9,3.35,3.5,1.95,3.25,3.3,1.85,3.2,3.5,1.83,3.4,3.5,1.91,3.25,3.5,2.1,3.2,3.0,1.65,2.0,1.95,1.64,-0.5,,,,,,,,
T1,2004-10-16,Besiktas,Diyarbakirspor,4,0,H,2,0,H,1.5,3.4,6.0,1.4,4.0,6.75,1.43,3.6,6.65,1.5,3.7,5.0,1.57,3.6,5.0,1.44,3.75,6.5,1.5,3.4,6.0,1.65,2.0,2.07,1.46,-1.5,,,,,,,,
T1,2004-10-16,Gaziantepspor,Fenerbahce,0,1,A,0,0,D,3.5,3.2,1.9,4.0,3.45,1.75,3.5,3.2,1.9,3.2,3.1,2.0,3.6,3.4,1.8,3.5,3.25,1.91,3.5,3.2,1.9,1.65,2.0,1.67,1.9,0.5,,,,,,,,
T1,2004-10-16,Genclerbirligi,Rizespor,2,1,H,2,0,H,1.8,3.3,3.75,1.8,3.45,3.75,1.8,3.25,3.75,1.75,3.2,4.0,1.73,3.6,3.75,1.83,3.3,3.75,1.8,3.3,3.75,1.65,2.0,1.8,1.74,-0.5,,,,,,,,
T1,2004-10-16,Sakaryaspor,Ankaragucu,1,0,H,1,0,H,3.0,3.2,2.1,3.6,3.4,1.85,3.05,3.25,2.1,2.7,3.0,2.3,3.25,3.4,1.91,3.1,3.2,2.1,3.2,3.2,2.0,1.65,2.0,1.57,2.1,0.5,,,,,,,,
T1,2004-10-17,A. Sebatspor,Istanbulspor,2,2,D,1,2,A,2.0,3.2,3.2,2.1,3.5,2.85,2.15,3.25,2.8,2.2,3.1,2.8,2.2,3.25,2.75,2.2,3.25,2.8,2.3,3.15,2.7,1.71,1.95,2.15,1.5,-0.5,,,,,,,,
T1,2004-10-17,Ankaraspor,Trabzonspor,1,1,D,0,0,D,4.5,3.5,1.61,4.3,3.4,1.7,4.75,3.4,1.6,4.4,3.3,1.65,4.0,3.6,1.67,4.5,3.4,1.67,4.5,3.4,1.65,1.65,2.0,1.98,1.6,0.5,,,,,,,,
T1,2004-10-17,Denizlispor,Konyaspor,2,1,H,1,0,H,1.57,3.5,5.0,1.55,3.5,5.5,1.6,3.4,4.75,1.65,3.3,4.4,1.62,3.6,4.5,1.57,3.6,5.0,1.5,3.6,5.5,1.6,2.1,1.6,1.98,-0.5,,,,,,,,
T1,2004-10-17,Galatasaray,Kayserispor,5,1,H,2,0,H,1.16,6.0,10.0,1.15,6.0,13.0,1.15,6.0,13.0,1.15,6.0,12.0,1.17,5.5,13.0,1.17,6.0,11.0,1.14,6.0,12.0,,,,,,,,,,,,,
T1,2004-10-17,Malatyaspor,Samsunspor,1,2,A,0,1,A,1.72,3.4,4.0,1.8,3.35,3.85,1.7,3.3,4.25,1.75,3.2,4.0,1.67,3.6,4.0,1.73,3.25,4.33,1.7,3.4,4.2,1.6,2.1,1.7,1.86,-0.5,,,,,,,,
T1,2004-10-23,Istanbulspor,Malatyaspor,0,2,A,0,0,D,2.75,3.25,2.2,2.85,3.35,2.15,2.75,3.25,2.2,3.1,3.0,2.1,2.75,3.25,2.2,2.88,3.2,2.2,2.75,3.25,2.2,1.65,2.0,1.49,2.2,0.5,,,,,,,,
T1,2004-10-23,Konyaspor,Gaziantepspor,2,2,D,1,1,D,2.4,3.4,2.4,2.35,3.15,2.7,2.35,3.3,2.5,2.5,3.0,2.5,2.2,3.25,2.75,2.4,3.2,2.6,2.5,3.15,2.45,1.6,2.1,2.35,1.42,-0.5,,,,,,,,
T1,2004-10-23,Samsunspor,Genclerbirligi,2,0,H,1,0,H,1.8,3.4,3.75,1.85,3.35,3.7,1.87,3.3,3.5,1.9,3.1,3.5,1.83,3.4,3.5,1.83,3.25,4.0,1.9,3.3,3.3,1.6,2.1,1.87,1.7,-0.5,,,,,,,,
T1,2004-10-23,Trabzonspor,Galatasaray,0,1,A,0,0,D,2.2,3.25,2.75,2.35,3.25,2.65,2.2,3.25,2.75,2.3,3.0,2.7,2.38,3.25,2.6,2.25,3.2,2.8,2.37,3.1,2.62,1.75,1.9,2.2,1.49,-0.5,,,,,,,,
T1,2004-10-24,Ankaragucu,Besiktas,1,4,A,1,2,A,3.2,3.4,1.9,3.3,3.55,1.9,3.4,3.3,1.9,3.2,3.1,2.0,3.25,3.4,1.91,3.5,3.25,1.91,3.1,3.3,2.0,1.65,2.0,1.67,1.9,0.5,,,,,,,,
T1,2004-10-24,Diyarbakirspor,Ankaraspor,1,0,H,0,0,D,2.0,3.2,3.2,2.15,3.2,3.0,2.05,3.3,3.0,2.0,3.1,3.2,2.1,3.4,2.8,2.1,3.2,3.1,2.2,3.2,2.8,1.65,2.0,2.05,1.57,-0.5,,,,,,,,
T1,2004-10-24,Fenerbahce,Sakaryaspor,6,0,H,3,0,H,1.14,6.0,13.0,1.15,6.0,13.0,1.14,6.0,12.6,1.15,6.0,12.0,1.1,7.0,15.0,1.14,6.0,13.0,1.14,6.0,12.0,1.45,2.45,1.14,4.06,-0.5,,,,,,,,
T1,2004-10-24,Kayserispor,A. Sebatspor,4,1,H,3,0,H,2.1,3.25,3.0,2.15,3.3,2.9,2.1,3.25,2.95,2.2,2.9,3.0,2.2,3.25,2.75,2.2,3.1,3.0,2.2,3.1,2.9,1.65,2.0,2.1,1.55,-0.5,,,,,,,,
T1,2004-10-24,Rizespor,Denizlispor,2,0,H,1,0,H,2.25,3.2,2.75,2.2,3.2,2.9,2.25,3.25,2.7,2.3,3.0,2.7,2.2,3.25,2.75,2.25,3.1,2.88,2.35,3.25,2.55,1.65,2.0,2.25,1.47,-0.5,,,,,,,,
T1,2004-10-29,Trabzonspor,Diyarbakirspor,4,1,H,2,0,H,1.3,4.33,8.0,1.35,4.2,7.5,1.3,4.5,7.5,1.35,4.0,7.0,1.4,3.75,7.0,1.25,5.0,9.0,1.33,4.0,8.0,1.6,2.1,1.8,1.63,-1.5,,,,,,,,
T1,2004-10-30,Besiktas,Fenerbahce,2,1,H,0,0,D,2.62,3.1,2.37,2.6,3.3,2.35,2.6,3.15,2.45,2.5,3.0,2.5,2.5,3.25,2.38,2.75,3.2,2.3,2.62,3.1,2.37,1.71,1.95,1.42,2.45,0.5,,,,,,,,
T1,2004-10-30,Denizlispor,Samsunspor,2,0,H,2,0,H,1.9,3.25,3.4,1.95,3.25,3.4,1.9,3.2,3.55,1.9,3.1,3.5,1.91,3.4,3.25,1.91,3.2,3.6,1.9,3.25,3.4,1.65,2.0,1.9,1.68,-0.5,,,,,,,,
T1,2004-10-30,Gaziantepspor,Rizespor,0,1,A,0,1,A,1.72,3.4,4.0,1.85,3.35,3.65,1.8,3.3,3.8,1.65,3.3,4.4,1.73,3.5,3.75,1.83,3.25,3.75,1.7,3.4,4.1,1.71,1.95,1.8,1.77,-0.5,,,,,,,,
T1,2004-10-30,Genclerbirligi,Istanbulspor,1,0,H,1,0,H,1.57,3.5,5.0,1.65,3.5,4.5,1.6,3.5,4.7,1.45,3.8,5.4,1.67,3.6,4.0,1.62,3.5,4.75,1.55,3.6,5.0,1.65,2.0,1.55,2.06,-0.5,,,,,,,,
T1,2004-10-31,Ankaraspor,Ankaragucu,2,0,H,1,0,H,2.37,3.1,2.62,2.3,3.25,2.7,2.35,3.15,2.65,2.3,3.0,2.7,2.38,3.25,2.6,2.5,3.2,2.5,2.5,3.25,2.4,1.75,1.9,2.35,1.44,-0.5,,,,,,,,
T1,2004-10-31,Galatasaray,A. Sebatspor,2,0,H,0,0,D,1.08,7.5,15.0,1.08,8.0,16.0,1.12,6.3,14.0,1.12,6.5,13.0,1.1,7.0,13.0,1.11,7.0,13.0,1.1,7.0,13.0,,,,,,,,,,,,,
T1,2004-10-31,Malatyaspor,Kayserispor,0,1,A,0,1,A,1.36,4.0,7.0,1.45,3.9,6.0,1.4,4.0,6.3,1.35,4.0,7.0,1.4,3.75,7.0,1.4,3.75,7.5,1.3,4.5,7.5,1.55,2.2,2.0,1.5,-1.5,,,,,,,,
T1,2004-10-31,Sakaryaspor,Konyaspor,1,4,A,1,2,A,2.3,3.25,2.62,2.55,3.2,2.45,2.55,3.1,2.45,2.4,3.0,2.6,2.6,3.25,2.38,2.5,3.2,2.5,2.35,3.2,2.6,1.65,2.0,1.4,2.45,0.5,,,,,,,,
T1,2004-11-05,Diyarbakirspor,Galatasaray,2,0,H,1,0,H,5.5,3.6,1.5,6.0,3.6,1.5,5.25,3.5,1.55,4.6,3.4,1.6,5.0,3.6,1.57,4.5,3.4,1.67,4.8,3.4,1.6,1.65,2.0,2.27,1.45,0.5,,,,,,,,
T1,2004-11-06,A. Sebatspor,Malatyaspor,1,1,D,0,0,D,3.4,3.25,1.9,3.6,3.4,1.85,3.7,3.25,1.85,3.5,3.2,1.85,3.6,3.4,1.8,3.6,3.2,1.91,3.55,3.3,1.85,1.65,2.0,1.73,1.85,0.5,,,,,,,,
T1,2004-11-06,Fenerbahce,Ankaraspor,1,0,H,1,0,H,1.22,5.0,9.0,1.2,5.5,10.5,1.23,5.0,9.5,1.25,4.5,9.0,1.2,5.5,9.0,1.2,5.5,10.0,1.22,5.0,9.5,1.5,2.3,1.23,3.28,-0.5,,,,,,,,
T1,2004-11-06,Istanbulspor,Denizlispor,1,1,D,1,1,D,3.2,3.2,2.0,3.5,3.35,1.9,3.25,3.2,2.0,3.4,3.2,1.9,3.2,3.2,2.0,3.25,3.25,2.0,3.1,3.3,2.0,1.71,1.95,1.61,2.0,0.5,,,,,,,,
T1,2004-11-06,Samsunspor,Gaziantepspor,1,3,A,0,2,A,1.9,3.25,3.4,1.75,3.45,4.0,1.9,3.25,3.5,1.85,3.1,3.6,1.91,3.4,3.25,1.91,3.4,3.4,1.8,3.35,3.7,1.71,1.95,1.9,1.69,-0.5,,,,,,,,
T1,2004-11-07,Ankaragucu,Trabzonspor,0,2,A,0,1,A,3.75,3.2,1.8,3.6,3.4,1.85,4.0,3.2,1.8,3.7,3.2,1.8,4.0,3.4,1.73,3.5,3.25,1.91,4.0,3.4,1.72,1.65,2.0,1.81,1.75,0.5,,,,,,,,
T1,2004-11-07,Kayserispor,Genclerbirligi,1,2,A,1,1,D,2.4,3.1,2.6,2.3,3.25,2.7,2.38,3.1,2.65,2.3,3.1,2.6,2.4,3.25,2.5,2.4,3.2,2.6,2.35,3.2,2.6,1.71,1.95,2.38,1.43,-0.5,,,,,,,,
T1,2004-11-07,Konyaspor,Besiktas,2,2,D,0,1,A,3.4,3.6,1.8,4.15,3.5,1.7,4.0,3.25,1.77,3.8,3.3,1.75,4.0,3.5,1.73,3.75,3.3,1.83,4.0,3.4,1.72,1.65,2.0,1.79,1.77,0.5,,,,,,,,
T1,2004-11-07,Rizespor,Sakaryaspor,2,0,H,1,0,H,1.44,3.75,6.0,1.4,4.0,6.75,1.4,3.9,6.75,1.4,3.9,6.0,1.4,3.75,7.0,1.44,3.75,6.5,1.4,3.8,6.75,1.65,2.0,1.4,2.47,-0.5,,,,,,,,
T1,2004-11-20,Ankaraspor,Konyaspor,1,3,A,0,0,D,2.0,3.2,3.2,2.0,3.3,3.25,2.0,3.2,3.2,1.9,3.2,3.4,2.0,3.4,3.0,2.0,3.25,3.25,1.75,3.4,3.85,1.65,2.0,2.0,1.6,-0.5,,,,,,,,
T1,2004-11-20,Galatasaray,Malatyaspor,1,1,D,0,1,A,1.4,3.75,7.0,1.45,3.85,6.05,1.4,4.0,6.5,1.4,3.9,6.0,1.4,4.0,6.5,1.44,3.75,6.5,1.33,4.33,7.0,1.55,2.2,1.95,1.52,-1.5,,,,,,,,
T1,2004-11-20,Sakaryaspor,Samsunspor,4,2,H,3,0,H,3.2,3.2,2.0,3.6,3.4,1.85,3.5,3.2,1.9,3.4,3.2,1.9,3.5,3.4,1.83,3.4,3.25,1.95,3.25,3.3,1.95,1.65,2.0,1.67,1.9,0.5,,,,,,,,
T1,2004-11-20,Trabzonspor,Fenerbahce,0,2,A,0,1,A,2.37,3.2,2.6,2.3,3.2,2.75,2.35,3.0,2.75,2.4,2.9,2.7,2.4,3.2,2.6,2.38,3.1,2.7,2.5,3.1,2.5,1.75,1.9,2.35,1.43,-0.5,,,,,,,,
T1,2004-11-21,Besiktas,Rizespor,2,2,D,0,1,A,1.5,3.6,5.5,1.45,3.7,6.5,1.45,3.75,6.0,1.4,3.9,6.0,1.4,4.0,6.5,1.5,3.75,5.5,1.44,3.75,6.0,1.6,2.1,2.11,1.44,-1.5,,,,,,,,
T1,2004-11-21,Denizlispor,Kayserispor,2,1,H,0,0,D,1.4,3.75,7.0,1.45,3.7,6.5,1.45,3.75,6.0,1.35,4.0,7.0,1.44,4.0,6.0,1.44,3.75,6.5,1.35,4.2,7.0,1.55,2.2,2.11,1.44,-1.5,,,,,,,,
T1,2004-11-21,Diyarbakirspor,Ankaragucu,0,1,A,0,1,A,1.9,3.25,3.5,1.85,3.5,3.5,1.85,3.25,3.6,1.75,3.2,4.0,1.83,3.4,3.5,1.91,3.25,3.5,1.75,3.4,3.85,1.65,2.0,1.85,1.71,-0.5,,,,,,,,
T1,2004-11-21,Gaziantepspor,Istanbulspor,0,1,A,0,0,D,1.5,3.6,5.5,1.5,3.6,6.0,1.45,3.75,6.0,1.45,3.8,5.4,1.5,3.75,5.5,1.53,3.6,5.5,1.4,4.1,6.0,1.65,2.0,2.11,1.44,-1.5,,,,,,,,
T1,2004-11-21,Genclerbirligi,A. Sebatspor,1,1,D,1,0,H,1.4,3.75,7.0,1.55,3.5,5.5,1.45,3.75,6.0,1.4,3.9,6.0,1.44,4.0,6.0,1.53,3.6,5.5,1.45,3.65,6.2,1.65,2.0,2.11,1.44,-1.5,,,,,,,,
T1,2004-11-26,Ankaragucu,Galatasaray,0,1,A,0,1,A,4.5,3.5,1.61,4.7,3.4,1.65,4.65,3.3,1.65,4.4,3.3,1.65,4.5,3.4,1.67,5.0,3.4,1.67,3.75,3.3,1.8,1.65,2.0,1.93,1.65,0.5,,,,,,,,
T1,2004-11-27,Fenerbahce,Diyarbakirspor,3,0,H,2,0,H,1.16,5.5,11.0,1.15,6.0,13.0,1.2,5.0,11.0,1.2,5.0,10.0,1.17,5.5,13.0,1.17,6.0,13.0,1.2,5.0,11.0,1.55,2.3,,,,,,,,,,,
T1,2004-11-27,Kayserispor,Gaziantepspor,3,1,H,0,0,D,3.0,3.2,2.1,3.15,3.4,2.0,2.95,3.2,2.1,3.1,3.0,2.1,3.0,3.2,2.1,3.0,3.25,2.2,3.1,3.3,2.0,1.6,2.1,1.53,2.1,0.5,,,,,,,,
T1,2004-11-27,Konyaspor,Trabzonspor,1,1,D,0,1,A,3.75,3.3,1.8,3.95,3.45,1.75,3.85,3.25,1.8,3.6,3.1,1.85,4.0,3.2,1.8,4.0,3.3,1.83,3.6,3.4,1.8,1.6,2.1,1.76,1.8,0.5,,,,,,,,
T1,2004-11-27,Rizespor,Ankaraspor,2,1,H,0,1,A,1.61,3.5,4.5,1.6,3.5,4.9,1.62,3.35,4.75,1.65,3.3,4.4,1.62,3.6,4.5,1.67,3.5,4.75,1.65,3.5,4.3,1.65,2.0,1.62,1.96,-0.5,,,,,,,,
T1,2004-11-28,A. Sebatspor,Denizlispor,2,1,H,1,0,H,3.6,3.25,1.83,3.95,3.3,1.8,3.7,3.2,1.85,3.2,3.1,2.0,3.75,3.25,1.83,4.0,3.25,1.85,3.6,3.4,1.8,1.71,1.95,1.72,1.85,0.5,,,,,,,,
T1,2004-11-28,Istanbulspor,Sakaryaspor,3,0,H,1,0,H,1.72,3.4,4.0,1.85,3.4,3.6,1.8,3.25,3.85,1.8,3.3,3.6,1.73,3.4,4.0,1.85,3.4,3.8,1.85,3.4,3.45,1.8,1.8,1.8,1.76,-0.5,,,,,,,,
T1,2004-11-28,Malatyaspor,Genclerbirligi,0,2,A,0,1,A,1.8,3.3,3.75,1.85,3.4,3.6,1.85,3.2,3.7,1.85,3.1,3.6,1.8,3.2,4.0,1.91,3.25,3.75,1.85,3.35,3.5,1.65,2.0,1.85,1.72,-0.5,,,,,,,,
T1,2004-11-28,Samsunspor,Besiktas,2,4,A,0,0,D,4.33,3.4,1.66,3.75,3.45,1.8,4.0,3.3,1.7,3.4,3.2,1.9,4.0,3.4,1.73,4.33,3.5,1.73,4.33,3.4,1.66,1.6,2.0,,,,,,,,,,,
T1,2004-12-03,Fenerbahce,Ankaragucu,5,0,H,1,0,H,1.2,5.5,9.0,1.12,7.0,13.0,1.17,5.5,12.0,1.17,5.5,11.0,1.14,6.0,13.0,1.14,6.0,15.0,1.14,6.5,10.0,1.5,2.3,,,,,,,,,,,
T1,2004-12-04,Denizlispor,Malatyaspor,0,0,D,0,0,D,1.83,3.25,3.6,1.85,3.4,3.6,1.9,3.25,3.5,1.85,3.1,3.6,1.91,3.25,3.4,1.85,3.3,3.75,1.85,3.4,3.5,1.65,2.0,1.9,1.69,-0.5,,,,,,,,
T1,2004-12-04,Diyarbakirspor,Konyaspor,3,3,D,1,0,H,2.2,3.1,2.87,2.1,3.3,3.0,2.2,3.0,3.0,2.1,2.9,3.2,2.1,3.2,3.0,2.2,3.25,2.88,2.0,3.3,3.1,1.71,1.95,2.2,1.5,-0.5,,,,,,,,
T1,2004-12-04,Genclerbirligi,Galatasaray,1,3,A,0,1,A,3.3,3.1,2.0,3.45,3.35,1.9,3.25,3.2,2.0,3.2,2.9,2.1,3.2,3.2,2.0,3.3,3.2,2.0,3.6,3.4,1.8,1.71,1.95,1.61,2.0,0.5,,,,,,,,
T1,2004-12-04,Trabzonspor,Rizespor,1,0,H,1,0,H,1.57,3.5,5.0,1.55,3.45,5.6,1.52,3.55,5.5,1.55,3.5,4.8,1.53,3.75,5.0,1.53,3.6,5.5,1.53,3.6,5.0,1.6,2.1,1.52,2.16,-0.5,,,,,,,,
T1,2004-12-05,Ankaraspor,Samsunspor,0,1,A,0,1,A,2.1,3.2,3.0,2.0,3.35,3.2,2.0,3.2,3.25,1.85,3.2,3.5,2.1,3.2,3.0,2.0,3.3,3.2,2.05,3.3,3.0,1.65,2.0,2.0,1.61,-0.5,,,,,,,,
T1,2004-12-05,Besiktas,Istanbulspor,2,1,H,1,1,D,1.36,4.0,7.0,1.25,4.8,9.5,1.32,4.25,8.0,1.4,3.9,6.0,1.33,4.33,7.5,1.33,4.33,7.5,1.25,4.5,9.5,1.55,2.2,1.32,2.78,-0.5,,,,,,,,
T1,2004-12-05,Gaziantepspor,A. Sebatspor,6,4,H,3,2,H,1.5,3.6,5.5,1.55,3.5,5.5,1.55,3.5,5.25,1.55,3.5,4.8,1.5,3.75,5.5,1.5,3.6,6.0,1.45,3.8,5.8,1.6,2.1,1.55,2.1,-0.5,,,,,,,,
T1,2004-12-05,Sakaryaspor,Kayserispor,4,2,H,3,1,H,2.3,3.1,2.7,2.3,3.2,2.75,2.25,3.0,2.9,2.2,3.0,2.9,2.25,3.25,2.75,2.2,3.25,2.88,2.2,3.25,2.75,1.71,1.95,2.25,1.47,-0.5,,,,,,,,
T1,2004-12-10,Kayserispor,Besiktas,1,2,A,1,0,H,5.5,3.4,1.53,6.0,3.6,1.5,5.2,3.5,1.55,5.0,3.7,1.5,5.0,3.75,1.53,5.5,3.4,1.57,5.5,3.6,1.5,1.5,2.3,2.09,1.55,0.5,,,,,,,,
T1,2004-12-11,A. Sebatspor,Sakaryaspor,0,1,A,0,0,D,1.83,3.25,3.6,1.85,3.4,3.6,1.9,3.25,3.45,1.75,3.2,4.0,1.8,3.4,3.75,1.91,3.25,3.5,1.95,3.4,3.15,1.65,2.0,1.9,1.67,-0.5,,,,,,,,
T1,2004-12-11,Istanbulspor,Ankaraspor,1,1,D,1,0,H,2.0,3.2,3.2,2.0,3.3,3.25,2.05,3.1,3.2,2.0,3.1,3.2,2.0,3.25,3.25,2.05,3.2,3.2,2.25,3.3,2.65,1.75,1.9,2.05,1.57,-0.5,,,,,,,,
T1,2004-12-11,Malatyaspor,Gaziantepspor,2,1,H,0,0,D,2.1,3.2,3.0,2.1,3.3,3.0,2.05,3.1,3.2,2.0,3.1,3.2,2.0,3.25,3.25,2.1,3.2,3.1,1.95,3.2,3.35,1.71,1.95,2.05,1.57,-0.5,,,,,,,,
T1,2004-12-11,Samsunspor,Trabzonspor,0,4,A,0,1,A,3.6,3.4,1.8,4.0,3.45,1.75,3.75,3.2,1.83,4.0,3.3,1.7,4.0,3.4,1.73,4.0,3.4,1.75,3.75,3.2,1.83,1.6,2.1,1.73,1.83,0.5,,,,,,,,
T1,2004-12-12,Galatasaray,Fenerbahce,1,0,H,0,0,D,2.25,3.2,2.75,2.35,3.3,2.6,2.4,3.1,2.6,2.4,2.9,2.7,2.38,3.0,2.75,2.3,3.1,2.8,2.37,3.1,2.62,1.75,1.9,2.4,1.41,-0.5,,,,,,,,
T1,2004-12-12,Genclerbirligi,Denizlispor,1,3,A,1,2,A,2.0,3.2,3.2,1.9,3.35,3.45,2.05,3.1,3.2,2.0,3.1,3.2,2.0,3.25,3.25,2.05,3.1,3.3,1.95,3.3,3.25,1.71,1.95,2.05,1.57,-0.5,,,,,,,,
T1,2004-12-12,Konyaspor,Ankaragucu,3,4,A,1,1,D,1.72,3.3,4.2,1.75,3.45,4.0,1.8,3.25,3.85,1.75,3.2,4.0,1.8,3.0,4.33,1.85,3.25,3.75,1.75,3.3,4.0,1.65,2.0,1.8,1.76,-0.5,,,,,,,,
T1,2004-12-12,Rizespor,Diyarbakirspor,3,0,H,1,0,H,1.61,3.5,4.5,1.6,3.5,4.9,1.55,3.4,5.25,1.6,3.4,4.6,1.57,3.4,5.0,1.53,3.6,5.5,1.61,3.3,5.0,1.65,2.0,,,,,,,,,,,
T1,2004-12-17,Denizlispor,Galatasaray,0,0,D,0,0,D,3.5,3.2,1.9,3.6,3.4,1.85,3.65,3.25,1.85,3.5,3.1,1.9,3.4,3.25,1.91,3.6,3.2,1.91,3.6,3.3,1.83,1.71,1.95,1.72,1.85,0.5,,,,,,,,
T1,2004-12-18,Ankaragucu,Rizespor,0,0,D,0,0,D,2.4,3.1,2.6,2.3,3.2,2.75,2.35,3.2,2.6,2.2,3.0,2.9,2.38,3.25,2.6,2.38,3.1,2.7,2.3,3.1,2.7,1.71,1.95,2.35,1.43,-0.5,,,,,,,,
T1,2004-12-18,Fenerbahce,Konyaspor,3,0,H,1,0,H,1.2,5.0,11.0,1.15,6.0,13.0,1.2,5.25,11.0,1.22,4.8,9.5,1.17,5.5,13.0,1.17,6.0,11.0,1.2,5.0,11.0,1.45,2.45,1.2,3.55,-0.5,,,,,,,,
T1,2004-12-18,Gaziantepspor,Genclerbirligi,1,0,H,1,0,H,1.83,3.2,3.75,1.75,3.45,3.95,1.85,3.25,3.65,1.9,3.1,3.5,1.83,3.25,3.75,1.83,3.2,3.75,1.85,3.3,3.5,1.71,1.95,1.85,1.72,-0.5,,,,,,,,
T1,2004-12-18,Trabzonspor,Istanbulspor,1,1,D,1,0,H,1.25,4.5,9.5,1.25,4.8,9.5,1.25,4.5,10.0,1.27,4.3,8.5,1.29,4.5,9.0,1.25,5.0,9.0,1.3,4.3,8.0,1.45,2.45,1.25,3.1,-0.5,,,,,,,,
T1,2004-12-19,Ankaraspor,Kayserispor,4,1,H,1,0,H,1.8,3.25,3.75,1.75,3.4,4.05,1.75,3.3,4.0,1.8,3.1,3.8,1.8,3.25,4.0,1.67,3.4,4.5,1.8,3.3,3.75,1.71,1.95,2.85,1.22,-1.5,,,,,,,,
T1,2004-12-19,Besiktas,A. Sebatspor,6,1,H,2,0,H,1.16,5.5,11.0,1.15,6.0,13.0,1.16,5.75,12.0,1.2,5.0,10.0,1.2,5.0,11.0,1.17,5.5,13.0,1.22,5.0,9.5,,,1.16,3.89,-0.5,,,,,,,,
T1,2004-12-19,Diyarbakirspor,Samsunspor,3,0,H,1,0,H,2.0,3.2,3.2,1.9,3.35,3.45,2.0,3.2,3.2,1.9,3.2,3.4,2.0,3.25,3.25,2.0,3.2,3.3,1.95,3.15,3.4,1.71,1.95,2.0,1.6,-0.5,,,,,,,,
T1,2004-12-19,Sakaryaspor,Malatyaspor,4,1,H,0,0,D,2.8,3.2,2.2,3.0,3.3,2.1,2.9,3.2,2.15,2.7,3.0,2.3,3.0,3.2,2.1,2.88,3.1,2.25,3.05,3.2,2.05,1.6,2.1,1.52,2.15,0.5,,,,,,,,
T1,2005-01-28,Konyaspor,Galatasaray,0,2,A,0,2,A,5.0,3.5,1.57,5.1,3.45,1.6,4.6,3.4,1.65,4.6,3.4,1.6,4.5,3.6,1.615,5.0,3.4,1.615,4.6,3.4,1.65,,,,,,,,,,,,,
T1,2005-01-29,Ankaraspor,A. Sebatspor,2,1,H,1,0,H,1.5,3.6,5.5,1.4,3.9,7.0,1.45,3.55,6.55,1.55,3.5,4.8,1.444,3.75,6.5,,,,1.45,3.55,6.55,,,,,,,,,,,,,
T1,2005-01-29,Besiktas,Malatyaspor,1,0,H,0,0,D,1.44,3.75,6.0,1.55,3.5,5.5,1.47,3.65,5.8,1.45,3.8,5.4,1.5,3.75,5.5,1.5,3.6,6.0,1.47,3.65,5.8,,,,,,,,,,,,,
T1,2005-01-29,Diyarbakirspor,Istanbulspor,1,0,H,0,0,D,1.5,3.39,6.5,1.7,3.3,4.5,1.73,3.2,4.3,1.75,3.2,4.0,1.615,3.5,4.5,1.667,3.25,4.75,1.73,3.2,4.3,,,,,,,,,,,,,
T1,2005-01-29,Sakaryaspor,Genclerbirligi,2,2,D,1,2,A,2.62,3.2,2.37,2.35,3.5,2.5,2.45,3.25,2.45,2.4,3.1,2.5,2.5,3.25,2.4,2.6,3.2,2.4,2.45,3.25,2.45,,,,,,,,,,,,,
T1,2005-01-30,Ankaragucu,Samsunspor,1,2,A,0,0,D,1.9,3.39,3.39,2.0,3.2,3.35,2.0,3.2,3.2,2.0,3.2,3.1,1.8,3.4,3.6,1.8,3.25,4.0,2.0,3.2,3.2,,,,,,,,,,,,,
T1,2005-01-30,Fenerbahce,Rizespor,2,0,H,1,0,H,1.16,5.5,13.0,1.25,4.75,9.6,1.23,5.0,9.0,1.25,4.5,9.0,1.2,5.5,10.0,1.25,5.0,9.0,1.23,5.0,9.0,,,,,,,,,,,,,
T1,2005-01-30,Gaziantepspor,Denizlispor,3,1,H,2,0,H,2.2,3.2,2.79,2.15,3.2,3.0,2.2,3.2,2.8,2.2,3.1,2.8,2.2,3.2,2.8,2.25,3.1,2.875,2.2,3.2,2.8,,,,,,,,,,,,,
T1,2005-01-30,Trabzonspor,Kayserispor,3,1,H,1,0,H,1.19,5.5,9.0,1.2,5.5,10.5,1.2,5.0,11.0,1.22,4.8,9.5,1.2,5.5,10.0,1.2,5.5,10.0,1.2,5.0,11.0,,,,,,,,,,,,,
T1,2005-02-04,Galatasaray,Gaziantepspor,5,1,H,4,0,H,1.25,4.5,10.0,1.2,5.5,10.5,1.25,4.5,9.8,1.27,4.3,8.5,1.25,5.0,9.0,1.25,5.0,8.5,1.2,5.5,9.0,1.55,2.2,1.69,1.74,-1.5,,,,,,,,
T1,2005-02-05,Kayserispor,Diyarbakirspor,3,0,H,1,0,H,2.5,3.2,2.5,2.55,3.2,2.45,2.4,3.1,2.6,2.45,3.1,2.45,2.4,3.25,2.5,2.4,3.2,2.6,2.45,3.25,2.45,1.65,2.0,2.4,1.41,-0.5,,,,,,,,
T1,2005-02-05,Malatyaspor,Ankaraspor,2,1,H,1,1,D,1.9,3.0,3.75,1.9,3.35,3.45,1.85,3.2,3.7,1.85,3.2,3.5,1.73,3.4,4.0,1.85,3.25,3.75,1.8,3.4,3.6,1.65,2.0,1.85,1.72,-0.5,,,,,,,,
T1,2005-02-05,Rizespor,Konyaspor,1,1,D,1,0,H,1.53,3.5,5.5,1.55,3.6,5.25,1.55,3.6,5.0,1.6,3.4,4.6,1.53,3.75,5.0,1.57,3.6,5.0,1.6,3.4,4.8,1.6,2.1,1.55,2.09,-0.5,,,,,,,,
T1,2005-02-05,Samsunspor,Fenerbahce,1,1,D,0,0,D,6.5,3.75,1.44,6.0,3.6,1.5,5.5,3.65,1.5,5.4,3.8,1.45,5.5,3.75,1.5,6.0,3.6,1.5,5.5,3.6,1.5,1.65,2.0,2.19,1.5,0.5,,,,,,,,
T1,2005-02-06,A. Sebatspor,Trabzonspor,0,1,A,0,0,D,7.0,4.0,1.36,8.15,4.5,1.3,6.8,3.8,1.4,5.4,3.8,1.45,7.5,4.0,1.36,7.5,3.75,1.4,7.5,4.0,1.35,1.55,2.2,1.5,2.0,1.5,,,,,,,,
T1,2005-02-06,Denizlispor,Sakaryaspor,6,1,H,1,1,D,1.4,3.75,7.0,1.35,4.2,7.4,1.4,3.8,6.8,1.4,3.9,6.0,1.36,4.0,7.5,1.44,3.75,6.5,1.4,3.9,6.5,1.55,2.2,2.0,1.5,-1.5,,,,,,,,
T1,2005-02-12,Ankaragucu,Kayserispor,2,2,D,0,1,A,1.72,3.4,4.0,1.7,3.3,4.5,1.72,3.3,4.25,1.7,3.3,4.0,1.73,3.4,4.0,1.73,3.4,4.2,1.7,3.4,4.2,1.65,2.0,1.72,1.86,-0.5,,,,,,,,
T1,2005-02-12,Besiktas,Denizlispor,2,0,H,0,0,D,1.5,3.6,5.5,1.5,3.6,6.0,1.5,3.6,5.75,1.5,3.7,5.0,1.5,3.75,5.5,1.5,3.6,6.0,1.53,3.6,5.0,1.71,1.95,1.5,2.21,-0.5,,,,,,,,
T1,2005-02-12,Konyaspor,Samsunspor,3,0,H,1,0,H,2.25,3.2,2.75,2.2,3.5,2.7,2.1,3.25,3.0,2.1,3.1,3.0,2.1,3.2,3.0,2.2,3.25,2.88,2.15,3.3,2.8,1.65,2.0,2.1,1.56,-0.5,,,,,,,,
T1,2005-02-12,Rizespor,Galatasaray,0,3,A,0,0,D,4.33,3.4,1.66,4.65,3.45,1.65,4.6,3.3,1.67,4.0,3.2,1.75,5.0,3.5,1.57,4.33,3.4,1.7,4.2,3.4,1.7,1.75,1.9,1.92,1.67,0.5,,,,,,,,
T1,2005-02-13,Ankaraspor,Genclerbirligi,2,1,H,1,1,D,2.2,3.25,2.75,2.25,3.2,2.8,2.2,3.25,2.8,2.2,3.1,2.8,2.25,3.25,2.75,2.2,3.25,2.88,2.4,3.25,2.5,1.71,1.95,2.2,1.5,-0.5,,,,,,,,
T1,2005-02-13,Diyarbakirspor,A. Sebatspor,1,0,H,0,0,D,1.4,3.75,7.0,1.4,3.9,7.0,1.45,3.7,6.25,1.35,4.4,6.0,1.44,3.75,6.5,1.44,3.75,6.5,1.3,4.8,6.8,1.6,2.1,1.45,2.32,-0.5,,,,,,,,
T1,2005-02-13,Fenerbahce,Istanbulspor,4,0,H,1,0,H,1.12,6.5,12.0,1.1,7.5,14.0,1.13,6.5,13.0,1.17,5.5,11.0,1.12,6.5,13.0,1.14,6.0,13.0,1.12,6.5,12.0,1.55,2.2,,,,,,,,,,,
T1,2005-02-13,Sakaryaspor,Gaziantepspor,2,2,D,2,0,H,2.5,3.1,2.5,2.5,3.5,2.35,2.5,3.25,2.42,2.45,3.1,2.45,2.5,3.25,2.4,2.4,3.3,2.5,2.35,3.3,2.5,1.6,2.1,1.41,2.42,0.5,,,,,,,,
T1,2005-02-13,Trabzonspor,Malatyaspor,3,0,H,1,0,H,1.44,3.75,6.0,1.45,3.85,6.05,1.45,3.7,6.25,1.45,3.8,5.4,1.44,3.75,6.5,1.4,4.0,6.5,1.45,4.0,5.5,1.65,2.0,1.45,2.32,-0.5,,,,,,,,
T1,2005-02-18,Gaziantepspor,Besiktas,0,1,A,0,1,A,3.4,3.25,1.9,3.65,3.35,1.85,3.3,3.25,1.95,3.5,3.1,1.9,3.25,3.25,2.0,3.4,3.2,2.0,3.3,3.3,1.9,1.71,1.95,1.64,1.95,0.5,,,,,,,,
T1,2005-02-19,A. Sebatspor,Ankaragucu,0,0,D,0,0,D,2.5,3.1,2.5,2.75,3.2,2.3,2.55,3.1,2.45,2.4,3.1,2.5,2.5,3.25,2.4,2.62,3.1,2.5,2.75,3.25,2.2,1.71,1.95,1.4,2.45,0.5,,,,,,,,
T1,2005-02-19,Denizlispor,Ankaraspor,1,1,D,1,1,D,1.61,3.5,4.5,1.55,3.5,5.5,1.6,3.5,4.75,1.55,3.5,4.8,1.57,3.6,5.0,1.57,3.5,5.5,1.6,3.4,4.8,1.71,1.95,1.6,2.02,-0.5,,,,,,,,
T1,2005-02-19,Galatasaray,Sakaryaspor,1,0,H,1,0,H,1.12,6.5,12.0,1.1,7.5,14.0,1.11,6.75,13.0,1.15,6.0,12.0,1.1,7.0,15.0,1.12,7.0,15.0,1.11,6.5,15.0,1.83,1.83,1.11,4.44,-0.5,,,,,,,,
T1,2005-02-19,Istanbulspor,Konyaspor,2,2,D,1,2,A,2.37,3.1,2.62,2.4,3.25,2.6,2.35,3.2,2.6,,,,2.4,3.25,2.5,2.5,3.2,2.6,2.6,3.3,2.3,1.65,2.0,2.35,1.43,-0.5,,,,,,,,
T1,2005-02-20,Fenerbahce,Kayserispor,7,0,H,1,0,H,1.1,7.0,13.0,1.08,8.5,15.0,1.11,6.75,13.0,1.1,7.0,15.0,1.1,7.0,15.0,1.12,6.5,13.0,1.1,7.0,13.0,1.83,1.83,1.11,4.44,-0.5,,,,,,,,
T1,2005-02-20,Genclerbirligi,Trabzonspor,0,1,A,0,0,D,3.75,3.3,1.8,3.75,3.45,1.8,3.8,3.25,1.8,3.6,3.1,1.85,3.75,3.4,1.8,4.0,3.25,1.8,4.0,3.3,1.75,1.65,2.0,1.75,1.8,0.5,,,,,,,,
T1,2005-02-20,Malatyaspor,Diyarbakirspor,2,1,H,1,1,D,1.66,3.4,4.33,1.65,3.5,4.5,1.66,3.4,4.4,1.7,3.2,4.2,1.62,3.5,5.0,1.67,3.3,4.75,1.66,3.5,4.2,1.65,2.0,1.66,1.92,-0.5,,,,,,,,
T1,2005-02-20,Samsunspor,Rizespor,0,1,A,0,0,D,2.2,3.1,2.87,2.1,3.3,3.0,2.15,3.1,3.0,2.1,3.0,3.1,2.1,3.25,3.0,2.2,3.2,3.0,2.1,3.2,3.0,1.71,1.95,2.15,1.52,-0.5,,,,,,,,
T1,2005-02-26,Ankaragucu,Malatyaspor,3,0,H,2,0,H,2.37,3.1,2.62,2.35,3.5,2.5,2.45,3.1,2.6,2.4,3.2,2.4,2.25,3.25,2.75,2.4,3.1,2.7,2.4,3.25,2.5,1.79,1.85,2.45,1.41,-0.5,,,,,,,,
T1,2005-02-26,Diyarbakirspor,Genclerbirligi,1,3,A,0,2,A,1.9,3.4,3.25,2.0,3.45,3.1,2.1,3.2,3.05,1.9,3.1,3.5,2.1,3.2,3.0,1.95,3.25,3.5,1.9,3.4,3.25,1.71,1.95,2.1,1.56,-0.5,,,,,,,,
T1,2005-02-26,Rizespor,Istanbulspor,1,1,D,0,1,A,1.53,3.4,5.5,1.5,3.6,6.0,1.5,3.35,6.5,1.55,3.6,4.6,1.53,3.6,5.5,1.53,3.6,5.5,1.5,3.6,5.5,1.65,2.0,1.5,2.21,-0.5,,,,,,,,
T1,2005-02-26,Samsunspor,Galatasaray,2,1,H,0,0,D,5.5,3.4,1.53,6.0,3.6,1.5,6.5,3.35,1.5,5.0,3.7,1.5,6.0,3.5,1.5,5.5,3.6,1.53,5.5,3.6,1.5,1.65,2.0,2.21,1.5,0.5,,,,,,,,
T1,2005-02-27,Ankaraspor,Gaziantepspor,1,0,H,1,0,H,2.2,3.2,2.8,2.15,3.2,3.0,2.15,3.2,2.95,2.1,3.0,3.1,2.1,3.2,3.0,2.2,3.2,2.88,2.05,3.3,3.0,1.65,2.0,2.15,1.53,-0.5,,,,,,,,
T1,2005-02-27,Besiktas,Sakaryaspor,2,1,H,1,1,D,1.2,5.5,9.0,1.15,6.0,13.0,1.15,6.0,13.0,1.17,5.5,11.0,1.14,6.0,13.0,1.17,6.0,12.0,1.12,6.5,12.0,1.5,2.3,,,,,,,,,,,
T1,2005-02-27,Fenerbahce,A. Sebatspor,2,0,H,0,0,D,1.08,7.5,15.0,1.05,9.5,18.0,1.08,7.5,19.0,1.07,8.0,16.0,1.08,7.5,15.0,1.07,8.0,21.0,1.07,8.0,15.0,1.35,2.75,,,,,,,,,,,
T1,2005-02-27,Konyaspor,Kayserispor,3,1,H,1,1,D,1.57,3.5,5.0,1.45,3.85,6.05,1.5,3.35,6.5,1.5,3.8,4.8,1.53,3.75,5.0,1.53,3.6,5.5,1.45,3.75,6.0,1.6,2.1,1.5,2.21,-0.5,,,,,,,,
T1,2005-02-27,Trabzonspor,Denizlispor,3,0,H,2,0,H,1.44,3.75,6.0,1.4,3.9,7.0,1.44,3.5,7.25,1.4,3.9,6.0,1.4,4.0,6.5,1.4,4.0,7.0,1.4,3.9,6.5,1.6,2.1,2.07,1.46,-1.5,,,,,,,,
T1,2005-03-05,Galatasaray,Besiktas,1,0,H,0,0,D,1.83,3.2,3.75,1.9,3.35,3.45,1.9,3.25,3.45,2.0,3.1,3.2,1.83,3.25,3.75,1.91,3.25,3.5,1.95,3.1,3.5,1.83,1.83,3.33,1.15,-1.5,,,,,,,,
T1,2005-03-05,Genclerbirligi,Ankaragucu,4,0,H,0,0,D,2.0,3.2,3.2,1.95,3.25,3.45,2.1,3.1,3.1,2.1,3.0,3.1,2.2,3.25,2.8,2.2,3.2,2.88,2.1,3.1,3.1,1.95,1.71,3.85,1.1,-1.5,,,,,,,,
T1,2005-03-05,Istanbulspor,Samsunspor,1,1,D,0,0,D,2.2,3.25,2.75,2.35,3.25,2.65,2.2,3.2,2.8,2.3,3.1,2.6,2.25,3.25,2.75,2.3,3.2,2.75,2.45,3.2,2.5,1.95,1.71,4.2,1.08,-1.5,,,,,,,,
T1,2005-03-05,Sakaryaspor,Ankaraspor,1,1,D,0,1,A,2.25,3.2,2.75,2.2,3.2,2.9,2.3,3.25,2.6,2.2,3.1,2.8,2.25,3.25,2.75,2.38,3.1,2.7,2.3,3.25,2.6,2.1,1.6,2.3,1.44,-0.5,,,,,,,,
T1,2005-03-06,A. Sebatspor,Konyaspor,3,5,A,1,2,A,2.75,3.25,2.2,2.9,3.2,2.2,2.8,3.2,2.2,2.6,3.0,2.4,3.0,3.25,2.1,2.88,3.2,2.2,2.75,3.3,2.2,1.95,1.71,1.08,4.2,1.5,,,,,,,,
T1,2005-03-06,Denizlispor,Diyarbakirspor,0,0,D,0,0,D,1.5,3.4,6.0,1.55,3.5,5.5,1.5,3.6,5.5,1.5,3.7,5.0,1.53,3.6,5.5,1.53,3.6,5.5,1.45,3.8,5.75,2.0,1.65,2.22,1.39,-1.5,,,,,,,,
T1,2005-03-06,Gaziantepspor,Trabzonspor,3,2,H,1,1,D,4.5,3.5,1.61,4.5,3.3,1.7,4.5,3.4,1.65,4.6,3.4,1.6,4.33,3.25,1.73,4.5,3.3,1.7,4.2,3.4,1.7,2.1,1.6,1.29,2.55,1.5,,,,,,,,
T1,2005-03-06,Kayserispor,Rizespor,2,1,H,0,0,D,2.2,3.25,2.75,2.2,3.2,2.9,2.3,3.25,2.6,2.45,3.1,2.45,2.25,3.25,2.75,2.4,3.2,2.6,2.5,3.2,2.45,1.9,1.75,2.3,1.44,-0.5,,,,,,,,
T1,2005-03-06,Malatyaspor,Fenerbahce,0,2,A,0,0,D,5.5,3.4,1.53,6.0,3.6,1.5,4.65,3.5,1.6,4.6,3.4,1.6,6.0,3.6,1.5,5.0,3.4,1.62,4.8,3.4,1.6,2.0,1.65,1.31,2.47,1.5,,,,,,,,
T1,2005-03-09,Besiktas,Genclerbirligi,0,0,D,0,0,D,1.36,4.0,7.0,1.35,4.2,7.4,1.35,4.0,7.0,1.45,3.6,5.7,1.4,4.0,6.5,1.4,4.0,7.0,1.35,4.25,6.75,1.75,1.9,2.1,1.54,-0.5,,,,,,,,
T1,2005-03-09,Istanbulspor,Ankaragucu,1,2,A,0,0,D,2.3,3.2,2.62,2.2,3.2,2.9,2.1,3.15,3.0,2.2,3.0,2.9,2.1,3.2,3.0,2.1,3.25,3.0,2.25,3.25,2.7,1.6,2.1,1.35,2.55,-0.5,,,,,,,,
T1,2005-03-12,Ankaragucu,Denizlispor,1,1,D,1,0,H,2.1,3.1,3.1,2.1,3.3,3.0,2.25,3.15,2.75,2.2,3.1,2.8,2.1,3.25,3.0,2.1,3.25,3.0,2.1,3.2,3.0,1.71,1.95,2.0,1.6,-0.5,,,,,,,,
T1,2005-03-12,Istanbulspor,Galatasaray,0,3,A,0,2,A,,,,7.5,4.2,1.35,6.3,4.0,1.4,6.0,3.9,1.4,7.0,3.75,1.4,9.5,4.33,1.29,8.5,4.2,1.3,1.6,2.1,1.5,2.0,1.5,,,,,,,,
T1,2005-03-12,Konyaspor,Malatyaspor,2,0,H,0,0,D,1.9,3.25,3.4,2.25,3.2,2.8,2.1,3.1,3.1,2.0,3.2,3.1,1.91,3.25,3.4,2.1,3.25,3.0,2.0,3.3,3.1,1.6,2.1,2.1,1.55,-0.5,,,,,,,,
T1,2005-03-12,Trabzonspor,Sakaryaspor,4,3,H,3,1,H,1.16,6.0,10.0,1.15,6.0,13.0,1.16,5.5,12.0,1.15,6.0,12.0,1.17,5.5,13.0,1.18,5.5,11.0,1.12,6.25,13.0,1.5,2.3,,,,,,,,,,,
T1,2005-03-13,Ankaraspor,Besiktas,2,4,A,2,1,H,3.75,3.3,1.8,3.95,3.45,1.75,3.7,3.35,1.8,3.6,3.1,1.85,3.75,3.25,1.83,3.75,3.3,1.83,3.6,3.4,1.8,1.71,1.95,1.76,1.8,0.5,,,,,,,,
T1,2005-03-13,Diyarbakirspor,Gaziantepspor,3,0,H,0,0,D,2.2,3.25,2.75,2.15,3.2,3.0,2.15,3.2,2.9,2.0,3.2,3.1,2.1,3.2,3.0,2.1,3.25,3.0,2.1,3.3,2.9,1.65,2.0,2.15,1.52,-0.5,,,,,,,,
T1,2005-03-13,Fenerbahce,Genclerbirligi,3,2,H,2,1,H,1.22,5.0,9.0,1.25,4.8,9.5,1.2,5.3,10.0,1.2,5.0,10.0,1.25,4.5,10.0,1.22,5.0,10.0,1.16,6.0,10.0,1.5,2.3,1.2,3.46,-0.5,,,,,,,,
T1,2005-03-13,Rizespor,A. Sebatspor,2,1,H,1,1,D,1.36,4.2,6.5,1.3,4.5,8.25,1.3,4.5,7.5,1.35,4.4,6.0,1.36,4.0,7.5,1.4,4.0,6.5,1.3,4.5,7.5,1.6,2.1,1.8,1.63,-1.5,,,,,,,,
T1,2005-03-13,Samsunspor,Kayserispor,3,3,D,1,2,A,1.61,3.5,4.5,1.6,3.5,4.9,1.6,3.5,4.7,1.6,3.5,4.4,1.62,3.4,5.0,1.62,3.4,5.0,1.55,3.6,5.0,1.6,2.1,1.6,2.01,-0.5,,,,,,,,
T1,2005-03-18,Denizlispor,Fenerbahce,2,0,H,1,0,H,4.0,3.4,1.72,4.5,3.5,1.65,4.65,3.35,1.67,4.4,3.3,1.65,4.5,3.6,1.62,4.33,3.4,1.7,4.33,3.4,1.66,1.65,2.0,1.95,1.67,0.5,,,,,,,,
T1,2005-03-19,Besiktas,Trabzonspor,1,0,H,0,0,D,2.1,3.2,3.0,1.95,3.35,3.25,2.15,3.2,3.0,2.0,3.2,3.1,2.0,3.2,3.2,2.05,3.2,3.2,1.9,3.3,3.3,1.71,1.95,2.15,1.55,-0.5,,,,,,,,
T1,2005-03-19,Gaziantepspor,Ankaragucu,2,0,H,1,0,H,1.72,3.4,4.0,1.75,3.45,3.95,1.75,3.3,4.25,1.75,3.3,3.8,1.67,3.5,4.33,1.75,3.4,4.0,1.8,3.4,3.6,1.6,2.1,1.75,1.86,-0.5,,,,,,,,
T1,2005-03-19,Kayserispor,Istanbulspor,0,0,D,0,0,D,1.9,3.2,3.5,1.85,3.3,3.75,1.75,3.33,4.0,1.9,3.1,3.5,1.83,3.4,3.6,1.75,3.25,4.33,1.9,3.3,3.35,1.71,1.95,1.75,1.82,-0.5,,,,,,,,
T1,2005-03-19,Malatyaspor,Rizespor,0,1,A,0,0,D,2.0,3.2,3.2,2.15,3.2,3.0,2.05,3.1,3.35,2.0,3.1,3.2,2.0,3.2,3.2,2.1,3.2,3.1,2.0,3.3,3.1,1.65,2.0,2.05,1.61,-0.5,,,,,,,,
T1,2005-03-20,A. Sebatspor,Samsunspor,3,0,H,0,0,D,2.75,3.2,2.25,2.65,3.25,2.35,2.75,3.2,2.3,2.4,3.2,2.4,2.75,3.25,2.25,2.7,3.1,2.38,2.65,3.3,2.25,1.65,2.0,1.48,2.3,0.5,,,,,,,,
T1,2005-03-20,Galatasaray,Ankaraspor,4,2,H,2,2,D,1.2,5.0,11.0,1.2,5.5,10.5,1.2,5.5,10.5,1.2,5.0,10.0,1.2,5.5,10.0,1.2,5.5,10.0,1.16,6.0,10.0,1.5,2.3,,,,,,,,,,,
T1,2005-03-20,Genclerbirligi,Konyaspor,2,1,H,1,0,H,1.9,3.2,3.5,2.0,3.3,3.25,2.1,3.2,3.1,1.9,3.1,3.5,2.0,3.2,3.2,2.1,3.2,3.1,1.95,3.3,3.25,1.6,2.1,2.1,1.57,-0.5,,,,,,,,
T1,2005-03-20,Sakaryaspor,Diyarbakirspor,3,2,H,2,1,H,1.72,3.4,4.0,,,,2.05,3.1,3.1,2.0,3.1,3.1,1.73,3.4,4.0,1.7,3.4,4.2,1.72,3.4,4.0,,,,,,,,,,,,,
T1,2005-04-02,Ankaragucu,Sakaryaspor,2,7,A,1,3,A,1.8,3.4,3.6,1.75,3.45,3.95,1.8,3.3,3.75,1.75,3.3,3.8,1.8,3.25,4.0,1.8,3.4,3.75,1.75,3.4,3.9,1.65,2.0,1.8,1.76,-0.5,,,,,,,,
T1,2005-04-02,Fenerbahce,Gaziantepspor,2,0,H,1,0,H,1.2,5.0,11.0,1.18,5.5,12.0,1.18,5.65,10.0,1.2,5.0,10.0,1.17,5.5,13.0,1.18,5.5,12.0,1.16,6.0,10.0,1.5,2.3,,,,,,,,,,,
T1,2005-04-02,Istanbulspor,A. Sebatspor,1,0,H,0,0,D,1.72,3.4,4.0,1.7,3.45,4.25,1.67,3.45,4.25,1.75,3.4,3.7,1.73,3.25,4.33,1.7,3.4,4.33,1.7,3.5,4.0,1.65,2.0,1.67,1.9,-0.5,,,,,,,,
T1,2005-04-02,Rizespor,Genclerbirligi,1,1,D,0,0,D,1.9,3.25,3.4,2.1,3.3,3.0,1.95,3.2,3.35,1.9,3.2,3.4,1.91,3.25,3.5,1.95,3.3,3.3,2.0,3.25,3.15,1.6,2.1,1.95,1.64,-0.5,,,,,,,,
T1,2005-04-03,Diyarbakirspor,Besiktas,0,0,D,0,0,D,4.0,3.4,1.72,4.5,3.3,1.7,4.7,3.4,1.62,3.8,3.1,1.8,4.33,3.25,1.73,4.5,3.3,1.7,4.8,3.4,1.6,1.71,1.95,1.97,1.62,0.5,,,,,,,,
T1,2005-04-03,Kayserispor,Galatasaray,2,2,D,0,0,D,6.0,3.75,1.44,6.05,3.85,1.45,7.0,3.9,1.36,5.4,3.8,1.45,6.0,4.0,1.44,9.0,4.0,1.33,8.0,3.75,1.36,,,,,,,,,,,,,
T1,2005-04-03,Konyaspor,Denizlispor,0,0,D,0,0,D,2.0,3.2,3.2,1.9,3.35,3.45,2.0,3.2,3.2,2.0,3.1,3.2,2.0,3.25,3.25,2.0,3.25,3.25,1.95,3.3,3.25,1.65,2.0,2.0,1.6,-0.5,,,,,,,,
T1,2005-04-03,Samsunspor,Malatyaspor,0,1,A,0,0,D,2.0,3.25,3.2,2.1,3.3,3.0,2.05,3.2,3.1,2.0,3.1,3.2,2.0,3.25,3.25,2.1,3.3,3.0,2.0,3.4,3.0,1.6,2.1,2.05,1.57,-0.5,,,,,,,,
T1,2005-04-03,Trabzonspor,Ankaraspor,2,2,D,0,2,A,1.25,4.5,10.0,1.25,4.8,9.5,1.25,5.0,8.0,1.25,4.5,9.0,1.25,4.5,10.0,1.3,4.5,8.0,1.2,5.5,9.0,1.45,2.45,,,,,,,,,,,
T1,2005-04-08,Besiktas,Ankaragucu,4,1,H,3,1,H,1.2,5.5,9.5,1.2,5.5,10.5,1.2,5.0,9.25,1.25,4.5,9.0,1.17,6.0,11.0,1.25,5.0,10.0,1.16,5.5,12.0,1.6,2.1,1.2,3.25,-0.5,,,,,,,,
T1,2005-04-09,A. Sebatspor,Kayserispor,0,0,D,0,0,D,2.62,3.1,2.37,2.65,3.25,2.4,2.5,3.2,2.35,2.4,3.2,2.4,2.5,3.25,2.4,2.75,3.4,2.25,2.4,3.4,2.4,1.6,2.1,1.4,2.35,0.5,,,,,,,,
T1,2005-04-09,Ankaraspor,Diyarbakirspor,3,0,H,0,0,D,1.72,3.4,4.0,1.85,3.35,3.65,1.8,3.2,3.65,1.85,3.3,3.4,1.73,3.4,4.0,1.8,3.25,4.2,1.8,3.4,3.6,1.6,2.1,1.8,1.71,-0.5,,,,,,,,
T1,2005-04-09,Malatyaspor,Istanbulspor,2,0,H,0,0,D,1.66,3.4,4.33,1.6,3.5,4.9,1.7,3.3,4.0,1.8,3.3,3.6,1.67,3.5,4.33,1.65,3.4,5.0,1.7,3.4,4.2,1.83,1.83,1.7,1.81,-0.5,,,,,,,,
T1,2005-04-09,Sakaryaspor,Fenerbahce,0,1,A,0,0,D,6.0,3.75,1.44,7.0,3.9,1.4,6.25,4.0,1.37,6.0,3.9,1.4,6.5,4.33,1.36,5.5,4.0,1.5,7.0,3.75,1.4,1.55,2.2,2.44,1.37,0.5,,,,,,,,
T1,2005-04-10,Denizlispor,Rizespor,3,0,H,2,0,H,1.83,3.2,3.75,1.9,3.35,3.45,1.83,3.25,3.5,1.85,3.2,3.5,1.91,3.25,3.5,1.83,3.25,4.0,1.85,3.4,3.5,1.85,1.79,1.83,1.69,-0.5,,,,,,,,
T1,2005-04-10,Galatasaray,Trabzonspor,0,2,A,0,1,A,1.66,3.4,4.33,1.7,3.3,4.5,1.67,3.3,4.25,1.75,3.2,4.0,1.62,3.4,5.0,1.62,3.5,5.0,1.66,3.4,4.33,1.71,1.95,1.67,1.86,-0.5,,,,,,,,
T1,2005-04-10,Gaziantepspor,Konyaspor,2,0,H,0,0,D,2.0,3.2,3.2,2.0,3.3,3.25,1.9,3.2,3.3,1.9,3.2,3.4,1.91,3.25,3.5,2.05,3.3,3.25,1.95,3.35,3.2,1.65,2.0,1.9,1.62,-0.5,,,,,,,,
T1,2005-04-10,Genclerbirligi,Samsunspor,0,0,D,0,0,D,1.66,3.4,4.33,1.75,3.45,3.95,1.75,3.3,3.8,1.75,3.3,3.7,1.73,3.4,4.0,1.73,3.4,4.33,1.7,3.5,4.0,1.6,2.1,1.75,1.77,-0.5,,,,,,,,
T1,2005-04-15,Diyarbakirspor,Trabzonspor,0,1,A,0,1,A,4.5,3.5,1.61,4.35,3.55,1.65,5.5,3.5,1.55,4.2,3.2,1.7,5.0,3.6,1.57,5.0,3.6,1.6,4.5,3.5,1.61,1.71,1.95,,,,,,,,,,,
T1,2005-04-16,A. Sebatspor,Galatasaray,1,3,A,1,1,D,8.0,5.0,1.25,7.5,4.75,1.3,9.0,4.75,1.25,10.0,5.0,1.2,11.0,5.0,1.2,9.0,4.33,1.33,8.0,4.5,1.28,1.6,2.1,,,,,,,,,,,
T1,2005-04-16,Kayserispor,Malatyaspor,1,1,D,0,1,A,2.0,3.2,3.2,1.95,3.45,3.25,1.87,3.25,3.5,1.9,3.4,3.2,2.0,3.25,3.25,1.91,3.4,3.4,1.9,3.4,3.25,,,,,,,,,,,,,
T1,2005-04-16,Konyaspor,Sakaryaspor,2,0,H,1,0,H,1.8,3.4,3.6,1.7,3.35,4.45,1.72,3.4,4.0,,,,1.83,3.3,3.6,1.73,3.3,4.5,1.7,3.5,4.0,1.6,2.1,1.72,1.84,-0.5,,,,,,,,
T1,2005-04-16,Samsunspor,Denizlispor,4,0,H,2,0,H,2.2,3.2,2.8,2.25,3.2,2.8,2.15,3.2,2.85,2.0,3.3,3.0,2.2,3.25,2.8,2.3,3.25,2.8,2.25,3.25,2.7,1.71,1.95,,,,,,,,,,,
T1,2005-04-17,Ankaragucu,Ankaraspor,2,5,A,2,1,H,2.1,3.25,3.0,2.15,3.2,3.0,2.25,3.2,2.7,1.9,3.1,3.5,2.25,3.25,2.75,2.25,3.4,2.75,2.35,3.1,2.65,1.65,2.0,2.25,1.46,-0.5,,,,,,,,
T1,2005-04-17,Fenerbahce,Besiktas,3,4,A,1,2,A,1.72,3.4,4.0,1.7,3.3,4.5,1.7,3.3,4.3,1.7,3.2,4.2,1.67,3.4,4.33,1.67,3.3,5.0,1.66,3.4,4.33,1.71,1.95,1.7,1.87,-0.5,,,,,,,,
T1,2005-04-17,Istanbulspor,Genclerbirligi,1,3,A,1,1,D,2.25,3.25,2.75,2.35,3.25,2.65,2.3,3.2,2.65,2.1,3.2,2.9,2.2,3.25,2.8,2.25,3.4,2.75,2.4,3.25,2.5,1.75,1.9,2.3,1.45,-0.5,,,,,,,,
T1,2005-04-17,Rizespor,Gaziantepspor,1,1,D,0,1,A,1.9,3.25,3.5,1.9,3.35,3.45,1.95,3.25,3.25,1.9,3.2,3.4,2.0,3.25,3.25,2.05,3.2,3.3,1.9,3.3,3.4,1.71,1.95,3.33,1.15,-1.5,,,,,,,,
T1,2005-04-23,Besiktas,Konyaspor,2,1,H,1,0,H,1.28,4.5,8.0,1.3,4.5,8.25,1.33,4.35,7.0,1.3,4.2,8.0,1.33,4.5,7.0,1.35,4.5,7.5,1.25,5.0,8.0,1.6,2.1,,,,,,,,,,,
T1,2005-04-23,Gaziantepspor,Samsunspor,1,3,A,0,1,A,1.72,3.4,4.0,1.85,3.4,3.6,1.77,3.3,3.9,1.75,3.3,3.8,1.73,3.25,4.33,1.7,3.6,4.2,1.75,3.4,3.9,1.71,1.95,1.77,1.79,-0.5,,,,,,,,
T1,2005-04-23,Genclerbirligi,Kayserispor,0,0,D,0,0,D,1.72,3.4,4.0,1.7,3.3,4.5,1.85,3.25,3.6,1.9,3.4,3.2,1.91,3.25,3.4,1.85,3.6,3.5,1.8,3.5,3.5,1.65,2.0,1.85,1.71,-0.5,,,,,,,,
T1,2005-04-23,Malatyaspor,A. Sebatspor,2,2,D,0,0,D,1.36,4.0,7.0,1.4,3.9,7.0,1.4,3.9,6.5,1.45,4.2,4.8,1.3,4.5,8.0,1.4,4.0,7.5,1.3,4.5,7.5,1.55,2.2,1.4,2.44,-0.5,,,,,,,,
T1,2005-04-24,Ankaraspor,Fenerbahce,0,1,A,0,1,A,5.0,3.5,1.57,5.5,3.6,1.55,4.75,3.5,1.6,5.4,3.8,1.45,5.5,3.5,1.53,5.0,3.75,1.57,5.0,3.5,1.57,1.6,2.1,2.02,1.6,0.5,,,,,,,,
T1,2005-04-24,Denizlispor,Istanbulspor,2,2,D,1,0,H,1.57,3.5,5.0,1.6,3.5,4.9,1.6,3.45,4.75,1.7,3.5,3.7,1.53,3.5,5.5,1.65,3.6,4.6,1.6,3.8,4.25,1.65,2.0,1.6,2.0,-0.5,,,,,,,,
T1,2005-04-24,Galatasaray,Diyarbakirspor,1,0,H,1,0,H,1.16,6.0,10.0,1.2,5.5,10.5,1.15,5.75,12.0,1.22,4.8,9.5,1.17,5.5,13.0,1.12,7.5,13.0,1.14,6.5,10.0,1.5,2.3,,,,,,,,,,,
T1,2005-04-24,Sakaryaspor,Rizespor,3,1,H,1,0,H,1.72,3.4,4.0,1.75,3.5,3.95,1.75,3.3,4.0,1.7,3.4,3.8,1.8,3.25,4.0,1.75,3.6,4.0,1.7,3.5,4.0,1.71,1.95,,,,,,,,,,,
T1,2005-04-24,Trabzonspor,Ankaragucu,3,1,H,2,1,H,1.25,5.0,8.0,1.25,4.8,9.5,1.22,5.0,9.5,1.17,5.5,11.0,1.2,5.5,10.0,1.25,5.0,10.0,1.2,5.3,10.0,1.5,2.3,,,,,,,,,,,
T1,2005-04-29,Istanbulspor,Gaziantepspor,1,3,A,1,0,H,2.1,3.2,3.0,1.95,3.35,3.35,2.1,3.2,2.9,1.8,3.4,3.5,2.0,3.25,3.2,2.0,3.3,3.4,2.0,3.5,2.95,,,,,,,,,,,,,
T1,2005-04-29,Rizespor,Besiktas,0,1,A,0,1,A,4.33,3.4,1.66,4.5,3.3,1.7,4.0,3.25,1.75,3.7,3.2,1.8,4.5,3.4,1.67,5.0,3.5,1.62,3.6,3.4,1.8,1.65,2.0,1.79,1.75,0.5,,,,,,,,
T1,2005-04-30,Ankaragucu,Diyarbakirspor,4,1,H,3,1,H,1.8,3.2,4.0,1.7,3.3,4.5,1.75,3.25,4.0,1.85,3.1,3.6,1.83,3.4,3.6,1.7,3.4,4.5,1.8,3.4,3.6,1.65,2.0,,,,,,,,,,,
T1,2005-04-30,Fenerbahce,Trabzonspor,2,1,H,1,0,H,1.66,3.4,4.33,1.7,3.3,4.5,1.7,3.3,4.25,1.75,3.2,4.0,1.67,3.4,4.5,1.73,3.5,4.2,1.7,3.4,4.2,1.83,1.83,1.7,1.86,-0.5,,,,,,,,
T1,2005-04-30,Kayserispor,Denizlispor,1,0,H,0,0,D,1.66,3.4,4.33,1.9,3.35,3.45,1.75,3.25,4.0,,,,2.0,3.25,3.2,1.73,3.5,4.2,1.8,3.5,3.5,1.75,1.9,1.75,1.79,-0.5,,,,,,,,
T1,2005-04-30,Samsunspor,Sakaryaspor,1,1,D,1,1,D,2.0,3.3,3.1,1.9,3.35,3.45,2.1,3.2,2.9,2.1,3.4,2.7,2.0,3.25,3.2,2.2,3.2,3.0,2.1,3.4,2.8,1.71,1.95,2.1,1.52,-0.5,,,,,,,,
T1,2005-05-01,A. Sebatspor,Genclerbirligi,0,5,A,0,2,A,3.75,3.3,1.8,2.7,3.25,2.3,2.8,3.2,2.15,,,,2.8,3.25,2.2,2.6,3.3,2.4,2.9,3.45,2.05,,,,,,,,,,,,,
T1,2005-05-01,Konyaspor,Ankaraspor,2,3,A,2,2,D,1.83,3.25,3.75,1.9,3.35,3.45,1.91,3.25,3.35,1.9,3.2,3.4,1.91,3.2,3.5,1.91,3.3,3.6,1.9,3.3,3.4,1.65,2.0,1.91,1.65,-0.5,,,,,,,,
T1,2005-05-01,Malatyaspor,Galatasaray,0,1,A,0,0,D,6.0,3.4,1.5,6.0,3.6,1.5,5.5,3.6,1.5,5.4,3.8,1.45,5.5,3.75,1.5,6.0,3.75,1.5,5.5,3.6,1.5,1.65,2.0,,,,,,,,,,,
T1,2005-05-07,Ankaraspor,Rizespor,1,0,H,1,0,H,1.66,3.4,4.33,1.8,3.45,3.75,1.85,3.2,3.6,1.9,3.2,3.4,1.83,3.4,3.6,1.73,3.3,4.5,1.85,3.4,3.45,1.65,2.0,1.85,1.69,-0.5,,,,,,,,
T1,2005-05-07,Diyarbakirspor,Fenerbahce,0,2,A,0,1,A,6.0,3.75,1.44,7.0,3.9,1.4,6.5,3.8,1.4,6.0,3.9,1.4,6.0,4.0,1.44,7.0,3.75,1.44,6.0,3.75,1.44,1.71,1.95,1.48,2.03,1.5,,,,,,,,
T1,2005-05-07,Galatasaray,Ankaragucu,2,1,H,2,0,H,1.12,6.5,12.0,1.1,7.5,14.0,1.11,6.5,13.0,1.15,6.0,12.0,1.14,6.0,13.0,1.13,6.5,15.0,1.12,6.5,12.0,1.45,2.45,1.11,4.33,-0.5,,,,,,,,
T1,2005-05-07,Gaziantepspor,Kayserispor,1,2,A,1,1,D,1.9,3.5,3.2,1.85,3.4,3.6,2.0,3.3,3.05,1.9,3.4,3.2,1.83,3.4,3.6,2.0,3.4,3.25,2.1,3.6,2.7,1.79,1.85,2.0,1.59,-0.5,,,,,,,,
T1,2005-05-07,Sakaryaspor,Istanbulspor,1,3,A,1,0,H,1.44,3.6,6.5,,,,1.5,3.65,5.25,1.55,3.6,4.6,1.62,3.4,5.0,1.44,3.75,6.5,1.5,4.0,4.8,1.6,2.1,1.5,2.15,-0.5,,,,,,,,
T1,2005-05-07,Trabzonspor,Konyaspor,4,2,H,3,0,H,1.2,5.5,9.0,1.25,4.8,9.5,1.25,4.7,8.5,1.25,4.5,9.0,1.25,4.5,10.0,1.29,4.33,11.0,1.18,5.3,11.0,1.55,2.2,1.25,3.03,-0.5,,,,,,,,
T1,2005-05-08,Besiktas,Samsunspor,2,0,H,1,0,H,1.2,5.5,9.0,1.25,4.8,9.5,1.3,4.5,7.0,1.33,4.0,7.5,1.25,4.5,10.0,1.25,5.0,10.0,1.22,5.5,8.0,1.6,2.1,1.3,2.74,-0.5,,,,,,,,
T1,2005-05-08,Denizlispor,A. Sebatspor,4,2,H,1,1,D,1.14,6.0,12.0,,,,1.22,5.0,9.0,,,,1.14,6.0,13.0,1.22,5.0,12.0,,,,1.5,2.3,1.22,3.21,-0.5,,,,,,,,
T1,2005-05-08,Genclerbirligi,Malatyaspor,5,3,H,2,2,D,1.66,3.4,4.33,1.85,3.4,3.6,1.8,3.25,3.75,1.75,3.2,4.0,1.83,3.25,3.75,1.73,3.3,4.5,1.8,3.4,3.6,1.71,1.95,1.8,1.74,-0.5,,,,,,,,
T1,2005-05-14,A. Sebatspor,Gaziantepspor,2,0,H,0,0,D,3.5,3.4,1.83,,,,3.3,3.25,1.9,,,,3.5,3.4,1.8,3.4,3.25,2.0,3.25,3.45,1.9,2.2,1.55,,,,,,,,,,,
T1,2005-05-14,Malatyaspor,Denizlispor,2,2,D,0,0,D,2.1,3.2,3.0,2.0,3.35,3.2,2.1,3.2,2.9,2.1,3.2,2.9,2.1,3.25,3.0,2.0,3.25,3.4,2.15,3.3,2.8,1.83,1.83,,,,,,,,,,,
T1,2005-05-14,Samsunspor,Ankaraspor,0,0,D,0,0,D,2.1,3.2,3.0,2.15,3.2,3.0,2.1,3.2,2.9,1.9,3.1,3.5,2.1,3.25,3.0,2.25,3.3,2.8,2.05,3.4,2.9,2.1,1.6,,,,,,,,,,,
T1,2005-05-15,Ankaragucu,Fenerbahce,1,0,H,0,0,D,6.5,4.0,1.4,8.25,4.5,1.3,7.0,3.6,1.4,6.0,3.9,1.4,6.5,3.75,1.44,7.0,3.75,1.44,7.0,3.75,1.4,2.2,1.55,2.38,1.4,0.5,,,,,,,,
T1,2005-05-15,Galatasaray,Genclerbirligi,1,2,A,1,2,A,1.22,5.0,9.5,1.25,4.8,9.5,1.25,4.6,9.0,1.3,4.2,8.0,1.25,5.0,9.0,1.3,5.0,7.5,1.16,6.0,10.0,2.2,1.55,1.71,1.71,-1.5,,,,,,,,
T1,2005-05-15,Istanbulspor,Besiktas,1,1,D,0,0,D,5.5,3.6,1.5,7.0,3.9,1.4,5.5,3.5,1.5,3.9,3.6,1.65,5.5,3.75,1.5,7.5,4.0,1.4,4.33,3.75,1.6,2.1,1.6,,,,,,,,,,,
T1,2005-05-15,Kayserispor,Sakaryaspor,1,0,H,0,0,D,1.8,3.3,3.75,1.8,3.35,3.85,1.85,3.25,3.6,1.8,3.1,3.8,1.67,3.4,4.33,1.85,3.4,3.75,1.85,3.3,3.6,1.95,1.71,1.85,1.71,-0.5,,,,,,,,
T1,2005-05-15,Konyaspor,Diyarbakirspor,2,1,H,2,0,H,2.2,3.4,2.62,2.1,3.3,3.0,2.1,3.2,2.9,,,,2.0,3.4,3.0,2.0,3.25,3.4,2.15,3.5,2.65,2.1,1.6,,,,,,,,,,,
T1,2005-05-15,Rizespor,Trabzonspor,1,2,A,1,1,D,5.0,3.75,1.53,6.0,3.6,1.5,5.0,3.5,1.55,5.0,3.7,1.5,4.5,3.6,1.62,5.5,3.5,1.57,4.8,3.75,1.55,1.95,1.71,,,,,,,,,,,
T1,2005-05-21,Ankaragucu,Konyaspor,1,1,D,0,0,D,1.72,3.4,4.0,1.85,3.35,3.65,1.65,3.35,4.5,1.75,3.1,4.2,1.62,3.4,4.5,1.62,3.5,5.0,1.66,3.3,4.5,1.61,2.0,1.65,1.92,-0.5,,,,,,,,
T1,2005-05-21,Ankaraspor,Istanbulspor,3,2,H,3,0,H,2.2,3.5,2.62,,,,2.1,3.3,2.85,,,,1.83,3.6,3.25,2.0,3.5,3.2,,,,,,2.1,1.53,-0.5,,,,,,,,
T1,2005-05-21,Besiktas,Kayserispor,3,2,H,3,1,H,1.4,3.75,7.0,1.3,4.55,8.0,1.3,4.5,7.25,1.45,3.8,5.4,1.4,4.5,5.0,1.44,4.0,6.5,1.3,4.5,7.5,1.56,2.1,,,,,,,,,,,
T1,2005-05-21,Diyarbakirspor,Rizespor,1,1,D,1,1,D,1.53,3.4,5.5,1.5,3.6,5.9,1.55,3.6,4.8,,,,1.62,3.5,4.5,,,,1.6,3.4,4.8,,,,,,,,,,,,,
T1,2005-05-21,Gaziantepspor,Malatyaspor,4,3,H,2,1,H,2.0,3.2,3.2,1.85,3.4,3.6,1.8,3.4,3.6,1.85,3.2,3.5,1.8,3.4,3.6,2.0,3.3,3.4,1.8,3.4,3.6,1.66,1.95,1.8,1.75,-0.5,,,,,,,,
T1,2005-05-21,Sakaryaspor,A. Sebatspor,4,2,H,2,0,H,1.2,5.0,11.0,,,,1.2,5.5,9.0,1.27,4.5,7.0,1.3,4.5,7.0,1.2,5.5,12.0,,,,1.61,2.0,,,,,,,,,,,
T1,2005-05-22,Denizlispor,Genclerbirligi,1,1,D,0,0,D,2.2,3.25,2.75,2.25,3.2,2.8,2.1,3.25,2.9,2.1,3.2,2.9,2.2,3.25,2.75,2.1,3.3,3.1,2.1,3.25,2.9,1.56,2.1,2.1,1.53,-0.5,,,,,,,,
T1,2005-05-22,Fenerbahce,Galatasaray,1,0,H,0,0,D,2.2,3.25,2.75,2.15,3.25,2.95,2.05,3.25,3.0,2.2,3.1,2.8,2.25,3.2,2.8,2.2,3.2,3.0,2.05,3.2,3.05,1.66,1.95,2.05,1.56,-0.5,,,,,,,,
T1,2005-05-22,Trabzonspor,Samsunspor,3,0,H,0,0,D,1.2,5.0,11.0,1.25,4.8,9.5,1.2,5.0,10.0,1.25,4.5,9.0,1.2,5.5,10.0,1.2,5.5,12.0,1.2,5.0,10.5,1.46,2.3,,,,,,,,,,,
T1,2005-05-29,A. Sebatspor,Besiktas,2,2,D,2,2,D,6.5,4.2,1.36,7.0,3.9,1.4,5.5,3.45,1.5,5.0,3.5,1.5,5.0,3.75,1.53,7.0,3.4,1.5,6.0,4.5,1.35,1.56,2.1,,,,,,,,,,,
T1,2005-05-29,Galatasaray,Denizlispor,4,0,H,1,0,H,1.19,5.5,9.0,1.25,4.8,9.5,1.22,5.0,9.0,,,,1.2,5.0,10.0,1.22,6.0,8.5,1.2,5.5,9.0,1.56,2.1,,,,,,,,,,,
T1,2005-05-29,Genclerbirligi,Gaziantepspor,2,1,H,1,0,H,1.57,3.5,5.0,1.7,3.3,4.5,1.7,3.4,4.0,1.75,3.4,3.5,1.57,3.6,4.5,1.8,3.4,4.0,1.8,3.4,3.6,1.56,2.1,1.7,1.84,-0.5,,,,,,,,
T1,2005-05-29,Istanbulspor,Trabzonspor,0,5,A,0,3,A,,,,10.5,5.5,1.2,9.0,5.0,1.22,7.0,4.8,1.27,10.0,5.0,1.2,9.0,4.75,1.29,10.0,6.0,1.16,1.56,2.1,,,,,,,,,,,
T1,2005-05-29,Kayserispor,Ankaraspor,0,0,D,0,0,D,1.8,2.87,4.5,1.75,3.15,4.5,1.55,3.5,5.0,,,,1.91,2.88,4.0,1.85,3.0,4.33,1.65,3.4,4.5,1.61,2.0,,,,,,,,,,,
T1,2005-05-29,Konyaspor,Fenerbahce,4,2,H,4,1,H,,,,3.45,3.35,1.9,3.3,3.25,1.9,3.4,3.2,1.9,3.4,3.25,1.91,3.5,3.6,1.85,3.1,3.4,1.95,1.61,2.0,1.64,1.9,-0.5,,,,,,,,
T1,2005-05-29,Malatyaspor,Sakaryaspor,4,2,H,1,1,D,3.0,3.39,2.0,,,,2.6,3.7,2.1,,,,2.8,3.6,2.0,2.88,3.6,2.1,,,,,,,,,,,,,,,,
T1,2005-05-29,Rizespor,Ankaragucu,1,2,A,1,0,H,2.25,2.87,3.0,1.7,3.3,4.5,1.7,3.4,4.0,,,,1.91,3.25,3.4,1.83,3.25,4.0,1.8,3.5,3.5,,,1.7,1.84,-0.5,,,,,,,,
T1,2005-05-29,Samsunspor,Diyarbakirspor,0,1,A,0,0,D,2.79,3.75,2.0,,,,2.6,3.7,2.1,,,,2.6,3.5,2.2,3.0,3.75,2.0,,,,,,1.53,2.1,-0.5,,,,,,,,
