,WHD,IWH,LBA,B365AH,SBH,SBA,BWD,WHA,B365A,LBH,GBA,B365D,B365H,WHH,BWA,BWH,IWA,GBAHA,GBH,SBD,B365AHH,B365AHA,GB>2.5,GBAH,GB<2.5,IWD,LBD,GBD,GBAHH,HomeTeam,AwayTeam,idGame
0,3.2,2.2,,,2.25,2.75,3.2,2.9,2.75,,2.8,3.2,2.25,2.15,2.8,2.25,2.9,1.49,2.25,3.2,,,2.1,-0.5,1.6,3.0,,3.2,2.25,Belenenses,Maritimo,Belenenses_Maritimo_2004
1,4.5,1.3,,,1.29,8.0,4.0,10.0,10.0,,8.0,4.5,1.25,1.25,8.0,1.35,8.0,2.67,1.35,4.5,,,,-0.5,,4.2,,4.0,1.35,Sp Lisbon,Gil Vicente,Sp Lisbon_Gil Vicente_2004
2,3.3,4.4,,,4.5,1.62,3.5,1.66,1.66,,1.7,3.4,4.33,4.5,1.65,4.5,1.65,1.7,4.5,3.5,,,1.83,0.5,1.83,3.3,,3.3,1.9,Beira Mar,Benfica,Beira Mar_Benfica_2004
3,3.3,1.8,,,1.91,3.5,3.2,3.75,4.0,,3.65,3.4,1.72,1.8,3.35,2.0,3.8,1.71,1.9,3.2,,,2.0,-0.5,1.65,3.1,,3.2,1.9,Boavista,Nacional,Boavista_Nacional_2004
4,3.2,2.2,,,2.25,2.75,3.2,2.9,2.75,,2.75,3.2,2.25,2.15,2.75,2.3,3.0,1.48,2.3,3.2,,,1.85,-0.5,1.79,2.9,,3.2,2.3,Estoril,Rio Ave,Estoril_Rio Ave_2004
5,3.25,2.0,,,1.91,3.4,3.25,3.15,3.5,,3.75,3.2,1.9,2.0,3.75,1.85,3.2,1.74,1.85,3.25,,,2.1,-0.5,1.6,3.1,,3.25,1.85,Moreirense,Guimaraes,Moreirense_Guimaraes_2004
6,3.25,2.1,,,1.91,3.4,3.25,3.3,3.5,,3.75,3.2,1.9,1.95,3.75,1.85,3.2,1.74,1.85,3.25,,,1.85,-0.5,1.79,2.9,,3.25,1.85,Penafiel,Setubal,Penafiel_Setubal_2004
7,3.1,2.4,,,2.38,2.62,3.2,2.65,2.62,,2.75,3.25,2.3,2.35,2.75,2.3,2.7,1.48,2.3,3.1,,,1.9,-0.5,1.75,2.9,,3.2,2.3,Academica,Sp Braga,Academica_Sp Braga_2004
8,3.25,1.8,,,1.9,3.4,3.4,3.8,,,4.0,,,1.8,3.8,1.8,3.8,1.79,1.8,3.25,,,1.95,-0.5,1.71,3.1,,3.25,1.8,Guimaraes,Academica,Guimaraes_Academica_2004
9,3.1,2.5,,,2.5,2.5,3.2,2.5,2.4,,2.5,3.1,2.6,2.5,2.45,2.55,2.5,1.9,2.5,3.1,,,2.0,0.0,1.65,3.0,,3.2,1.9,Gil Vicente,Boavista,Gil Vicente_Boavista_2004
10,5.0,1.3,,,1.3,8.0,5.0,9.5,8.0,,9.0,5.0,1.25,1.22,9.0,1.25,8.0,1.85,1.25,4.33,,,1.65,-1.5,2.0,4.2,,5.0,1.95,Benfica,Moreirense,Benfica_Moreirense_2004
11,3.5,1.85,,,1.66,4.33,3.4,4.5,5.0,,4.4,3.3,1.615,1.61,4.05,1.75,3.6,1.8,1.7,3.4,,,1.9,-0.75,1.75,3.1,,3.4,2.0,Leiria,Estoril,Leiria_Estoril_2004
12,3.5,1.7,,,1.57,5.0,3.55,5.0,6.0,,5.0,3.4,1.5,1.57,4.9,1.6,4.2,2.08,1.6,3.5,,,1.9,-0.75,1.75,3.2,,3.5,1.75,Maritimo,Penafiel,Maritimo_Penafiel_2004
13,3.3,3.5,,,3.8,1.8,3.4,1.8,1.727,,1.8,3.4,4.0,3.75,1.75,4.05,1.9,1.8,4.0,3.3,,,1.83,0.5,1.83,3.1,,3.3,1.81,Sp Braga,Porto,Sp Braga_Porto_2004
14,3.4,1.7,,,,,3.5,4.0,4.5,,4.6,3.5,1.615,1.72,4.55,1.65,4.2,1.9,1.65,,,,1.75,-0.75,1.9,3.2,,3.5,1.9,Nacional,Beira Mar,Nacional_Beira Mar_2004
15,3.3,3.5,,,3.8,1.8,3.35,1.8,1.8,,1.85,3.2,4.0,3.75,1.85,3.65,1.9,1.85,3.75,3.3,,,1.79,0.5,1.85,3.1,,3.3,1.76,Setubal,Sp Lisbon,Setubal_Sp Lisbon_2004
16,3.4,2.0,,,1.9,3.4,3.25,3.5,4.0,,3.6,3.2,1.8,1.83,3.3,2.0,3.3,1.71,1.9,3.25,,,1.9,-0.5,1.75,3.0,,3.25,1.9,Rio Ave,Belenenses,Rio Ave_Belenenses_2004
17,3.2,1.65,,,1.62,4.75,3.55,5.25,4.5,,4.9,3.5,1.61,1.6,4.9,1.6,4.4,1.9,1.6,3.4,,,2.0,-0.75,1.65,3.3,,3.55,1.9,Boavista,Setubal,Boavista_Setubal_2004
18,6.0,1.2,,,1.17,12.0,6.0,12.0,11.0,,13.0,5.5,1.16,1.14,13.0,1.15,10.0,,1.17,5.5,,,1.55,,2.2,5.0,,5.5,,Porto,Estoril,Porto_Estoril_2004
19,3.4,4.4,,,4.33,1.67,3.45,1.66,1.72,,1.75,3.4,4.0,4.33,1.7,4.3,1.65,1.95,4.3,3.4,,,1.83,0.75,1.83,3.3,,3.25,1.85,Academica,Benfica,Academica_Benfica_2004
20,3.1,2.0,,,2.0,3.2,3.3,3.6,3.5,,3.65,3.2,1.9,1.9,3.55,1.9,3.2,1.71,1.9,3.2,,,1.95,-0.5,1.71,3.1,,3.2,1.9,Beira Mar,Gil Vicente,Beira Mar_Gil Vicente_2004
21,3.0,1.9,,,2.2,2.75,3.3,3.4,3.0,,3.1,3.2,2.1,2.0,3.55,1.9,3.5,1.57,2.1,3.25,,,1.9,-0.5,1.75,3.1,,3.2,2.1,Belenenses,Leiria,Belenenses_Leiria_2004
22,3.0,2.0,,,2.2,2.88,3.25,2.85,3.0,,3.1,3.0,2.2,2.25,3.3,2.0,3.2,1.95,2.2,3.1,,,1.9,-0.25,1.75,3.1,,3.0,1.85,Moreirense,Nacional,Moreirense_Nacional_2004
23,2.9,2.4,,,2.5,2.5,3.15,2.5,2.5,,2.5,3.1,2.5,2.62,2.55,2.5,2.7,2.0,2.5,3.1,,,1.95,0.0,1.71,2.9,,3.2,1.8,Penafiel,Rio Ave,Penafiel_Rio Ave_2004
24,4.0,1.33,,,1.36,8.0,4.5,8.0,7.0,,7.0,4.33,1.33,1.33,8.25,1.3,7.5,1.84,1.35,3.75,,,1.75,-1.5,1.9,4.0,,4.35,1.96,Sp Lisbon,Maritimo,Sp Lisbon_Maritimo_2004
25,3.25,1.9,,,1.83,3.75,3.35,3.75,3.75,,4.0,3.2,1.83,1.8,3.65,1.85,3.5,1.75,1.85,3.2,,,1.95,-0.5,1.66,3.1,,3.1,1.85,Sp Braga,Guimaraes,Sp Braga_Guimaraes_2004
26,4.5,1.3,,,1.29,8.0,5.0,8.0,8.0,,9.0,5.0,1.25,1.28,9.0,1.25,8.0,1.95,1.25,4.5,,,1.66,-1.5,1.95,4.2,,5.0,1.85,Porto,Leiria,Porto_Leiria_2004
27,3.3,1.8,,,1.85,3.6,3.4,3.75,3.75,,3.75,3.2,1.83,1.8,3.8,1.8,3.8,1.84,1.85,3.25,,,1.95,-0.5,1.71,3.1,,3.3,1.75,Setubal,Beira Mar,Setubal_Beira Mar_2004
28,3.3,3.6,,,3.6,1.85,3.35,1.83,1.9,,1.9,3.2,3.5,3.6,1.85,3.65,1.85,1.9,3.6,3.25,,,1.95,0.5,1.71,3.1,,3.25,1.71,Guimaraes,Porto,Guimaraes_Porto_2004
29,3.2,2.1,,,2.25,2.8,3.2,3.0,2.75,,3.0,3.2,2.25,2.1,2.9,2.2,3.3,1.85,2.2,3.1,,,2.1,-0.25,1.6,2.8,,3.1,1.95,Maritimo,Boavista,Maritimo_Boavista_2004
30,3.75,1.35,,,1.4,7.0,4.0,7.0,7.0,,6.8,4.33,1.33,1.4,6.75,1.4,7.0,1.9,1.4,3.75,,,,-1.25,,4.0,,4.0,1.9,Benfica,Sp Braga,Benfica_Sp Braga_2004
31,3.1,1.85,,,2.2,2.8,3.25,2.87,2.8,,3.0,3.2,2.2,2.2,2.95,2.15,3.6,1.95,2.2,3.2,,,1.95,-0.25,1.71,3.1,,3.1,1.85,Gil Vicente,Moreirense,Gil Vicente_Moreirense_2004
32,3.4,1.6,,,1.62,4.75,3.65,4.5,4.33,,5.0,3.4,1.66,1.6,5.8,1.5,4.6,1.8,1.6,3.4,,,1.83,-1.0,1.83,3.4,,3.5,2.0,Leiria,Penafiel,Leiria_Penafiel_2004
33,3.4,1.7,,,1.62,4.75,3.55,4.0,4.0,,4.4,3.4,1.72,1.72,4.9,1.6,4.2,2.0,1.7,3.4,,,1.83,-0.75,1.83,3.2,,3.4,1.8,Nacional,Academica,Nacional_Academica_2004
34,3.2,3.1,,,3.2,2.0,3.25,2.05,2.1,,2.1,3.2,3.0,3.1,2.0,3.3,2.1,1.8,3.1,3.2,,,1.95,0.25,1.71,3.0,,3.2,2.0,Rio Ave,Sp Lisbon,Rio Ave_Sp Lisbon_2004
35,3.1,2.5,,,2.38,2.6,3.2,2.5,2.62,,2.55,3.1,2.37,2.5,2.6,2.4,2.5,1.9,2.5,3.1,,,2.0,0.0,1.65,3.0,,3.1,1.9,Estoril,Belenenses,Estoril_Belenenses_2004
36,3.25,1.75,,,1.73,4.2,3.55,4.0,4.5,,4.5,3.25,1.66,1.75,4.9,1.6,4.2,1.85,1.7,3.25,,,2.1,-0.75,1.6,3.1,,3.3,1.95,Boavista,Rio Ave,Boavista_Rio Ave_2004
37,3.2,2.1,,,2.1,3.1,3.25,3.0,3.2,,3.1,3.2,2.0,2.1,2.95,2.15,3.1,1.95,2.1,3.1,,,1.85,-0.25,1.79,3.0,,3.2,1.85,Academica,Gil Vicente,Academica_Gil Vicente_2004
38,3.3,3.6,,,3.75,1.8,3.4,1.8,1.66,,1.8,3.25,4.5,3.75,1.75,4.05,1.85,1.8,4.0,3.3,,,1.95,0.5,1.71,3.1,,3.25,1.79,Guimaraes,Benfica,Guimaraes_Benfica_2004
39,3.2,2.0,,,2.1,3.1,3.25,3.0,3.0,,3.1,3.2,2.1,2.1,3.4,1.95,3.3,1.95,2.1,3.1,,,1.95,-0.25,1.71,3.0,,3.2,1.85,Moreirense,Setubal,Moreirense_Setubal_2004
40,3.1,2.1,,,2.0,3.2,3.3,3.2,3.0,,3.35,3.2,2.1,2.05,3.55,1.9,3.1,2.0,2.0,3.2,,,1.9,-0.25,1.75,3.0,,3.2,1.8,Penafiel,Estoril,Penafiel_Estoril_2004
41,4.33,1.35,,,1.33,8.0,4.5,8.0,7.0,,8.0,4.0,1.36,1.3,8.25,1.3,7.0,2.92,1.3,4.0,,,1.71,-0.5,1.95,4.0,,4.6,1.3,Porto,Belenenses,Porto_Belenenses_2004
42,3.75,1.4,,,1.4,7.0,4.2,7.0,6.5,,6.4,3.6,1.44,1.4,7.5,1.35,6.5,2.36,1.45,3.75,,,1.79,-0.5,1.85,3.7,,3.75,1.45,Sp Lisbon,Leiria,Sp Lisbon_Leiria_2004
43,3.2,1.8,,,1.85,3.6,3.4,3.75,3.5,,3.05,3.2,1.9,1.83,3.8,1.8,3.8,1.85,1.75,3.25,,,2.0,-0.5,1.65,3.1,,3.4,1.75,Sp Braga,Nacional,Sp Braga_Nacional_2004
44,3.0,2.2,,,2.25,2.88,3.25,2.87,3.0,,3.0,3.2,2.1,2.25,3.05,2.1,3.0,1.51,2.2,3.0,,,1.85,-0.5,1.79,2.9,,3.05,2.2,Beira Mar,Maritimo,Beira Mar_Maritimo_2004
45,3.25,2.3,2.5,,2.5,2.5,3.2,2.5,2.6,2.5,2.5,3.1,2.4,2.4,2.65,2.35,2.7,2.5,2.5,3.1,,,1.9,0.5,1.75,3.0,3.2,3.2,1.4,Gil Vicente,Sp Braga,Gil Vicente_Sp Braga_2004
46,3.25,3.5,,,3.5,1.91,3.25,1.95,1.9,,1.95,3.2,3.5,3.3,1.95,3.4,1.9,1.95,3.5,3.2,,,1.9,0.5,1.75,3.1,,3.2,1.67,Estoril,Sp Lisbon,Estoril_Sp Lisbon_2004
47,3.5,1.55,,,1.57,5.0,3.6,5.0,5.5,,5.9,3.5,1.53,1.57,5.3,1.55,4.8,2.24,1.5,3.5,,,1.83,-0.5,1.83,3.5,,3.6,1.5,Maritimo,Moreirense,Maritimo_Moreirense_2004
48,3.4,1.9,,,1.8,4.0,3.4,3.6,4.0,,4.1,3.4,1.72,1.8,4.05,1.75,3.5,1.8,1.8,3.1,,,1.83,-0.5,1.83,3.1,,3.2,1.8,Nacional,Guimaraes,Nacional_Guimaraes_2004
49,3.4,1.7,,,1.73,4.2,3.45,4.0,4.33,,4.5,3.4,1.66,1.72,4.3,1.7,4.2,1.9,1.7,3.25,,,1.83,-0.5,1.83,3.2,,3.3,1.7,Belenenses,Penafiel,Belenenses_Penafiel_2004
50,2.9,2.1,,,2.25,2.8,3.2,2.8,2.75,,2.9,3.0,2.37,2.37,2.75,2.3,3.1,1.47,2.3,3.1,,,2.0,-0.5,1.65,3.0,,3.0,2.3,Benfica,Porto,Benfica_Porto_2004
51,3.2,2.2,,,2.3,2.62,3.2,2.75,2.8,,3.0,3.1,2.25,2.25,2.9,2.2,3.0,1.52,2.2,3.2,,,1.9,-0.5,1.75,2.9,,3.1,2.2,Leiria,Boavista,Leiria_Boavista_2004
52,3.4,1.85,,,1.83,3.75,3.25,3.5,3.75,,4.0,3.2,1.83,1.83,3.3,2.0,3.6,1.75,1.85,3.2,,,1.85,-0.5,1.79,3.1,,3.1,1.85,Rio Ave,Beira Mar,Rio Ave_Beira Mar_2004
53,3.4,1.8,4.5,,1.75,4.2,3.45,4.0,4.5,1.667,4.2,3.3,1.66,1.72,4.3,1.7,3.8,1.85,1.75,3.2,,,1.83,-0.5,1.83,3.1,3.25,3.3,1.75,Setubal,Academica,Setubal_Academica_2004
54,3.6,1.5,6.0,,1.5,5.5,4.0,6.5,6.5,1.5,6.0,3.75,1.44,1.44,6.75,1.4,5.4,2.25,1.5,3.6,,,2.0,-0.5,1.65,3.5,3.4,3.6,1.5,Boavista,Estoril,Boavista_Estoril_2004
55,3.2,2.2,,,2.25,2.75,3.2,3.0,2.75,,3.0,3.2,2.25,2.1,2.8,2.25,3.1,1.5,2.25,3.2,,,1.95,-0.5,1.71,2.8,,3.0,2.25,Moreirense,Rio Ave,Moreirense_Rio Ave_2004
56,3.3,1.75,,,1.73,4.2,3.4,4.2,4.33,,4.25,3.2,1.72,1.7,3.8,1.8,4.0,1.86,1.75,3.25,,,1.95,-0.5,1.71,3.2,,3.3,1.75,Sp Braga,Setubal,Sp Braga_Setubal_2004
57,3.6,1.4,,,1.44,6.0,4.0,6.5,5.5,,6.5,3.6,1.5,1.44,6.75,1.4,6.0,2.38,1.45,3.75,,,1.71,-0.5,1.95,3.9,,3.75,1.45,Sp Lisbon,Belenenses,Sp Lisbon_Belenenses_2004
58,3.1,2.4,,,2.5,2.5,3.15,2.4,2.5,,2.5,3.0,2.62,2.6,2.5,2.5,2.7,2.5,2.55,3.1,,,1.9,0.5,1.75,2.9,,3.1,1.4,Academica,Maritimo,Academica_Maritimo_2004
59,3.2,2.0,,,2.0,3.2,3.25,3.2,3.5,,3.4,3.25,1.9,2.0,3.4,1.95,3.3,1.64,2.0,3.2,,,1.9,-0.5,1.75,3.0,,3.15,2.0,Beira Mar,Leiria,Beira Mar_Leiria_2004
60,4.0,1.33,,,1.3,8.0,5.0,8.0,7.5,,8.5,4.33,1.33,1.33,9.0,1.25,7.5,2.94,1.3,4.33,,,1.71,-0.5,1.95,4.0,,4.5,1.3,Benfica,Nacional,Benfica_Nacional_2004
61,3.3,1.8,,,1.8,3.75,3.4,3.5,4.0,,4.0,3.2,1.8,1.85,3.8,1.8,3.8,1.79,1.8,3.3,,,1.9,-0.5,1.75,3.1,,3.25,1.8,Guimaraes,Gil Vicente,Guimaraes_Gil Vicente_2004
62,,1.2,,,1.2,11.0,5.5,,11.0,,11.0,5.0,1.2,,10.0,1.2,10.0,3.58,1.2,5.0,,,1.65,-0.5,2.0,5.0,,5.3,1.2,Porto,Penafiel,Porto_Penafiel_2004
63,3.2,3.8,1.727,,3.75,1.8,3.4,1.83,1.72,4.0,1.8,3.25,4.33,3.75,1.8,3.8,1.8,1.8,4.0,3.3,,,1.83,0.5,1.83,3.1,3.4,3.25,1.79,Nacional,Porto,Nacional_Porto_2004
64,3.25,4.4,1.727,,4.0,1.73,3.45,1.72,1.72,4.333,1.75,3.25,4.33,4.2,1.75,4.0,1.65,1.75,4.0,3.4,,,1.9,0.5,1.75,3.3,3.2,3.45,1.85,Penafiel,Sp Lisbon,Penafiel_Sp Lisbon_2004
65,3.2,2.3,,,2.2,2.75,3.25,2.7,2.8,,2.75,3.2,2.2,2.25,2.95,2.15,2.8,1.5,2.25,3.25,,,1.9,-0.5,1.75,2.9,,3.3,2.25,Belenenses,Boavista,Belenenses_Boavista_2004
66,3.2,2.2,,,2.25,2.7,3.25,2.7,2.75,,2.8,3.2,2.25,2.25,2.95,2.15,3.0,1.47,2.3,3.25,,,1.83,-0.5,1.83,2.9,,3.1,2.3,Estoril,Beira Mar,Estoril_Beira Mar_2004
67,3.5,4.8,1.444,,5.5,1.53,3.6,1.53,1.5,6.5,1.55,3.5,5.5,5.5,1.55,5.3,1.55,1.55,5.25,3.5,,,1.83,0.5,1.83,3.5,3.6,3.6,2.14,Gil Vicente,Benfica,Gil Vicente_Benfica_2004
68,3.3,1.75,,,1.75,4.0,3.4,4.0,4.0,,3.85,3.4,1.72,1.75,3.8,1.8,4.0,1.79,1.8,3.3,,,1.83,-0.5,1.83,3.2,,3.35,1.8,Leiria,Moreirense,Leiria_Moreirense_2004
69,3.3,1.75,,,1.8,3.8,3.4,4.0,4.0,,4.1,3.2,1.8,1.75,3.8,1.8,4.0,1.8,1.8,3.25,,,2.0,-0.5,1.65,3.2,,3.2,1.8,Rio Ave,Academica,Rio Ave_Academica_2004
70,3.25,1.85,3.5,,1.91,3.4,3.4,3.4,3.5,1.909,3.4,3.2,1.9,1.9,3.8,1.8,3.6,1.66,1.95,3.25,,,1.83,-0.5,1.83,3.1,3.2,3.25,1.95,Maritimo,Sp Braga,Maritimo_Sp Braga_2004
71,3.3,1.8,3.75,,1.8,3.8,3.45,3.75,4.0,1.8,3.75,3.2,1.8,1.8,4.3,1.7,3.8,1.74,1.85,3.25,,,1.9,-0.5,1.75,3.1,3.25,3.25,1.85,Setubal,Guimaraes,Setubal_Guimaraes_2004
72,3.25,2.2,3.0,-0.25,2.1,3.0,3.25,2.75,3.0,2.1,2.95,3.2,2.1,2.2,3.05,2.1,3.0,1.55,2.15,3.2,1.825,2.025,1.9,-0.5,1.75,2.9,3.2,3.25,2.15,Beira Mar,Belenenses,Beira Mar_Belenenses_2004
73,3.75,1.45,,-1.25,1.44,6.0,4.0,7.0,6.0,,7.0,3.75,1.44,1.4,6.75,1.4,5.8,2.53,1.4,3.75,2.0,1.85,1.9,-0.5,1.75,3.6,,3.95,1.4,Boavista,Penafiel,Boavista_Penafiel_2004
74,3.2,2.3,,-0.25,2.3,2.7,3.2,2.65,2.62,,2.65,3.1,2.37,2.3,2.65,2.35,2.8,1.46,2.35,3.1,2.025,1.825,2.0,-0.5,1.65,2.9,,3.25,2.35,Guimaraes,Maritimo,Guimaraes_Maritimo_2004
75,3.2,2.2,,-0.25,2.1,3.0,3.2,3.2,3.0,,3.1,3.2,2.1,2.0,2.9,2.2,3.0,1.57,2.1,3.2,1.95,1.9,1.95,-0.5,1.71,2.9,,3.2,2.1,Academica,Leiria,Academica_Leiria_2004
76,3.75,1.45,,-1.25,1.4,7.0,3.8,7.0,7.0,,6.75,3.75,1.4,1.4,6.25,1.45,5.8,2.51,1.4,3.75,2.025,1.825,1.79,-0.5,1.85,3.6,,4.0,1.4,Benfica,Setubal,Benfica_Setubal_2004
77,3.2,1.9,,-0.5,2.0,3.3,3.3,3.2,3.2,,3.45,3.2,2.0,2.0,3.55,1.9,3.5,1.63,2.0,3.1,2.025,1.825,1.9,-0.5,1.75,3.1,,3.1,2.0,Moreirense,Estoril,Moreirense_Estoril_2004
78,3.5,1.6,,-1.0,1.57,5.0,3.65,5.25,5.0,,5.5,3.5,1.57,1.55,5.8,1.5,4.8,2.14,1.55,3.5,2.025,1.825,1.83,-0.5,1.83,3.3,,3.5,1.55,Nacional,Gil Vicente,Nacional_Gil Vicente_2004
79,3.2,2.0,,-0.5,2.0,3.3,3.3,3.7,3.5,,3.6,3.2,1.9,1.85,3.55,1.9,3.4,1.64,2.0,3.1,2.025,1.825,2.0,-0.5,1.65,2.9,,3.0,2.0,Sp Braga,Rio Ave,Sp Braga_Rio Ave_2004
80,3.25,1.8,4.333,-0.5,1.75,4.0,3.4,4.2,4.33,1.727,3.8,3.2,1.72,1.72,3.8,1.8,3.8,1.79,1.8,3.3,1.9,1.95,1.95,-0.5,1.71,3.1,3.2,3.4,1.8,Porto,Sp Lisbon,Porto_Sp Lisbon_2004
81,3.25,1.8,3.75,-0.5,1.85,3.6,3.4,4.0,3.6,1.8,3.8,3.25,1.83,1.75,3.8,1.8,3.8,1.75,1.85,3.25,1.925,1.925,1.95,-0.5,1.71,3.1,3.25,3.25,1.85,Estoril,Academica,Estoril_Academica_2004
82,3.3,1.65,5.0,-0.75,1.62,4.75,3.45,4.2,4.5,1.62,4.75,3.5,1.61,1.7,4.3,1.7,4.4,1.98,1.65,3.4,2.0,1.85,1.9,-0.5,1.75,3.3,3.25,3.4,1.65,Belenenses,Moreirense,Belenenses_Moreirense_2004
83,3.4,4.8,1.57,1.0,5.5,1.53,3.65,1.5,1.57,5.0,1.6,3.5,5.0,6.0,1.5,5.8,1.55,1.6,5.0,3.4,1.85,2.0,1.9,0.5,1.75,3.5,3.5,3.5,2.06,Gil Vicente,Porto,Gil Vicente_Porto_2004
84,3.1,2.8,2.1,0.25,2.88,2.2,3.25,2.1,2.1,3.0,2.2,3.25,3.0,3.1,2.15,2.95,2.3,2.2,3.1,3.1,2.0,1.85,1.95,0.5,1.71,2.9,3.2,3.0,1.52,Maritimo,Benfica,Maritimo_Benfica_2004
85,3.2,2.3,3.0,-0.25,2.25,2.75,3.2,3.1,2.75,2.1,2.8,3.2,2.25,2.05,2.8,2.25,2.8,1.49,2.25,3.2,2.0,1.85,1.95,-0.5,1.71,2.9,3.2,3.2,2.25,Penafiel,Beira Mar,Penafiel_Beira Mar_2004
86,3.25,1.75,3.75,-0.5,1.8,3.8,3.45,3.6,3.75,1.8,3.8,3.4,1.8,1.85,4.3,1.7,4.0,1.79,1.8,3.25,1.825,2.025,1.95,-0.5,1.71,3.2,3.25,3.4,1.8,Setubal,Nacional,Setubal_Nacional_2004
87,3.2,2.1,2.75,-0.25,2.25,2.8,3.2,2.75,2.75,2.25,2.8,3.2,2.25,2.25,2.75,2.3,3.1,1.49,2.25,3.1,2.0,1.85,2.0,-0.5,1.65,3.0,3.2,3.2,2.25,Leiria,Sp Braga,Leiria_Sp Braga_2004
88,3.4,1.7,5.0,-0.75,1.67,4.33,3.4,4.8,4.5,1.62,4.35,3.5,1.61,1.6,4.05,1.75,4.2,1.91,1.7,3.4,1.925,1.925,1.95,-0.5,1.71,3.2,3.25,3.4,1.7,Sp Lisbon,Boavista,Sp Lisbon_Boavista_2004
89,3.2,1.85,3.75,-0.5,1.83,3.75,3.4,3.5,3.75,1.8,3.8,3.4,1.8,1.9,4.05,1.75,3.8,1.79,1.8,3.2,1.85,2.0,2.0,-0.5,1.65,3.0,3.25,3.4,1.8,Rio Ave,Guimaraes,Rio Ave_Guimaraes_2004
90,3.2,2.5,2.75,0.0,2.38,2.7,3.2,2.8,2.7,2.38,2.75,3.0,2.4,2.2,2.75,2.3,2.7,1.43,2.4,3.0,1.775,2.075,2.0,-0.5,1.65,2.8,3.0,3.0,2.4,Nacional,Maritimo,Nacional_Maritimo_2004
91,3.4,3.8,,0.75,3.75,1.83,3.4,1.8,1.9,,1.8,3.25,3.4,3.6,1.75,4.05,1.8,1.8,4.0,3.2,1.9,1.95,1.79,0.5,1.85,3.1,,3.25,1.79,Beira Mar,Sp Lisbon,Beira Mar_Sp Lisbon_2004
92,3.75,1.5,,-1.0,1.5,6.0,3.65,7.0,5.5,,7.0,3.6,1.5,1.4,5.8,1.5,5.4,2.44,1.42,3.4,1.95,1.9,1.85,-0.5,1.79,3.5,,3.75,1.42,Porto,Boavista,Porto_Boavista_2004
93,4.5,1.33,9.0,-1.25,1.33,8.0,4.5,8.0,7.0,1.286,8.25,4.33,1.33,1.28,8.25,1.3,7.5,2.91,1.3,4.0,1.775,2.075,1.85,-0.5,1.79,4.0,4.333,4.5,1.3,Benfica,Rio Ave,Benfica_Rio Ave_2004
94,3.2,2.5,,0.25,2.7,2.38,3.25,2.15,2.4,,2.4,3.0,2.7,2.9,2.1,3.05,2.5,2.4,2.7,3.0,1.875,1.975,1.95,0.5,1.71,3.0,,3.1,1.44,Gil Vicente,Setubal,Gil Vicente_Setubal_2004
95,3.2,2.1,,-0.25,2.1,3.1,3.25,2.8,3.0,,3.2,3.0,2.2,2.2,3.05,2.1,3.1,1.57,2.1,3.1,1.875,1.975,2.0,-0.5,1.65,3.0,,3.1,2.1,Guimaraes,Leiria,Guimaraes_Leiria_2004
96,3.2,1.9,,-0.5,1.91,3.5,3.3,3.0,3.2,,3.75,3.2,2.0,2.1,3.55,1.9,3.6,1.71,1.9,3.2,1.975,1.875,1.9,-0.5,1.75,3.0,,3.15,1.9,Moreirense,Penafiel,Moreirense_Penafiel_2004
97,3.5,1.65,,-0.5,1.7,4.33,3.45,4.5,4.0,,4.4,3.4,1.72,1.6,4.3,1.7,4.4,1.87,1.73,3.25,1.75,2.1,1.85,-0.5,1.79,3.3,,3.25,1.73,Sp Braga,Estoril,Sp Braga_Estoril_2004
98,3.2,2.1,3.0,-0.25,2.1,3.1,3.25,3.2,3.0,2.1,3.0,3.0,2.2,2.0,3.05,2.1,3.1,1.52,2.2,3.1,1.825,2.025,1.9,-0.5,1.75,3.0,3.2,3.1,2.2,Academica,Belenenses,Academica_Belenenses_2004
99,3.4,1.45,6.0,-1.0,1.5,5.5,4.0,6.0,5.5,1.5,6.25,3.6,1.5,1.5,6.75,1.4,5.4,2.24,1.5,3.6,1.95,1.9,1.95,-0.5,1.71,3.8,3.4,3.5,1.5,Boavista,Beira Mar,Boavista_Beira Mar_2004
100,3.1,2.2,,-0.25,2.2,2.88,3.2,2.87,3.1,,3.0,3.1,2.1,2.2,2.9,2.2,3.0,1.52,2.2,3.1,1.9,1.95,1.83,-0.5,1.83,2.9,,3.1,2.2,Belenenses,Sp Braga,Belenenses_Sp Braga_2004
101,3.1,2.2,,-0.25,2.0,3.3,3.25,2.87,3.4,,3.2,3.25,1.9,2.2,3.45,1.95,3.0,1.55,2.15,3.1,1.8,2.05,2.0,-0.5,1.65,2.9,,3.0,2.15,Estoril,Guimaraes,Estoril_Guimaraes_2004
102,3.2,3.6,,0.5,3.75,1.83,3.4,1.83,1.8,,1.9,3.25,3.8,3.75,1.8,3.8,1.85,1.9,3.8,3.2,1.9,1.95,1.95,0.5,1.71,3.1,,3.1,1.71,Leiria,Benfica,Leiria_Benfica_2004
103,3.6,1.45,,-1.25,1.5,5.5,3.65,6.5,5.5,,6.25,3.6,1.5,1.44,5.8,1.5,5.4,2.24,1.5,3.6,2.05,1.8,1.95,-0.5,1.71,3.8,,3.5,1.5,Maritimo,Gil Vicente,Maritimo_Gil Vicente_2004
104,3.2,2.1,,-0.5,2.0,3.2,3.25,3.2,3.2,,3.4,3.2,2.0,2.0,3.3,2.0,3.2,1.64,2.0,3.2,2.05,1.8,2.0,-0.5,1.65,2.9,,3.15,2.0,Penafiel,Academica,Penafiel_Academica_2004
105,3.2,1.8,,-0.5,1.91,3.75,3.4,3.2,4.0,,3.95,3.1,1.83,2.0,4.35,1.7,3.8,1.71,1.9,3.0,1.975,1.875,1.95,-0.5,1.71,3.1,,3.0,1.9,Rio Ave,Nacional,Rio Ave_Nacional_2004
106,4.5,1.25,,-1.5,1.29,8.0,4.5,8.0,8.0,,8.25,5.0,1.25,1.28,8.25,1.3,9.0,2.91,1.3,4.5,1.875,1.975,1.65,-0.5,2.0,4.5,,4.5,1.3,Sp Lisbon,Moreirense,Sp Lisbon_Moreirense_2004
107,3.2,3.8,1.833,0.5,3.5,1.91,3.25,1.83,2.0,3.6,1.95,3.2,3.2,3.75,2.0,3.3,1.8,1.95,3.5,3.2,1.9,1.95,2.0,0.5,1.65,3.1,3.25,3.2,1.67,Setubal,Porto,Setubal_Porto_2004
108,5.0,1.22,10.0,-1.5,1.22,9.5,,11.0,8.0,1.22,9.25,5.0,1.25,1.2,,,9.5,3.35,1.23,5.0,1.925,1.925,1.65,-0.5,2.0,4.8,5.0,5.25,1.23,Porto,Beira Mar,Porto_Beira Mar_2004
109,3.1,2.0,3.2,-0.5,2.0,3.2,3.3,3.5,3.2,2.0,3.4,3.2,2.0,1.95,3.55,1.9,3.3,1.64,2.0,3.2,2.05,1.8,1.85,-0.5,1.79,3.0,3.2,3.15,2.0,Guimaraes,Belenenses,Guimaraes_Belenenses_2004
110,3.1,2.2,3.0,-0.25,2.1,3.1,3.25,3.0,3.0,2.1,3.0,3.2,2.1,2.15,3.05,2.1,3.0,1.52,2.2,3.1,1.925,1.925,1.95,-0.5,1.71,2.9,3.2,3.1,2.2,Nacional,Leiria,Nacional_Leiria_2004
111,3.3,3.8,1.8,0.5,3.75,1.83,3.4,1.8,1.9,3.75,1.87,3.25,3.4,3.75,1.8,3.8,1.8,1.87,3.7,3.2,2.0,1.85,1.83,0.5,1.83,3.1,3.25,3.25,1.73,Academica,Sp Lisbon,Academica_Sp Lisbon_2004
112,3.0,2.4,2.75,-0.25,2.4,2.6,3.2,3.0,2.62,2.25,2.7,3.0,2.5,2.2,2.6,2.4,2.9,1.44,2.4,3.1,1.975,1.875,1.95,-0.5,1.71,2.7,3.2,3.1,2.4,Gil Vicente,Rio Ave,Gil Vicente_Rio Ave_2004
113,3.1,3.5,2.0,0.5,3.5,1.91,3.25,2.1,1.8,3.2,2.0,3.2,4.0,3.1,2.0,3.3,1.9,2.0,3.35,3.2,1.825,2.025,1.9,0.5,1.75,3.1,3.2,3.2,1.64,Moreirense,Boavista,Moreirense_Boavista_2004
114,3.2,2.1,3.0,-0.25,2.1,3.0,3.3,3.2,3.1,2.1,3.05,3.1,2.1,2.0,3.55,1.9,3.2,1.55,2.15,3.2,1.8,2.05,1.95,-0.5,1.71,2.9,3.2,3.15,2.15,Setubal,Maritimo,Setubal_Maritimo_2004
115,3.4,1.55,5.0,-1.0,1.57,5.0,3.65,5.5,5.0,1.57,5.25,3.5,1.57,1.55,5.8,1.5,5.0,2.06,1.6,3.5,1.925,1.925,1.71,-0.5,1.95,3.4,3.5,3.4,1.6,Sp Braga,Penafiel,Sp Braga_Penafiel_2004
116,4.5,1.27,8.0,-1.5,1.29,8.0,4.5,8.0,8.0,1.29,9.0,4.5,1.28,1.28,8.25,1.3,8.5,3.02,1.28,4.5,1.925,1.925,1.71,-0.5,1.95,4.3,4.5,4.55,1.28,Benfica,Estoril,Benfica_Estoril_2004
117,4.0,1.35,8.0,-1.25,1.33,7.0,4.25,8.0,8.0,1.29,7.7,4.5,1.28,1.33,7.4,1.35,7.5,2.63,1.37,4.33,2.0,1.85,1.83,-0.5,1.83,3.8,4.5,4.0,1.37,Boavista,Academica,Boavista_Academica_2004
118,3.1,2.0,,-0.25,2.1,3.1,3.25,2.95,3.0,,3.2,3.2,2.1,2.15,3.05,2.1,3.4,1.57,2.1,3.1,1.8,2.05,1.83,-0.5,1.83,2.9,,3.1,2.1,Rio Ave,Setubal,Rio Ave_Setubal_2004
119,3.75,1.5,,-1.25,1.5,5.5,3.6,7.0,5.5,,6.5,3.6,1.5,1.4,5.3,1.55,5.4,2.32,1.47,3.6,2.05,1.8,1.75,-0.5,1.9,3.5,,3.6,1.47,Sp Lisbon,Sp Braga,Sp Lisbon_Sp Braga_2004
120,3.3,1.75,,-0.5,1.75,4.0,3.4,4.0,4.33,,4.1,3.4,1.66,1.75,3.8,1.8,4.0,1.8,1.8,3.3,1.85,2.0,1.85,-0.5,1.79,3.2,,3.2,1.8,Beira Mar,Moreirense,Beira Mar_Moreirense_2004
121,3.25,3.6,,0.5,3.75,1.8,3.3,1.8,1.83,,1.85,3.25,3.6,3.8,1.85,3.7,1.85,1.85,3.8,3.3,1.925,1.925,1.85,0.5,1.79,3.1,,3.25,1.75,Belenenses,Benfica,Belenenses_Benfica_2004
122,3.2,1.9,,-0.5,2.0,3.2,3.3,3.2,3.2,,3.35,3.2,2.0,2.0,3.55,1.9,3.5,1.64,2.0,3.2,2.1,1.75,1.9,-0.5,1.75,3.1,,3.2,2.0,Estoril,Nacional,Estoril_Nacional_2004
123,3.35,1.7,,-0.75,1.67,4.5,3.35,4.5,5.0,,4.55,3.25,1.61,1.65,4.8,1.65,4.2,1.91,1.7,3.3,2.025,1.825,1.95,-0.5,1.71,3.2,,3.3,1.7,Leiria,Gil Vicente,Leiria_Gil Vicente_2004
124,3.2,2.2,,-0.25,2.1,3.1,3.25,3.0,3.0,,3.1,3.2,2.1,2.1,3.45,1.95,3.0,1.52,2.2,3.1,1.925,1.925,2.0,-0.5,1.65,2.9,,3.0,2.2,Penafiel,Guimaraes,Penafiel_Guimaraes_2004
125,5.0,1.22,11.0,-1.75,1.2,11.0,6.0,9.5,11.0,1.2,11.0,5.0,1.2,1.22,13.0,1.15,9.5,3.6,1.2,5.0,2.05,1.8,1.65,-0.5,2.0,4.8,5.0,5.35,1.2,Porto,Moreirense,Porto_Moreirense_2004
126,4.33,1.27,,-1.5,1.3,8.0,4.5,8.0,8.0,,8.25,4.33,1.3,1.3,8.25,1.3,8.5,2.91,1.3,4.33,1.875,1.975,1.65,-0.5,2.0,4.3,,4.5,1.3,Benfica,Penafiel,Benfica_Penafiel_2004
127,3.1,2.3,,0.0,2.4,2.6,3.2,2.7,2.62,,2.75,3.1,2.37,2.3,2.75,2.3,2.9,1.46,2.35,3.1,1.8,2.05,2.0,-0.5,1.65,2.8,,3.1,2.35,Sp Braga,Boavista,Sp Braga_Boavista_2004
128,3.2,1.9,,-0.25,2.1,3.0,3.2,3.2,3.2,,3.25,3.2,2.0,2.0,2.75,2.3,3.5,1.6,2.05,3.2,1.8,2.05,1.95,-0.5,1.71,3.1,,3.15,2.05,Academica,Beira Mar,Academica_Beira Mar_2004
129,3.3,1.85,,-0.5,1.91,3.6,3.4,3.75,3.75,,3.8,3.3,1.8,1.8,3.8,1.8,3.6,1.75,1.85,3.1,1.8,2.05,1.9,-0.5,1.75,3.1,,3.25,1.85,Gil Vicente,Estoril,Gil Vicente_Estoril_2004
130,3.3,1.85,,-0.5,1.85,3.8,3.35,3.75,4.0,,3.95,3.2,1.8,1.8,3.65,1.85,3.6,1.75,1.85,3.1,1.7,2.15,2.0,-0.5,1.65,3.1,,3.15,1.85,Maritimo,Rio Ave,Maritimo_Rio Ave_2004
131,3.1,2.3,,-0.25,2.2,2.88,3.2,2.9,3.2,,3.2,3.0,2.1,2.2,2.8,2.25,2.9,1.57,2.1,3.1,1.8,2.05,1.95,-0.5,1.71,2.8,,3.1,2.1,Nacional,Belenenses,Nacional_Belenenses_2004
132,3.1,2.1,3.0,-0.25,2.1,3.1,2.95,3.1,3.3,2.1,3.2,3.1,2.0,2.1,3.35,2.1,3.3,1.57,2.1,3.1,1.8,2.05,2.0,-0.5,1.65,2.8,3.2,3.1,2.1,Setubal,Leiria,Setubal_Leiria_2004
133,3.2,3.2,,0.5,3.0,2.1,3.2,2.0,2.0,,2.1,3.1,3.3,3.2,2.1,3.1,2.0,2.1,3.15,3.2,1.775,2.075,1.83,0.5,1.83,3.1,,3.15,1.58,Guimaraes,Sp Lisbon,Guimaraes_Sp Lisbon_2004
134,3.1,3.3,2.0,0.25,3.2,2.0,3.2,2.0,2.0,3.2,1.95,3.2,3.2,3.3,1.95,3.5,2.0,1.95,3.5,3.2,2.075,1.775,2.0,0.5,1.65,3.0,3.2,3.2,1.67,Maritimo,Porto,Maritimo_Porto_2004
135,3.1,2.2,2.88,0.0,2.3,2.7,3.2,2.75,2.7,2.25,2.8,3.1,2.3,2.3,2.75,2.3,3.0,1.47,2.3,3.1,1.8,2.05,2.0,-0.5,1.65,2.9,3.0,3.1,2.3,Estoril,Setubal,Estoril_Setubal_2004
136,3.3,1.6,,-0.75,1.62,4.75,3.65,4.5,5.5,,5.0,3.25,1.57,1.66,5.8,1.5,4.6,1.97,1.65,3.4,1.925,1.925,2.0,-0.5,1.65,3.4,,3.25,1.65,Boavista,Guimaraes,Boavista_Guimaraes_2004
137,3.0,2.4,2.8,-0.25,2.2,3.0,3.05,3.0,3.0,2.2,2.9,3.0,2.2,2.2,2.85,2.3,2.7,1.47,2.3,3.0,2.0,1.85,1.83,-0.5,1.83,2.9,3.2,3.0,2.3,Sp Lisbon,Benfica,Sp Lisbon_Benfica_2004
138,3.1,2.8,,0.0,2.7,2.4,3.2,2.4,2.5,,2.5,3.1,2.5,2.6,2.2,2.9,2.3,2.5,2.65,3.0,2.0,1.85,1.85,0.5,1.79,2.9,,3.0,1.41,Beira Mar,Sp Braga,Beira Mar_Sp Braga_2004
139,3.1,1.85,,-0.5,1.83,3.75,3.4,3.6,3.75,,3.75,3.0,1.9,1.9,4.05,1.75,3.6,1.71,1.9,3.2,1.925,1.925,1.83,-0.5,1.83,3.1,,3.15,1.9,Belenenses,Gil Vicente,Belenenses_Gil Vicente_2004
140,3.1,2.1,3.4,-0.25,2.05,3.4,3.25,3.3,3.4,2.0,3.5,3.0,2.0,2.0,3.05,2.1,3.3,1.6,2.05,2.9,1.8,2.05,2.1,-0.5,1.6,2.8,3.0,2.95,2.05,Leiria,Maritimo,Leiria_Maritimo_2004
141,3.1,1.85,,-0.5,2.0,3.4,3.3,3.3,3.4,,3.75,3.0,2.0,2.0,3.55,1.9,3.6,1.67,1.95,3.0,1.925,1.925,1.9,-0.5,1.75,3.1,,3.0,1.95,Moreirense,Academica,Moreirense_Academica_2004
142,3.1,2.0,,-0.5,1.91,3.6,3.15,4.0,3.75,,3.6,3.0,1.9,1.8,3.75,1.9,3.2,1.67,1.95,3.1,2.15,1.7,1.83,-0.5,1.83,3.1,,3.1,1.95,Penafiel,Nacional,Penafiel_Nacional_2004
143,3.75,1.4,9.0,-1.5,1.3,8.0,4.0,8.0,8.0,1.3,7.5,4.33,1.3,1.36,6.75,1.4,6.5,2.69,1.35,4.33,2.1,1.75,1.83,-0.5,1.83,3.7,4.0,4.2,1.35,Porto,Rio Ave,Porto_Rio Ave_2004
144,3.5,4.6,1.533,1.0,5.5,1.53,3.6,1.57,1.53,5.5,1.55,3.4,5.5,5.0,1.55,5.3,1.6,1.55,5.5,3.4,1.8,2.05,2.0,0.5,1.65,3.4,3.4,3.5,2.14,Academica,Porto,Academica_Porto_2004
145,3.25,1.7,4.0,-0.75,1.7,4.2,3.4,4.2,4.33,1.727,4.3,3.2,1.72,1.72,4.05,1.75,4.2,1.9,1.71,3.4,2.05,1.8,1.9,-0.5,1.75,3.2,3.4,3.4,1.71,Guimaraes,Beira Mar,Guimaraes_Beira Mar_2004
146,3.3,1.85,4.5,-0.5,1.73,4.0,3.45,5.0,4.0,1.615,4.3,3.0,1.83,1.61,4.3,1.7,3.6,1.9,1.71,3.4,1.8,2.05,1.85,-0.5,1.79,3.1,3.5,3.4,1.71,Benfica,Boavista,Benfica_Boavista_2004
147,3.25,1.75,4.0,-0.5,1.75,4.0,3.4,4.2,4.0,1.8,4.0,3.1,1.8,1.72,3.8,1.8,4.0,1.79,1.8,3.3,1.8,2.05,1.85,-0.5,1.79,3.2,3.2,3.25,1.8,Gil Vicente,Penafiel,Gil Vicente_Penafiel_2004
148,3.3,1.65,5.0,-0.75,1.62,4.75,3.45,4.5,4.5,1.615,4.3,3.1,1.72,1.66,4.3,1.7,4.6,1.9,1.71,3.4,1.75,2.1,1.95,-0.5,1.71,3.2,3.25,3.4,1.71,Maritimo,Estoril,Maritimo_Estoril_2004
149,3.2,3.8,1.8,0.5,3.75,1.8,3.4,1.83,1.8,4.0,1.8,3.25,3.75,3.75,1.8,3.8,1.8,1.8,4.0,3.3,1.925,1.925,1.83,0.5,1.83,3.1,3.2,3.25,1.79,Nacional,Sp Lisbon,Nacional_Sp Lisbon_2004
150,3.1,2.1,3.2,-0.25,2.1,3.2,3.25,3.2,2.8,2.1,2.9,3.2,2.2,2.05,3.3,2.0,3.1,1.52,2.2,3.0,1.85,2.0,2.0,-0.5,1.65,3.0,3.0,3.2,2.2,Rio Ave,Leiria,Rio Ave_Leiria_2004
151,3.5,1.5,6.5,-1.0,1.5,5.5,3.65,5.5,6.0,1.444,6.0,3.4,1.5,1.53,5.8,1.5,5.0,2.25,1.5,3.6,1.975,1.875,1.83,-0.5,1.83,3.7,3.6,3.6,1.5,Sp Braga,Moreirense,Sp Braga_Moreirense_2004
152,3.1,1.75,4.0,-0.75,1.73,4.2,3.45,4.0,4.5,1.727,4.3,3.1,1.72,1.8,4.3,1.7,4.0,1.9,1.71,3.25,2.1,1.75,1.95,-0.5,1.71,3.2,3.4,3.4,1.71,Setubal,Belenenses,Setubal_Belenenses_2004
153,3.6,1.4,7.0,-1.25,1.4,7.0,4.0,6.5,7.0,1.4,7.3,3.75,1.4,1.44,6.75,1.4,6.0,2.52,1.4,3.75,2.1,1.75,1.95,-0.5,1.71,3.9,3.75,3.85,1.4,Sp Braga,Academica,Sp Braga_Academica_2004
154,5.0,1.27,8.0,-1.5,1.25,8.0,5.0,9.5,9.0,1.25,9.0,5.0,1.22,1.22,9.0,1.25,8.5,3.21,1.25,5.0,1.975,1.875,1.65,-0.5,2.0,4.3,5.0,5.0,1.25,Benfica,Beira Mar,Benfica_Beira Mar_2004
155,3.3,1.65,4.33,-0.75,1.7,4.2,3.45,4.2,4.33,1.66,4.35,3.4,1.66,1.7,4.3,1.7,4.4,1.91,1.7,3.4,1.975,1.875,1.9,-0.5,1.75,3.3,3.4,3.4,1.7,Guimaraes,Moreirense,Guimaraes_Moreirense_2004
156,3.2,2.5,3.0,0.0,2.5,2.5,3.2,2.5,2.5,2.1,2.5,3.2,2.5,2.4,2.4,2.6,2.5,2.5,2.55,3.1,1.85,2.0,1.9,0.5,1.75,3.0,3.2,3.1,1.4,Nacional,Boavista,Nacional_Boavista_2004
157,3.25,1.8,4.33,-0.75,1.75,4.0,3.5,3.6,4.2,1.72,4.2,3.25,1.72,1.85,4.55,1.65,3.8,1.85,1.75,3.3,2.05,1.8,1.9,-0.5,1.75,3.1,3.2,3.3,1.75,Setubal,Penafiel,Setubal_Penafiel_2004
158,3.1,3.8,1.72,0.5,3.8,1.8,3.3,1.9,1.83,4.33,1.83,3.25,3.6,3.6,1.85,3.75,1.8,1.75,3.85,3.25,2.1,1.75,1.71,0.5,1.95,3.1,3.2,3.25,1.89,Gil Vicente,Sp Lisbon,Gil Vicente_Sp Lisbon_2004
159,3.1,3.3,1.8,0.5,3.5,1.91,3.35,1.9,1.83,3.75,1.9,3.25,3.6,3.6,1.85,3.65,2.0,1.9,3.6,3.2,1.85,2.0,2.1,0.5,1.6,3.0,3.25,3.25,1.71,Leiria,Porto,Leiria_Porto_2004
160,3.3,1.85,4.33,-0.5,1.7,4.33,3.5,4.2,4.0,1.66,4.5,3.4,1.72,1.7,4.55,1.65,3.6,1.9,1.7,3.25,1.75,2.1,2.0,-0.5,1.65,3.1,3.4,3.3,1.7,Maritimo,Belenenses,Maritimo_Belenenses_2004
161,3.25,1.65,4.33,-0.75,1.67,4.33,3.5,4.0,4.33,1.66,4.5,3.4,1.66,1.75,4.55,1.65,4.4,1.9,1.7,3.4,1.875,1.975,1.85,-0.5,1.79,3.3,3.4,3.3,1.7,Rio Ave,Estoril,Rio Ave_Estoril_2004
162,3.1,2.55,2.625,-0.25,2.25,2.8,3.15,2.6,2.6,2.3,2.6,3.2,2.39,2.45,2.5,2.55,2.55,,2.45,3.1,1.85,2.0,,,,2.9,3.2,3.1,,Academica,Guimaraes,Academica_Guimaraes_2004
163,3.2,3.6,1.727,0.75,4.75,1.615,3.4,1.8,1.66,4.333,1.8,3.39,4.5,4.1,1.75,4.05,1.85,,4.1,3.4,2.075,1.775,,,,3.1,3.2,3.2,,Moreirense,Benfica,Moreirense_Benfica_2004
164,3.1,2.1,2.8,-0.25,,,3.25,2.9,2.79,2.2,2.9,3.1,2.25,2.25,3.05,2.1,3.1,,2.25,,1.85,2.0,,,,3.0,3.2,3.1,,Beira Mar,Nacional,Beira Mar_Nacional_2004
165,3.1,2.2,3.5,-0.25,1.909,3.6,3.2,3.0,3.75,1.909,3.0,3.2,1.83,2.2,2.9,2.2,3.0,,2.2,3.1,1.725,2.125,,,,2.9,3.2,3.1,,Belenenses,Rio Ave,Belenenses_Rio Ave_2004
166,3.6,1.45,6.0,-1.0,1.5,6.0,3.65,6.0,5.5,1.444,6.0,3.6,1.5,1.5,5.8,1.5,5.4,,1.5,3.6,2.05,1.8,,,,3.8,3.75,3.6,,Boavista,Gil Vicente,Boavista_Gil Vicente_2004
167,3.1,2.3,2.75,-0.25,2.3,2.75,3.05,2.8,2.62,2.25,2.8,3.1,2.37,2.3,2.85,2.3,2.7,,2.3,3.2,2.125,1.725,,,,3.0,3.1,3.1,,Estoril,Leiria,Estoril_Leiria_2004
168,3.0,2.4,2.625,0.0,2.3,2.75,3.2,2.8,2.62,2.375,2.8,3.1,2.37,2.35,2.75,2.3,2.8,,2.35,3.2,1.725,2.125,,,,2.8,3.1,3.0,,Penafiel,Maritimo,Penafiel_Maritimo_2004
169,3.5,1.55,5.0,-1.0,1.533,5.5,3.5,5.25,5.5,1.533,5.25,3.6,1.5,1.57,5.0,1.6,4.8,,1.57,3.5,2.025,1.825,,,,3.5,3.6,3.5,,Porto,Sp Braga,Porto_Sp Braga_2004
170,4.0,1.35,7.0,-1.25,1.364,7.5,4.0,7.5,7.0,1.364,7.5,4.0,1.36,1.37,6.75,1.4,7.0,,1.37,4.0,1.85,2.0,,,,4.0,4.0,4.0,,Sp Lisbon,Setubal,Sp Lisbon_Setubal_2004
171,3.1,2.5,2.4,0.0,2.5,2.6,3.2,2.5,2.5,2.5,2.55,3.2,2.5,2.5,2.45,2.55,2.6,1.41,2.5,3.0,1.65,2.2,2.0,-0.5,1.65,2.9,3.2,3.15,2.5,Guimaraes,Sp Braga,Guimaraes_Sp Braga_2004
172,3.3,4.6,1.667,0.75,4.5,1.67,3.45,1.66,1.66,4.5,1.7,3.4,4.33,4.5,1.7,4.3,1.65,1.7,4.5,3.4,1.75,2.1,1.95,0.5,1.71,3.2,3.25,3.3,1.9,Estoril,Porto,Estoril_Porto_2004
173,3.1,2.1,3.25,-0.5,2.0,3.25,3.25,3.1,3.2,2.0,3.3,3.2,2.0,2.1,3.45,1.95,3.2,1.64,2.0,3.25,2.1,1.75,1.95,-0.5,1.71,2.9,3.1,3.25,2.0,Leiria,Belenenses,Leiria_Belenenses_2004
174,3.4,1.65,5.0,-0.75,1.67,4.5,3.45,4.5,4.33,1.615,4.75,3.4,1.66,1.65,4.3,1.7,4.4,1.98,1.65,3.4,1.8,2.05,1.9,-0.5,1.75,3.3,3.25,3.4,1.65,Rio Ave,Penafiel,Rio Ave_Penafiel_2004
175,,1.2,11.0,-1.5,1.2,10.0,5.5,,11.0,1.2,11.0,5.5,1.2,,10.5,1.2,10.0,3.75,1.18,5.5,1.8,2.05,1.71,-0.5,1.95,5.0,5.0,5.7,1.18,Benfica,Academica,Benfica_Academica_2004
176,3.25,1.75,3.6,-0.5,1.91,3.5,3.3,3.6,3.5,1.833,3.6,3.25,1.9,1.85,3.55,1.9,4.0,1.71,1.9,3.25,1.975,1.875,1.9,-0.5,1.75,3.2,3.25,3.25,1.9,Gil Vicente,Beira Mar,Gil Vicente_Beira Mar_2004
177,3.1,3.0,2.1,0.25,2.88,2.3,3.2,2.2,2.2,3.0,2.3,3.0,3.0,2.87,2.2,2.9,2.2,2.3,2.9,3.0,1.925,1.925,1.85,0.5,1.79,2.9,3.2,3.0,1.47,Maritimo,Sp Lisbon,Maritimo_Sp Lisbon_2004
178,3.25,1.7,4.333,-0.5,1.73,4.2,3.4,4.0,4.0,1.727,4.5,3.25,1.8,1.75,4.05,1.75,4.2,1.89,1.72,3.4,1.825,2.025,1.9,-0.5,1.75,3.2,3.2,3.25,1.72,Nacional,Moreirense,Nacional_Moreirense_2004
179,3.25,2.4,2.6,0.0,2.4,2.6,3.2,2.6,2.6,2.3,2.8,3.2,2.4,2.3,2.75,2.3,2.6,1.47,2.3,3.2,1.85,2.0,2.0,-0.5,1.65,3.0,3.25,3.1,2.3,Setubal,Boavista,Setubal_Boavista_2004
180,3.1,1.65,4.33,-0.75,1.7,4.33,3.45,5.0,4.0,1.73,4.58,3.4,1.72,1.66,4.3,1.7,4.4,1.88,1.72,3.4,1.975,1.875,1.83,-0.5,1.83,3.3,3.2,3.2,1.72,Belenenses,Estoril,Belenenses_Estoril_2004
181,3.1,2.55,2.5,0.0,2.5,2.5,3.2,2.5,2.5,2.5,2.5,3.1,2.5,2.5,2.55,2.45,2.55,1.4,2.5,3.2,1.925,1.925,1.95,-0.5,1.71,2.9,3.1,3.2,2.5,Sp Braga,Benfica,Sp Braga_Benfica_2004
182,3.1,2.5,2.5,0.0,2.6,2.4,3.2,2.55,2.5,2.5,2.5,3.1,2.5,2.45,2.3,2.75,2.5,1.4,2.5,3.2,2.0,1.85,1.9,-0.5,1.75,3.0,3.1,3.2,2.5,Academica,Nacional,Academica_Nacional_2004
183,3.2,2.4,2.6,0.0,2.4,2.6,3.2,2.5,2.62,2.4,2.55,3.1,2.37,2.4,2.5,2.5,2.7,1.42,2.45,3.2,1.825,2.025,1.79,-0.5,1.85,2.9,3.1,3.2,2.45,Beira Mar,Setubal,Beira Mar_Setubal_2004
184,3.2,1.8,3.75,-0.5,1.8,4.0,3.35,3.85,4.0,1.83,3.65,3.2,1.8,1.8,3.65,1.85,4.0,1.71,1.9,3.25,1.825,2.025,2.0,-0.5,1.65,3.0,3.2,3.2,1.9,Boavista,Maritimo,Boavista_Maritimo_2004
185,3.1,2.2,3.0,-0.25,2.2,3.0,3.25,2.95,2.8,2.1,3.0,3.2,2.2,2.15,3.05,2.1,3.0,1.52,2.2,3.1,1.85,2.0,1.95,-0.5,1.71,2.9,3.2,3.1,2.2,Moreirense,Gil Vicente,Moreirense_Gil Vicente_2004
186,3.1,2.3,2.62,0.0,2.38,2.7,3.25,2.65,2.7,2.37,2.65,3.1,2.3,2.35,2.65,2.35,2.7,1.44,2.4,3.1,1.8,2.05,2.0,-0.5,1.65,3.0,3.1,3.15,2.4,Penafiel,Leiria,Penafiel_Leiria_2004
187,3.6,1.4,7.0,-1.25,1.4,7.5,4.25,6.5,7.0,1.36,7.0,4.0,1.36,1.44,7.4,1.35,6.5,2.46,1.42,3.75,1.8,2.05,1.85,-0.5,1.79,3.7,4.0,3.8,1.42,Porto,Guimaraes,Porto_Guimaraes_2004
188,3.6,1.45,6.5,-1.25,1.44,6.5,3.65,6.5,6.0,1.44,6.0,3.75,1.44,1.44,5.8,1.5,5.8,2.25,1.5,3.75,2.025,1.825,1.79,-0.5,1.85,3.6,3.6,3.6,1.5,Sp Lisbon,Rio Ave,Sp Lisbon_Rio Ave_2004
189,3.1,3.6,2.0,0.5,3.6,1.91,3.3,2.0,2.0,3.2,1.95,3.2,3.2,3.3,1.9,3.55,1.85,1.95,3.4,3.2,1.8,2.05,1.9,0.5,1.75,3.1,3.2,3.3,1.67,Belenenses,Porto,Belenenses_Porto_2004
190,3.2,2.4,2.75,-0.25,2.38,2.62,3.2,2.75,2.62,2.3,2.7,3.1,2.37,2.25,2.75,2.3,2.6,1.46,2.35,3.2,2.0,1.85,1.95,-0.5,1.71,3.0,3.1,3.2,2.35,Nacional,Sp Braga,Nacional_Sp Braga_2004
191,3.15,2.0,3.4,-0.25,2.1,3.1,3.25,3.0,2.87,1.909,3.1,3.1,2.2,2.1,3.05,2.1,3.2,1.57,2.1,3.2,1.825,2.025,1.9,-0.5,1.75,3.1,3.2,3.2,2.1,Estoril,Penafiel,Estoril_Penafiel_2004
192,3.4,1.65,4.5,-0.75,1.62,4.75,3.5,4.8,5.0,1.615,4.75,3.5,1.57,1.6,4.55,1.65,4.4,1.98,1.65,3.5,1.8,2.05,2.1,-0.5,1.6,3.3,3.5,3.4,1.65,Gil Vicente,Academica,Gil Vicente_Academica_2004
193,3.1,3.5,1.909,0.25,3.3,2.0,3.25,1.95,1.9,3.4,2.05,3.2,3.5,3.5,2.05,3.15,1.9,2.05,3.2,3.25,2.15,1.7,1.9,0.5,1.75,3.1,3.25,3.2,1.6,Leiria,Sp Lisbon,Leiria_Sp Lisbon_2004
194,3.7,1.5,5.0,-1.0,1.5,6.0,3.65,6.3,5.5,1.533,5.8,3.6,1.5,1.45,5.8,1.5,5.0,2.18,1.53,3.5,1.95,1.9,1.83,-0.5,1.83,3.7,3.6,3.5,1.53,Maritimo,Beira Mar,Maritimo_Beira Mar_2004
195,3.1,2.4,2.8,-0.25,2.2,2.88,3.2,2.65,2.62,2.2,2.85,3.1,2.37,2.35,2.9,2.2,2.6,1.51,2.25,3.2,2.05,1.8,2.0,-0.5,1.65,3.0,3.2,3.2,2.25,Rio Ave,Boavista,Rio Ave_Boavista_2004
196,3.3,1.65,4.5,-0.75,1.62,4.75,3.5,4.6,4.5,1.615,4.75,3.25,1.66,1.65,4.55,1.65,4.4,1.98,1.65,3.5,1.9,1.95,1.95,-0.5,1.71,3.3,3.5,3.4,1.65,Setubal,Moreirense,Setubal_Moreirense_2004
197,3.6,1.45,7.0,-1.25,1.44,6.5,3.8,6.5,6.0,1.4,6.75,3.75,1.44,1.45,6.25,1.45,5.4,2.35,1.45,3.75,1.95,1.9,1.83,-0.5,1.83,3.8,3.75,3.6,1.45,Benfica,Guimaraes,Benfica_Guimaraes_2004
198,3.4,1.65,5.5,-0.75,1.57,5.5,3.6,4.8,5.0,1.57,5.15,3.5,1.57,1.6,5.3,1.55,4.6,2.05,1.6,3.4,1.925,1.925,1.95,-0.5,1.71,3.2,3.25,3.4,1.6,Sp Braga,Gil Vicente,Sp Braga_Gil Vicente_2004
199,3.35,1.6,5.0,-0.75,1.57,5.5,3.55,5.5,5.0,1.57,5.2,3.5,1.57,1.55,4.9,1.6,4.8,2.06,1.6,3.4,1.725,2.125,1.95,-0.5,1.71,3.3,3.5,3.4,1.6,Boavista,Leiria,Boavista_Leiria_2004
200,3.0,2.1,2.8,-0.25,2.25,2.88,3.2,2.85,2.75,2.25,2.9,3.2,2.25,2.25,2.9,2.2,3.1,1.52,2.2,3.1,1.975,1.875,2.0,-0.5,1.65,3.0,3.1,3.2,2.2,Penafiel,Belenenses,Penafiel_Belenenses_2004
201,3.1,2.5,2.62,0.0,2.3,2.8,3.2,2.6,2.75,2.3,2.8,3.2,2.25,2.4,2.6,2.4,2.7,1.49,2.25,3.1,1.75,2.1,2.0,-0.5,1.65,2.8,3.2,3.2,2.25,Academica,Setubal,Academica_Setubal_2004
202,3.0,2.6,2.6,0.0,2.5,2.62,3.2,2.65,2.62,2.4,2.7,3.0,2.5,2.4,2.6,2.4,2.6,1.42,2.45,3.0,1.7,2.15,2.0,-0.5,1.65,2.8,3.1,3.0,2.45,Beira Mar,Rio Ave,Beira Mar_Rio Ave_2004
203,3.2,1.8,3.75,-0.5,1.85,3.75,3.35,3.65,3.6,1.8,3.8,3.25,1.83,1.85,3.65,1.85,4.0,1.71,1.9,3.2,2.025,1.825,2.0,-0.5,1.65,3.0,3.25,3.1,1.9,Guimaraes,Nacional,Guimaraes_Nacional_2004
204,3.1,2.6,2.8,0.0,2.38,2.7,3.2,2.6,2.6,2.25,2.7,3.2,2.37,2.4,2.55,2.45,2.6,1.44,2.4,3.1,1.775,2.075,2.1,-0.5,1.6,2.8,3.1,3.1,2.4,Moreirense,Maritimo,Moreirense_Maritimo_2004
205,3.1,1.9,3.4,-0.5,1.91,3.75,3.35,3.6,3.6,2.0,3.75,3.1,1.9,1.9,3.65,1.85,3.6,1.67,1.95,3.1,2.05,1.8,2.0,-0.5,1.65,3.0,3.0,3.0,1.95,Porto,Benfica,Porto_Benfica_2004
206,5.0,1.27,9.0,-1.5,1.25,9.0,5.0,9.5,8.0,1.22,9.0,4.5,1.28,1.22,9.0,1.25,8.5,3.21,1.25,5.0,1.8,2.05,1.65,-0.5,2.0,4.3,5.0,5.0,1.25,Sp Lisbon,Estoril,Sp Lisbon_Estoril_2004
207,3.1,2.3,2.75,0.0,2.3,2.75,3.2,2.75,2.75,2.25,2.8,3.2,2.25,2.3,2.9,2.2,2.8,1.48,2.3,3.2,1.0,1.0,1.6,-0.5,2.1,2.9,3.2,3.15,2.3,Gil Vicente,Guimaraes,Gil Vicente_Guimaraes_2004
208,3.1,2.9,2.2,0.25,2.88,2.2,3.2,2.2,2.2,2.8,2.2,3.2,2.8,2.85,2.1,3.1,2.2,2.2,2.9,3.2,1.95,1.9,1.65,0.5,2.0,3.0,3.2,3.2,1.52,Estoril,Boavista,Estoril_Boavista_2004
209,3.2,4.2,1.72,0.75,4.33,1.73,3.4,1.72,1.72,4.5,1.73,3.4,4.0,4.33,1.7,4.4,1.7,1.73,4.35,3.3,1.8,2.05,1.65,0.5,2.0,3.2,3.1,3.3,1.88,Penafiel,Porto,Penafiel_Porto_2004
210,3.1,3.8,1.9,0.5,3.5,1.95,3.25,2.0,2.0,3.5,1.95,3.2,3.2,3.3,1.95,3.4,1.8,1.95,3.5,3.2,2.0,1.85,1.85,0.5,1.79,3.1,3.2,3.2,1.67,Belenenses,Sp Lisbon,Belenenses_Sp Lisbon_2004
211,3.1,1.7,4.5,-0.75,1.73,4.5,3.35,4.3,4.0,1.72,4.35,3.4,1.72,1.75,4.15,1.75,4.2,1.88,1.73,3.2,2.1,1.75,1.6,-0.5,2.1,3.2,3.1,3.3,1.73,Leiria,Beira Mar,Leiria_Beira Mar_2004
212,3.25,1.65,5.5,-1.0,1.53,6.0,3.5,6.5,5.5,1.53,5.5,3.4,1.53,1.5,5.0,1.6,4.4,2.14,1.55,3.4,2.05,1.8,1.6,-0.5,2.1,3.3,3.4,3.5,1.55,Maritimo,Academica,Maritimo_Academica_2004
213,3.1,3.0,2.0,0.25,3.3,2.0,3.25,2.05,2.0,3.2,2.0,3.2,3.2,3.2,2.0,3.3,2.2,2.0,3.35,3.2,2.0,1.85,1.65,0.5,2.0,2.9,3.2,3.2,1.64,Nacional,Benfica,Nacional_Benfica_2004
214,3.25,1.6,4.5,-0.75,1.67,4.75,3.4,4.3,4.5,1.66,4.75,3.3,1.66,1.7,4.4,1.7,4.6,1.95,1.67,3.3,2.1,1.75,1.71,-0.5,1.95,3.4,3.25,3.3,1.67,Rio Ave,Moreirense,Rio Ave_Moreirense_2004
215,3.0,2.4,2.8,-0.25,2.3,2.75,3.2,2.85,2.75,2.25,2.8,3.2,2.25,2.25,2.9,2.2,2.8,1.48,2.3,3.2,2.05,1.8,1.65,-0.5,2.0,2.8,3.1,3.15,2.3,Setubal,Sp Braga,Setubal_Sp Braga_2004
216,3.75,1.35,8.0,-1.25,1.36,7.5,4.5,7.0,8.5,1.33,8.0,4.33,1.3,1.4,8.25,1.3,7.0,2.71,1.35,4.0,2.2,1.65,1.95,-0.5,1.71,4.0,4.0,4.1,1.35,Porto,Nacional,Porto_Nacional_2004
217,5.0,1.27,10.0,-1.75,1.25,10.0,5.5,8.0,8.5,1.25,10.0,4.5,1.28,1.25,10.5,1.2,8.5,,1.25,4.75,2.125,1.725,1.71,,1.95,4.3,4.5,4.75,,Benfica,Gil Vicente,Benfica_Gil Vicente_2004
218,3.1,1.75,4.5,-0.75,1.73,4.33,3.4,4.3,4.33,1.7,4.5,3.2,1.72,1.75,4.7,1.65,4.0,1.89,1.72,3.25,2.1,1.75,2.1,-0.5,1.6,3.2,3.2,3.25,1.72,Sp Braga,Maritimo,Sp Braga_Maritimo_2004
219,2.9,2.2,2.88,0.0,2.4,2.75,3.15,2.9,2.62,2.25,2.75,3.0,2.4,2.3,2.6,2.45,2.9,1.43,2.4,3.0,1.75,2.1,2.0,-0.5,1.65,3.0,3.0,3.0,2.4,Academica,Rio Ave,Academica_Rio Ave_2004
220,3.1,1.9,3.2,-0.25,2.1,3.2,3.2,3.3,3.0,2.0,3.2,3.2,2.1,2.0,3.1,2.1,3.5,1.57,2.1,3.1,1.8,2.05,1.9,-0.5,1.75,3.1,3.2,3.1,2.1,Beira Mar,Estoril,Beira Mar_Estoril_2004
221,3.2,1.85,4.0,-0.5,1.85,3.75,3.3,3.85,3.5,1.8,3.8,3.2,1.9,1.8,3.55,1.9,3.6,1.75,1.85,3.25,1.975,1.875,1.95,-0.5,1.71,3.1,3.2,3.25,1.85,Guimaraes,Setubal,Guimaraes_Setubal_2004
222,3.0,2.2,2.8,-0.25,2.25,2.88,3.2,2.95,3.0,2.25,2.9,3.2,2.1,2.2,2.9,2.2,2.9,,2.25,3.1,2.025,1.825,2.1,,1.6,3.0,3.1,3.1,,Moreirense,Leiria,Moreirense_Leiria_2004
223,5.0,1.27,10.0,-1.75,1.25,9.0,5.0,8.0,10.0,1.25,10.0,4.5,1.25,1.25,9.0,1.25,8.5,,1.25,5.0,2.125,1.725,1.65,,2.0,4.3,4.5,4.75,,Sp Lisbon,Penafiel,Sp Lisbon_Penafiel_2004
224,3.3,1.65,4.5,-0.75,1.67,4.5,3.35,4.6,5.0,1.67,4.85,3.5,1.57,1.65,4.45,1.7,4.4,1.95,1.67,3.4,2.05,1.8,1.95,-0.5,1.71,3.3,3.25,3.25,1.67,Boavista,Belenenses,Boavista_Belenenses_2004
225,3.1,2.0,3.5,-0.5,1.95,3.6,3.2,3.3,3.5,1.91,3.4,3.2,1.9,2.0,3.65,1.9,3.4,1.64,2.0,3.1,2.0,1.85,2.1,-0.5,1.6,2.9,3.2,3.15,2.0,Maritimo,Guimaraes,Maritimo_Guimaraes_2004
226,3.1,2.8,2.25,0.25,2.88,2.2,3.2,2.25,2.2,2.88,2.25,3.2,2.8,2.8,2.3,2.75,2.3,2.25,2.8,3.2,1.925,1.925,1.95,0.5,1.7,2.9,3.0,3.2,1.49,Penafiel,Boavista,Penafiel_Boavista_2004
227,3.1,3.6,1.83,0.5,3.75,1.85,3.25,1.9,1.83,3.75,1.85,3.2,3.75,3.6,2.0,3.3,1.85,1.85,3.85,3.25,1.925,1.925,1.9,0.5,1.75,3.1,3.2,3.2,1.75,Setubal,Benfica,Setubal_Benfica_2004
228,3.5,1.65,5.0,-0.75,1.67,4.5,3.5,4.6,4.0,1.62,4.75,3.4,1.72,1.6,4.2,1.7,4.4,1.98,1.65,3.4,2.0,1.85,1.85,-0.5,1.79,3.3,3.25,3.4,1.65,Belenenses,Beira Mar,Belenenses_Beira Mar_2004
229,3.1,2.0,3.2,-0.25,2.1,3.1,3.2,3.1,3.2,2.1,3.15,3.2,2.0,2.1,3.1,2.1,3.2,1.58,2.1,3.2,1.8,2.05,1.9,-0.5,1.75,3.1,3.0,3.15,2.1,Estoril,Moreirense,Estoril_Moreirense_2004
230,3.1,2.2,2.75,-0.25,2.3,2.75,3.2,2.7,2.7,2.25,2.75,3.2,2.3,2.3,2.8,2.25,2.9,1.46,2.35,3.2,2.0,1.85,2.0,-0.5,1.65,3.0,3.2,3.1,2.35,Gil Vicente,Nacional,Gil Vicente_Nacional_2004
231,3.15,1.65,4.5,-0.75,1.67,4.5,3.5,4.5,4.33,1.67,4.75,3.4,1.66,1.7,4.55,1.65,4.4,1.95,1.67,3.4,1.9,1.95,2.1,-0.5,1.6,3.3,3.25,3.3,1.67,Leiria,Academica,Leiria_Academica_2004
232,3.1,2.3,2.75,-0.25,2.3,2.75,3.2,2.8,2.75,2.38,2.7,3.2,2.25,2.25,2.8,2.25,2.8,1.45,2.37,3.2,2.0,1.85,2.1,-0.5,1.6,2.9,3.0,3.15,2.37,Rio Ave,Sp Braga,Rio Ave_Sp Braga_2004
233,3.1,2.3,2.6,-0.25,2.3,2.75,3.15,2.62,2.8,2.38,2.75,3.1,2.3,2.37,2.65,2.4,2.8,1.46,2.35,3.2,2.05,1.8,2.0,-0.5,1.65,2.9,3.2,3.1,2.35,Sp Lisbon,Porto,Sp Lisbon_Porto_2004
234,3.1,1.85,4.0,-0.5,1.85,4.0,3.4,4.0,4.2,1.8,4.0,3.25,1.72,1.8,4.3,1.7,3.8,1.75,1.85,3.1,1.9,1.95,2.0,-0.5,1.65,3.0,3.2,3.1,1.85,Guimaraes,Rio Ave,Guimaraes_Rio Ave_2004
235,3.1,2.5,2.5,0.0,2.5,2.62,3.15,2.5,2.5,2.5,2.6,3.1,2.5,2.5,2.6,2.45,2.6,1.4,2.5,3.0,1.925,1.925,1.95,-0.5,1.71,2.9,3.1,3.05,2.5,Boavista,Sp Lisbon,Boavista_Sp Lisbon_2004
236,3.2,1.8,3.75,-0.5,1.83,3.75,3.35,3.65,4.0,1.8,4.1,3.2,1.8,1.85,3.9,1.8,3.8,1.8,1.8,3.25,1.85,2.0,1.95,-0.5,1.71,3.1,3.25,3.2,1.8,Academica,Estoril,Academica_Estoril_2004
237,3.15,2.2,2.75,-0.25,2.25,2.8,3.25,2.9,2.8,2.2,3.0,3.2,2.2,2.15,3.05,2.1,2.9,1.55,2.15,3.2,1.925,1.925,1.95,-0.5,1.71,3.0,3.2,3.2,2.15,Beira Mar,Penafiel,Beira Mar_Penafiel_2004
238,4.0,1.35,8.0,-1.25,1.33,8.0,4.25,8.0,7.0,1.33,7.5,3.75,1.4,1.33,7.4,1.35,7.0,,1.35,4.2,2.05,1.8,1.83,,1.83,4.0,4.0,4.2,,Benfica,Maritimo,Benfica_Maritimo_2004
239,3.15,2.0,3.0,-0.25,2.25,2.88,3.25,2.9,3.1,2.1,3.1,3.1,2.1,2.15,3.3,2.0,3.2,1.55,2.15,3.1,1.85,2.0,2.1,-0.5,1.6,3.1,3.2,3.1,2.15,Moreirense,Belenenses,Moreirense_Belenenses_2004
240,3.25,1.85,4.33,-0.5,1.75,4.2,3.35,4.0,4.2,1.72,4.3,3.25,1.72,1.75,3.9,1.8,4.0,1.85,1.75,3.25,1.75,2.1,1.9,-0.5,1.75,2.9,3.2,3.25,1.75,Nacional,Setubal,Nacional_Setubal_2004
241,4.5,1.33,8.0,-1.5,1.3,8.5,5.0,8.0,8.0,1.3,8.3,4.5,1.28,1.28,9.0,1.25,7.5,,1.3,4.33,2.0,1.85,1.75,,1.9,4.0,4.33,4.5,,Porto,Gil Vicente,Porto_Gil Vicente_2004
242,3.35,1.55,4.5,-0.75,1.67,4.5,3.45,4.5,4.33,1.66,4.7,3.4,1.66,1.65,4.3,1.7,4.8,1.94,1.67,3.4,1.925,1.925,2.0,-0.5,1.65,3.5,3.25,3.3,1.67,Sp Braga,Leiria,Sp Braga_Leiria_2004
243,3.0,2.0,3.5,-0.5,1.95,3.4,3.25,3.3,3.5,1.9,3.75,3.2,1.9,2.05,3.45,1.95,3.3,1.7,1.91,3.2,2.05,1.8,1.95,-0.5,1.71,3.0,3.2,3.1,1.91,Maritimo,Nacional,Maritimo_Nacional_2004
244,3.0,2.8,2.3,0.0,2.7,2.4,3.25,2.3,2.37,2.62,2.38,3.1,2.62,2.8,2.35,2.65,2.3,2.38,2.7,3.1,2.025,1.825,2.1,0.5,1.6,2.9,3.2,3.1,1.44,Boavista,Porto,Boavista_Porto_2004
245,3.1,2.4,2.62,0.0,2.3,2.7,3.2,2.6,2.62,2.38,2.7,3.1,2.37,2.4,2.8,2.25,2.6,1.45,2.35,3.2,1.775,2.075,2.1,-0.5,1.6,3.0,3.1,3.15,2.35,Leiria,Guimaraes,Leiria_Guimaraes_2004
246,3.1,1.75,3.75,-0.5,1.8,4.0,3.35,4.0,4.0,1.8,4.0,3.2,1.8,1.8,3.65,1.85,4.0,1.79,1.8,3.2,1.9,1.95,1.95,-0.5,1.71,3.2,3.25,3.25,1.8,Penafiel,Moreirense,Penafiel_Moreirense_2004
247,3.0,3.3,2.0,0.5,3.3,2.0,3.3,1.95,2.0,3.2,2.0,3.2,3.2,3.6,1.9,3.55,2.0,2.0,3.3,3.2,1.8,2.05,2.0,0.5,1.65,3.0,3.2,3.2,1.62,Rio Ave,Benfica,Rio Ave_Benfica_2004
248,3.1,1.8,3.75,-0.75,1.8,4.0,3.45,4.0,4.0,1.8,4.0,3.2,1.8,1.8,4.3,1.7,3.7,1.79,1.8,3.2,2.1,1.75,1.9,-0.5,1.75,3.2,3.25,3.25,1.8,Setubal,Gil Vicente,Setubal_Gil Vicente_2004
249,5.0,1.25,10.0,-1.75,1.2,11.0,6.0,9.5,9.5,1.25,11.0,5.5,1.2,1.22,13.0,1.15,9.0,,1.2,5.25,2.0,1.85,,,,4.5,4.5,5.25,,Sp Lisbon,Beira Mar,Sp Lisbon_Beira Mar_2004
250,3.2,1.75,4.33,-0.75,1.73,4.33,3.45,4.5,4.0,1.73,4.4,3.4,1.72,1.7,4.3,1.7,4.0,1.9,1.7,3.3,2.025,1.825,2.0,-0.5,1.65,3.2,3.2,3.35,1.7,Belenenses,Academica,Belenenses_Academica_2004
251,3.0,2.6,2.25,0.25,2.8,2.25,3.2,2.3,2.25,2.75,2.25,3.2,2.75,2.8,2.25,2.8,2.4,2.25,2.8,3.2,2.0,1.85,1.95,0.5,1.71,3.0,3.2,3.2,1.49,Estoril,Sp Braga,Estoril_Sp Braga_2004
252,3.1,3.1,2.1,0.25,3.2,2.0,3.25,1.95,2.0,3.0,2.0,3.2,3.2,3.5,2.1,3.05,2.1,2.0,3.2,3.3,1.95,1.9,1.83,0.5,1.83,3.0,3.2,3.2,1.6,Beira Mar,Boavista,Beira Mar_Boavista_2004
253,4.33,1.27,8.0,-1.5,1.3,8.5,5.0,8.5,8.0,1.28,9.0,4.33,1.3,1.28,9.0,1.25,8.5,2.91,1.28,4.33,2.025,1.825,1.83,-0.5,1.83,4.3,4.5,4.3,1.28,Benfica,Leiria,Benfica_Leiria_2004
254,3.75,1.35,7.0,-1.25,1.4,7.0,4.25,8.0,6.5,1.36,7.0,4.0,1.4,1.36,7.4,1.35,7.0,2.55,1.37,3.8,2.125,1.725,1.75,-0.5,1.9,4.0,4.0,4.0,1.37,Porto,Setubal,Porto_Setubal_2004
255,3.1,2.0,3.5,-0.5,1.91,3.75,3.25,3.3,3.5,1.9,3.5,3.2,1.9,2.0,3.3,2.0,3.2,1.67,1.9,3.1,2.0,1.85,2.0,-0.5,1.65,3.1,3.2,3.2,1.9,Academica,Penafiel,Academica_Penafiel_2004
256,3.1,2.1,3.2,-0.25,2.1,3.0,3.25,2.85,3.0,2.0,3.1,3.2,2.1,2.2,2.95,2.15,3.1,1.55,2.1,3.25,1.775,2.075,2.0,-0.5,1.65,3.0,3.2,3.1,2.1,Gil Vicente,Maritimo,Gil Vicente_Maritimo_2004
257,3.4,1.45,6.0,-1.0,1.5,6.0,3.65,6.0,5.5,1.5,5.8,3.6,1.5,1.5,5.8,1.5,5.4,2.18,1.5,3.6,1.9,1.95,1.9,-0.5,1.75,3.8,3.4,3.5,1.5,Guimaraes,Estoril,Guimaraes_Estoril_2004
258,3.05,2.2,3.2,-0.25,2.1,3.1,3.25,3.2,3.0,2.0,3.1,3.2,2.1,2.05,3.3,2.0,3.0,1.55,2.1,3.2,1.775,2.075,2.0,-0.5,1.65,2.9,3.2,3.1,2.1,Nacional,Rio Ave,Nacional_Rio Ave_2004
259,3.4,1.6,5.0,-0.75,1.62,5.0,3.5,4.75,4.5,1.61,4.7,3.5,1.61,1.6,5.0,1.6,4.6,2.01,1.6,3.4,1.8,2.05,2.0,-0.5,1.65,3.4,3.25,3.5,1.6,Sp Braga,Belenenses,Sp Braga_Belenenses_2004
260,3.2,4.4,,,4.5,1.67,3.4,1.72,1.72,,1.7,3.4,4.0,4.33,1.75,4.05,1.65,1.7,4.15,3.4,,,1.9,0.5,1.75,3.3,,3.4,1.87,Moreirense,Sp Lisbon,Moreirense_Sp Lisbon_2004
261,3.0,2.2,2.8,-0.25,2.2,3.0,3.2,2.95,2.75,2.2,2.85,3.2,2.25,2.2,2.9,2.2,2.9,1.5,2.2,3.1,2.05,1.8,2.1,-0.5,1.6,3.0,3.2,3.15,2.2,Belenenses,Guimaraes,Belenenses_Guimaraes_2004
262,4.1,1.4,7.0,-1.25,1.36,7.5,4.25,7.0,7.0,1.36,7.5,3.75,1.4,1.35,7.4,1.35,6.0,,1.35,4.0,2.15,1.7,1.9,,1.75,3.9,4.0,4.0,,Boavista,Moreirense,Boavista_Moreirense_2004
263,4.0,1.3,8.0,-1.5,1.3,8.5,5.0,8.0,8.0,1.28,8.25,4.5,1.28,1.33,9.0,1.25,8.0,,1.3,4.33,2.1,1.75,1.75,,1.9,4.2,4.5,4.3,,Sp Lisbon,Academica,Sp Lisbon_Academica_2004
264,3.3,4.4,1.66,1.0,4.5,1.67,3.5,1.66,1.61,4.33,1.65,3.5,4.5,4.5,1.6,5.0,1.65,1.65,4.5,3.4,1.65,2.2,2.0,0.5,1.65,3.3,3.4,3.4,1.94,Beira Mar,Porto,Beira Mar_Porto_2004
265,3.4,4.8,1.44,1.0,5.0,1.57,3.6,1.6,1.5,6.5,1.5,3.6,5.5,4.8,1.55,5.3,1.55,,5.75,3.6,1.875,1.975,1.9,,1.75,3.5,3.6,3.5,,Estoril,Benfica,Estoril_Benfica_2004
266,3.1,2.0,3.75,-0.25,2.0,3.6,3.25,3.4,3.2,1.9,3.65,3.2,2.0,1.95,3.3,2.0,3.6,1.63,1.95,3.0,1.875,1.975,2.0,-0.5,1.65,2.8,3.0,2.95,1.95,Leiria,Nacional,Leiria_Nacional_2004
267,3.2,1.85,3.75,-0.5,1.85,3.75,3.35,3.65,3.75,1.83,3.7,3.2,1.83,1.85,3.65,1.85,3.8,1.72,1.85,3.25,1.925,1.925,1.95,-0.5,1.71,3.0,3.2,3.2,1.85,Maritimo,Setubal,Maritimo_Setubal_2004
268,3.3,1.65,4.5,-0.75,1.67,4.5,3.5,4.2,4.0,1.66,4.5,3.4,1.72,1.7,5.0,1.6,4.4,1.9,1.67,3.4,2.05,1.8,2.0,-0.5,1.65,3.3,3.25,3.3,1.67,Rio Ave,Gil Vicente,Rio Ave_Gil Vicente_2004
269,2.9,2.7,2.25,0.5,2.8,2.25,3.2,2.3,2.25,2.75,2.3,3.2,2.75,2.9,2.4,2.6,2.3,2.3,2.8,3.2,1.5,2.15,2.0,0.5,1.65,3.0,3.2,3.0,1.45,Penafiel,Sp Braga,Penafiel_Sp Braga_2004
270,3.1,2.5,2.62,0.0,2.5,2.6,3.1,2.65,2.37,2.4,2.6,3.1,2.62,2.35,2.6,2.5,2.5,1.39,2.47,3.0,1.6,2.25,2.1,-0.5,1.6,3.0,3.0,3.0,2.47,Academica,Boavista,Academica_Boavista_2004
271,4.33,1.35,8.0,-1.25,1.3,8.0,4.5,8.0,7.0,1.29,7.8,4.33,1.33,1.3,8.25,1.3,7.0,2.81,1.3,4.5,2.0,1.85,1.9,-0.5,1.75,4.0,4.5,4.4,1.3,Benfica,Belenenses,Benfica_Belenenses_2004
272,2.8,1.8,4.0,-0.5,1.95,3.75,3.2,4.2,3.5,1.8,3.65,3.2,1.9,1.9,3.45,1.95,3.8,1.68,1.9,3.0,1.85,2.0,2.0,-0.5,1.65,3.1,3.1,3.1,1.9,Gil Vicente,Leiria,Gil Vicente_Leiria_2004
273,3.4,2.0,3.2,-0.5,2.0,3.3,3.05,3.0,3.2,2.0,3.15,3.2,2.0,2.0,3.5,2.0,3.0,1.61,2.0,3.2,2.0,1.85,2.0,-0.5,1.65,3.3,3.2,3.3,2.0,Moreirense,Beira Mar,Moreirense_Beira Mar_2004
274,3.4,1.8,4.33,-0.75,1.67,4.5,3.35,3.6,5.0,1.67,4.2,3.5,1.57,1.8,4.8,1.65,3.7,1.88,1.7,3.4,1.85,2.0,1.95,-0.5,1.71,3.2,3.4,3.4,1.7,Nacional,Estoril,Nacional_Estoril_2004
275,4.0,1.35,7.0,-1.25,1.36,7.5,4.2,7.0,7.0,1.33,7.1,4.0,1.36,1.36,7.5,1.35,7.0,2.6,1.35,4.0,2.1,1.75,1.9,-0.5,1.75,4.0,4.33,4.1,1.35,Porto,Maritimo,Porto_Maritimo_2004
276,2.8,2.1,3.1,-0.25,2.2,3.1,3.1,3.3,3.0,2.2,2.9,3.2,2.1,2.15,3.0,2.2,3.1,1.5,2.2,3.0,1.85,2.0,2.0,-0.5,1.65,3.0,2.88,3.1,2.2,Setubal,Rio Ave,Setubal_Rio Ave_2004
277,3.1,2.4,2.5,0.0,2.6,2.5,3.05,2.6,2.5,2.5,2.5,3.0,2.6,2.4,2.6,2.5,2.6,1.37,2.5,3.0,1.95,1.9,1.95,-0.5,1.71,3.0,3.1,3.05,2.5,Sp Braga,Sp Lisbon,Sp Braga_Sp Lisbon_2004
278,3.7,1.55,6.0,-0.75,1.57,5.5,3.35,6.0,4.5,1.5,5.0,3.5,1.61,1.45,5.25,1.6,4.8,2.02,1.6,3.4,1.85,2.0,1.95,-0.5,1.71,3.5,3.4,3.4,1.6,Guimaraes,Penafiel,Guimaraes_Penafiel_2004
279,3.2,1.75,4.33,-0.5,1.73,4.33,3.45,4.5,3.6,1.73,4.5,3.4,1.8,1.7,5.0,1.6,4.0,1.87,1.7,3.25,1.875,1.975,,-0.5,,3.2,3.2,3.2,1.7,Belenenses,Nacional,Belenenses_Nacional_2004
280,3.1,2.1,3.0,-0.25,2.1,3.2,3.2,3.1,3.0,2.1,3.1,3.2,2.1,2.1,3.2,2.05,3.1,1.55,2.1,3.1,1.9,1.95,2.1,-0.5,1.6,3.0,3.2,3.1,2.1,Boavista,Sp Braga,Boavista_Sp Braga_2004
281,3.6,5.4,1.5,1.0,6.0,1.5,3.5,1.44,1.5,5.5,1.5,3.6,5.5,6.5,1.45,7.25,1.45,1.5,5.5,3.6,1.9,1.95,1.9,0.5,1.75,3.8,3.6,3.65,2.19,Penafiel,Benfica,Penafiel_Benfica_2004
282,2.9,2.3,2.75,0.0,2.38,2.75,3.15,2.9,2.62,2.3,2.75,3.2,2.37,2.3,2.65,2.4,2.7,1.41,2.4,3.0,1.7,2.15,2.0,-0.5,1.65,3.0,3.05,2.9,2.4,Beira Mar,Academica,Beira Mar_Academica_2004
283,3.1,,2.5,0.0,2.6,2.4,3.2,2.3,2.5,2.5,,3.1,2.5,2.6,2.55,2.45,,,,3.2,1.8,2.05,2.1,,1.6,,3.1,,,Estoril,Gil Vicente,Estoril_Gil Vicente_2004
284,3.1,1.9,3.5,-0.25,2.0,3.3,3.2,3.5,3.2,1.9,3.35,3.2,2.0,1.95,3.2,2.05,3.5,1.64,1.95,3.2,1.775,2.075,2.0,-0.5,1.65,3.1,3.2,3.2,1.95,Leiria,Setubal,Leiria_Setubal_2004
285,3.75,5.4,1.44,1.0,6.0,1.44,3.6,1.44,1.5,6.0,1.45,3.6,5.5,6.0,1.45,6.8,1.45,1.45,6.0,4.0,1.875,1.975,2.0,0.5,1.65,3.8,3.75,3.75,2.31,Moreirense,Porto,Moreirense_Porto_2004
286,3.2,1.9,3.5,-0.5,1.91,3.6,3.2,3.7,3.4,1.9,3.5,3.25,1.9,1.85,3.5,1.95,3.5,1.67,1.9,3.2,1.975,1.875,2.1,-0.5,1.6,3.1,3.2,3.2,1.9,Rio Ave,Maritimo,Rio Ave_Maritimo_2004
287,3.6,1.45,7.0,,1.44,6.5,4.0,6.5,7.0,1.4,7.0,3.75,1.4,1.45,8.1,1.35,5.4,2.44,1.4,3.75,,,1.9,-0.5,1.79,3.8,3.75,4.0,1.4,Sp Lisbon,Guimaraes,Sp Lisbon_Guimaraes_2004
288,3.3,1.7,4.0,-0.5,1.8,3.75,3.35,4.2,4.0,1.72,4.0,3.4,1.72,1.7,3.65,1.85,4.2,1.82,1.7,3.4,1.8,2.05,1.65,-0.5,2.0,3.2,3.4,3.35,1.7,Academica,Moreirense,Academica_Moreirense_2004
289,3.1,2.3,3.0,-0.25,2.25,2.88,3.25,3.1,3.1,2.2,2.85,3.1,2.1,2.1,3.3,2.0,2.7,1.48,2.15,3.1,2.0,1.85,1.71,-0.5,1.95,3.0,3.0,3.1,2.15,Benfica,Sp Lisbon,Benfica_Sp Lisbon_2004
290,3.2,,3.5,-0.5,1.91,3.75,3.25,3.2,3.5,1.9,3.5,3.2,1.9,2.0,3.5,1.95,,1.64,1.9,3.1,1.9,1.95,1.65,-0.5,2.0,,3.2,3.1,1.9,Gil Vicente,Belenenses,Gil Vicente_Belenenses_2004
291,3.15,1.9,3.2,-0.25,2.0,3.3,3.25,3.5,3.1,2.0,3.2,3.1,2.1,1.9,3.05,2.1,3.5,1.57,2.0,3.2,1.9,1.95,1.6,-0.5,2.1,3.1,3.2,3.1,2.0,Guimaraes,Boavista,Guimaraes_Boavista_2004
292,3.0,1.75,4.0,-0.5,1.8,4.0,3.4,3.95,3.75,1.8,3.9,3.2,1.83,1.85,4.05,1.75,4.0,1.73,1.8,3.25,1.85,2.0,1.71,-0.5,1.95,3.2,3.2,3.1,1.8,Maritimo,Leiria,Maritimo_Leiria_2004
293,3.2,1.9,3.75,-0.5,1.83,3.75,3.4,3.2,3.75,1.8,3.5,3.2,1.83,2.0,3.8,1.8,3.5,1.67,1.85,3.25,1.8,2.05,1.79,-0.5,1.85,3.1,3.25,3.2,1.85,Nacional,Penafiel,Nacional_Penafiel_2004
294,3.6,4.6,1.57,0.75,5.0,1.57,3.5,1.57,1.57,5.5,1.6,3.5,5.0,4.8,1.65,4.55,1.6,1.6,4.5,3.6,2.1,1.75,1.6,0.5,2.1,3.4,3.5,3.45,1.95,Rio Ave,Porto,Rio Ave_Porto_2004
295,3.5,,3.2,-0.5,2.05,3.0,3.4,2.95,3.0,2.0,3.0,3.4,2.0,2.0,3.8,1.8,,1.57,2.0,3.4,2.05,1.8,1.71,-0.5,1.95,,3.2,3.3,2.0,Setubal,Estoril,Setubal_Estoril_2004
296,5.0,1.3,8.0,-1.5,1.29,8.0,4.0,8.0,8.0,1.25,8.0,4.5,1.28,1.25,6.75,1.4,8.0,2.88,1.27,4.75,2.0,1.85,1.79,-0.5,1.85,4.2,5.0,4.5,1.27,Sp Braga,Beira Mar,Sp Braga_Beira Mar_2004
297,3.2,2.5,,0.0,2.6,2.4,3.35,2.3,2.25,,2.35,3.0,2.87,2.65,2.2,2.8,2.5,2.35,2.65,3.2,2.0,1.85,2.0,0.5,1.6,3.0,,3.1,1.43,Beira Mar,Guimaraes,Beira Mar_Guimaraes_2004
298,3.3,1.9,,-0.5,1.85,3.75,3.4,3.95,3.25,,3.5,3.4,1.9,1.75,3.8,1.8,3.4,1.67,1.9,3.25,1.82,2.025,1.85,-0.5,1.74,3.2,,3.2,1.9,Belenenses,Setubal,Belenenses_Setubal_2004
299,2.6,2.9,,0.5,4.0,2.0,2.75,1.9,1.9,,1.85,2.75,4.5,4.6,2.05,3.85,2.2,1.85,4.5,2.75,1.75,2.1,1.95,0.5,1.65,3.0,,2.75,1.71,Boavista,Benfica,Boavista_Benfica_2004
300,3.2,2.4,,0.0,2.6,2.4,3.2,2.5,2.4,,2.35,3.2,2.5,2.4,2.45,2.55,2.4,2.35,2.6,3.2,1.8,2.05,1.9,0.5,1.7,3.2,,3.15,1.42,Estoril,Maritimo,Estoril_Maritimo_2004
301,3.05,2.0,,-0.25,2.1,3.1,3.3,3.1,3.2,,3.15,3.0,2.1,2.1,3.55,1.9,3.2,1.56,2.05,3.1,1.7,2.2,2.25,-0.5,1.55,3.1,,3.1,2.05,Leiria,Rio Ave,Leiria_Rio Ave_2004
302,3.25,3.0,,0.5,3.2,2.0,3.4,1.95,2.0,,1.95,3.2,3.2,3.25,2.15,2.85,2.1,1.95,3.3,3.3,1.8,2.05,2.0,0.5,1.6,3.1,,3.25,1.64,Moreirense,Sp Braga,Moreirense_Sp Braga_2004
303,3.3,1.8,,-0.5,1.85,3.75,3.4,3.7,3.75,,3.75,3.25,1.8,1.8,3.8,1.8,3.7,1.74,1.8,3.25,1.85,2.0,2.0,-0.5,1.6,3.2,,3.25,1.8,Penafiel,Gil Vicente,Penafiel_Gil Vicente_2004
304,5.0,1.2,,-1.75,1.18,11.0,6.0,10.5,9.0,,11.0,5.5,1.2,1.2,13.0,1.15,10.0,,1.18,5.5,1.9,1.95,1.8,,1.8,5.0,,5.4,,Porto,Academica,Porto_Academica_2004
305,5.0,1.25,,-1.5,1.18,11.0,5.5,8.0,11.0,,9.0,5.5,1.16,1.25,10.5,1.2,9.0,,1.25,5.5,1.75,2.1,1.7,,1.9,4.5,,4.7,,Sp Lisbon,Nacional,Sp Lisbon_Nacional_2004
