,WHD,IWH,LBA,SBH,SBA,BWD,WHA,B365A,LBH,GBA,B365D,B365H,WHH,BWA,BWH,IWA,GBAHA,GBH,SBD,GB>2.5,GBAH,GB<2.5,IWD,LBD,GBD,GBAHH,HomeTeam,AwayTeam,idGame
0,3.4,5.4,1.53,5.5,1.57,3.6,1.5,1.5,5.5,1.5,3.4,6.0,6.0,1.5,6.0,1.45,1.5,6.0,3.4,1.65,0.5,2.0,3.8,3.6,3.6,2.25,Rizespor,Fenerbahce,Rizespor_Fenerbahce_2004
1,3.2,2.0,3.0,2.25,2.8,3.3,3.0,2.75,2.1,2.9,3.25,2.2,2.1,3.0,2.1,3.2,1.52,2.2,3.2,1.71,-0.5,1.95,3.1,3.25,3.2,2.2,Denizlispor,Gaziantepspor,Denizlispor_Gaziantepspor_2004
2,3.75,1.45,5.5,1.5,6.0,3.7,7.0,6.0,1.53,6.6,3.4,1.5,1.4,6.5,1.45,5.4,2.37,1.45,3.5,1.6,-0.5,2.1,3.8,3.6,3.7,1.45,Genclerbirligi,Sakaryaspor,Genclerbirligi_Sakaryaspor_2004
3,3.4,4.4,1.67,4.5,1.67,3.5,1.65,1.66,4.33,1.7,3.4,4.33,4.4,1.6,5.0,1.65,1.7,4.2,3.4,1.6,0.5,2.1,3.3,3.6,3.5,1.91,Kayserispor,Trabzonspor,Kayserispor_Trabzonspor_2004
4,3.2,3.5,1.91,3.5,1.91,3.2,2.2,2.0,3.5,2.1,3.2,3.2,2.8,2.0,3.3,1.9,2.1,3.1,3.25,1.65,0.5,2.0,3.1,3.25,3.2,1.57,Malatyaspor,Besiktas,Malatyaspor_Besiktas_2004
5,3.2,2.2,2.8,2.25,2.75,3.35,3.2,2.75,2.2,2.85,3.25,2.2,2.0,2.75,2.2,3.9,1.51,2.25,3.25,1.71,-0.5,1.95,3.0,3.25,3.2,2.25,A. Sebatspor,Ankaraspor,A. Sebatspor_Ankaraspor_2004
6,3.75,1.4,7.5,1.36,7.5,4.1,7.0,7.0,1.33,8.3,4.0,1.36,1.4,7.75,1.35,6.0,2.7,1.35,4.0,1.55,-0.5,2.2,3.9,4.33,4.0,1.35,Galatasaray,Konyaspor,Galatasaray_Konyaspor_2004
7,3.1,2.2,2.8,2.2,2.88,3.15,2.85,2.75,2.2,2.85,3.25,2.2,2.2,2.8,2.25,2.9,1.51,2.25,3.2,1.71,-0.5,1.95,3.0,3.25,3.2,2.25,Istanbulspor,Diyarbakirspor,Istanbulspor_Diyarbakirspor_2004
8,3.2,1.8,3.25,2.0,3.25,3.3,3.0,3.6,2.0,3.35,3.25,1.83,2.1,3.2,2.0,3.6,1.64,2.0,3.25,1.6,-0.5,2.1,3.3,3.25,3.2,2.0,Samsunspor,Ankaragucu,Samsunspor_Ankaragucu_2004
9,3.2,3.1,2.1,2.8,2.2,3.3,2.3,2.1,3.0,2.1,3.2,3.0,2.62,1.95,3.35,2.1,2.1,2.95,3.25,1.65,-0.5,2.0,3.0,3.2,3.25,1.55,Gaziantepspor,Galatasaray,Gaziantepspor_Galatasaray_2004
10,3.3,1.85,3.6,1.8,4.0,3.3,4.0,4.0,1.8,4.4,3.4,1.72,1.75,3.7,1.85,3.5,1.87,1.7,3.25,1.65,-0.5,2.0,3.2,3.4,3.25,1.7,Ankaragucu,Istanbulspor,Ankaragucu_Istanbulspor_2004
11,3.25,2.2,2.75,2.3,2.7,3.35,2.85,2.75,2.25,2.7,3.2,2.25,2.15,2.6,2.3,2.9,1.47,2.25,3.2,1.65,-0.5,2.0,3.0,3.2,3.25,2.25,Ankaraspor,Malatyaspor,Ankaraspor_Malatyaspor_2004
12,3.6,1.7,4.0,1.75,4.0,3.15,5.0,4.0,1.67,4.35,3.4,1.72,1.55,4.45,1.75,4.0,1.81,1.75,3.4,1.6,-0.5,2.1,3.3,3.6,3.1,1.75,Diyarbakirspor,Kayserispor,Diyarbakirspor_Kayserispor_2004
13,4.5,1.3,8.0,1.29,8.0,4.5,10.0,11.0,1.3,8.0,5.0,1.2,1.25,8.25,1.3,8.0,3.08,1.25,4.75,1.55,-0.5,2.2,4.2,4.33,5.0,1.25,Fenerbahce,Samsunspor,Fenerbahce_Samsunspor_2004
14,3.3,2.9,2.2,3.0,2.1,3.4,1.8,2.1,2.75,2.2,3.2,3.0,3.75,2.1,2.95,2.2,2.2,3.0,3.25,1.55,0.5,2.2,3.0,3.25,3.0,1.5,Genclerbirligi,Besiktas,Genclerbirligi_Besiktas_2004
15,3.25,1.85,3.4,2.0,3.25,3.0,3.3,3.5,1.91,3.4,3.2,1.9,1.95,3.6,2.0,3.5,1.64,1.95,3.25,1.65,-0.5,2.0,3.2,3.25,3.15,1.95,Konyaspor,Rizespor,Konyaspor_Rizespor_2004
16,3.2,2.8,2.4,2.75,2.25,3.4,2.3,2.37,2.5,2.35,3.2,2.6,2.65,2.2,2.75,2.2,2.35,2.6,3.25,1.71,0.5,1.95,3.1,3.25,3.2,1.43,Sakaryaspor,Denizlispor,Sakaryaspor_Denizlispor_2004
17,4.3,1.3,8.0,1.29,8.5,4.5,8.0,9.0,1.3,8.5,5.0,1.22,1.3,8.25,1.3,8.0,3.09,1.25,4.5,1.55,-0.5,2.2,4.2,4.33,4.85,1.25,Trabzonspor,A. Sebatspor,Trabzonspor_A. Sebatspor_2004
18,3.2,2.9,2.1,3.25,2.0,3.2,2.1,2.1,3.0,2.0,3.25,3.0,3.0,2.1,3.1,2.2,2.0,3.25,3.25,1.65,0.5,2.0,3.0,3.2,3.25,1.63,Denizlispor,Besiktas,Denizlispor_Besiktas_2004
19,3.4,1.6,5.0,1.57,5.5,3.5,4.15,4.5,1.62,4.6,3.5,1.615,1.7,5.5,1.55,4.6,2.0,1.6,3.4,1.65,-0.5,2.0,3.4,3.4,3.55,1.6,Genclerbirligi,Ankaraspor,Genclerbirligi_Ankaraspor_2004
20,3.6,4.8,1.57,6.0,1.5,3.65,1.44,1.444,5.0,1.48,3.75,6.0,6.5,1.45,6.75,1.55,1.48,6.0,3.5,1.55,0.5,2.2,3.5,3.6,3.55,2.23,Istanbulspor,Fenerbahce,Istanbulspor_Fenerbahce_2004
21,3.2,2.9,2.1,3.25,2.0,3.3,2.1,2.0,3.0,2.05,3.25,3.25,3.0,1.9,3.55,2.2,2.05,3.0,3.25,1.6,0.5,2.1,3.0,3.2,3.3,1.57,Malatyaspor,Trabzonspor,Malatyaspor_Trabzonspor_2004
22,3.3,1.8,3.6,1.85,3.75,3.4,3.75,3.75,1.83,3.8,3.25,1.833,1.8,3.4,1.9,3.8,1.77,1.8,3.25,1.65,-0.5,2.0,3.1,3.4,3.3,1.8,Samsunspor,Konyaspor,Samsunspor_Konyaspor_2004
23,3.25,2.5,2.75,2.38,2.62,3.3,2.4,2.75,2.25,2.6,3.25,2.25,2.5,2.55,2.4,2.5,1.43,2.35,3.2,1.71,-0.5,1.95,3.0,3.2,3.2,2.35,A. Sebatspor,Diyarbakirspor,A. Sebatspor_Diyarbakirspor_2004
24,4.0,1.3,9.0,1.3,8.5,4.5,8.0,8.5,1.29,7.0,5.0,1.25,1.33,8.25,1.3,8.0,1.62,1.3,4.33,1.55,-1.5,2.2,4.2,4.33,4.75,1.87,Galatasaray,Rizespor,Galatasaray_Rizespor_2004
25,3.75,1.5,7.0,1.44,7.0,3.5,7.0,7.0,1.4,6.5,3.75,1.4,1.4,5.5,1.55,5.0,1.42,1.45,3.6,1.6,-1.5,2.1,3.7,3.75,3.6,2.25,Gaziantepspor,Sakaryaspor,Gaziantepspor_Sakaryaspor_2004
26,3.25,2.3,2.6,2.5,2.5,3.3,2.35,2.4,2.4,2.55,3.4,2.4,2.55,2.35,2.6,2.7,1.43,2.35,3.2,1.71,-0.5,1.95,3.0,3.2,3.25,2.35,Kayserispor,Ankaragucu,Kayserispor_Ankaragucu_2004
27,3.15,2.7,2.2,2.75,2.25,3.3,2.15,2.2,2.75,2.15,3.2,2.75,2.9,2.1,3.0,2.3,2.15,2.9,3.25,1.65,0.5,2.0,3.0,3.2,3.2,1.52,Ankaraspor,Denizlispor,Ankaraspor_Denizlispor_2004
28,3.75,6.0,1.53,6.0,1.5,4.5,1.4,1.4,5.0,1.45,3.75,7.0,7.0,1.3,8.25,1.4,1.45,6.2,3.6,1.55,0.5,2.2,3.9,3.75,3.7,2.32,Kayserispor,Fenerbahce,Kayserispor_Fenerbahce_2004
29,3.3,1.9,3.0,1.91,3.5,3.4,3.6,3.75,2.0,3.7,3.2,1.83,1.85,3.6,1.85,3.5,1.73,1.83,3.25,1.65,-0.5,2.0,3.1,3.4,3.25,1.83,Konyaspor,Istanbulspor,Konyaspor_Istanbulspor_2004
30,3.2,2.1,2.8,2.1,3.0,3.3,3.0,3.2,2.1,2.9,3.2,2.0,2.1,3.0,2.1,3.1,1.54,2.1,3.25,1.65,-0.5,2.0,3.0,3.4,3.3,2.1,Rizespor,Samsunspor,Rizespor_Samsunspor_2004
31,3.5,4.8,1.44,5.5,1.53,3.6,1.57,1.57,6.0,1.52,3.5,5.0,5.0,1.5,6.0,1.55,1.52,5.5,3.6,1.65,0.5,2.0,3.5,3.75,3.5,2.14,Sakaryaspor,Galatasaray,Sakaryaspor_Galatasaray_2004
32,3.4,1.65,3.75,1.67,4.5,3.4,4.5,4.33,1.73,4.5,3.4,1.66,1.65,4.3,1.7,4.4,1.94,1.65,3.4,1.65,-0.5,2.0,3.3,3.6,3.4,1.65,Ankaragucu,A. Sebatspor,Ankaragucu_A. Sebatspor_2004
33,3.4,1.6,4.5,1.67,4.5,3.5,4.8,4.33,1.57,4.75,3.4,1.66,1.6,5.0,1.6,4.6,2.0,1.6,3.4,1.6,-0.5,2.1,3.4,3.75,3.45,1.6,Besiktas,Gaziantepspor,Besiktas_Gaziantepspor_2004
34,3.25,2.3,2.5,2.5,2.5,3.4,2.5,2.62,2.4,2.5,3.1,2.37,2.4,2.6,2.3,2.7,1.41,2.4,3.2,1.6,-0.5,2.1,3.0,3.2,3.25,2.4,Diyarbakirspor,Malatyaspor,Diyarbakirspor_Malatyaspor_2004
35,3.25,1.65,5.0,1.57,5.0,3.4,4.7,4.33,1.53,5.5,3.4,1.66,1.65,4.75,1.65,4.4,2.14,1.52,3.6,1.6,-0.5,2.1,3.3,3.75,3.5,1.52,Trabzonspor,Genclerbirligi,Trabzonspor_Genclerbirligi_2004
36,3.75,6.0,1.4,6.5,1.44,4.0,1.4,1.4,7.0,1.45,3.75,7.0,7.0,1.4,6.7,1.4,1.9,5.8,3.75,1.6,1.25,2.1,3.9,3.75,3.85,1.85,A. Sebatspor,Fenerbahce,A. Sebatspor_Fenerbahce_2004
37,3.25,2.5,2.2,2.62,2.37,3.3,2.4,2.375,2.75,2.38,3.2,2.625,2.5,2.1,3.0,2.5,1.95,2.65,3.2,1.71,0.25,1.95,3.0,3.25,3.1,1.8,Denizlispor,Trabzonspor,Denizlispor_Trabzonspor_2004
38,3.4,1.7,4.5,1.57,5.0,3.5,4.8,5.0,1.571,4.6,3.5,1.571,1.6,4.5,1.65,4.2,1.95,1.6,3.6,1.6,-0.75,2.1,3.2,3.75,3.55,1.8,Gaziantepspor,Ankaraspor,Gaziantepspor_Ankaraspor_2004
39,3.3,1.8,3.75,1.72,4.0,3.4,4.0,4.333,1.727,4.0,3.2,1.727,1.75,3.6,1.85,3.8,1.81,1.75,3.5,1.65,-0.5,2.0,3.1,3.6,3.3,1.75,Genclerbirligi,Diyarbakirspor,Genclerbirligi_Diyarbakirspor_2004
40,4.33,1.35,9.0,1.33,8.0,5.0,8.0,8.0,1.25,8.5,5.0,1.25,1.3,9.0,1.25,7.0,1.95,1.3,4.2,1.5,-1.5,2.3,4.0,5.0,4.2,1.8,Galatasaray,Samsunspor,Galatasaray_Samsunspor_2004
41,3.3,2.0,2.8,2.2,2.87,3.3,3.1,3.2,2.1,3.0,3.0,2.1,2.0,2.6,2.35,3.1,1.95,2.1,3.2,1.65,-0.25,2.0,3.2,3.4,3.2,1.8,Istanbulspor,Rizespor,Istanbulspor_Rizespor_2004
42,3.3,2.2,2.75,2.25,2.8,3.3,2.8,2.8,2.2,2.9,3.2,2.2,2.15,3.0,2.1,2.9,1.8,2.15,3.2,1.6,-0.25,2.1,3.0,3.25,3.2,1.95,Kayserispor,Konyaspor,Kayserispor_Konyaspor_2004
43,3.4,1.8,3.6,1.75,4.0,3.5,3.6,3.5,1.8,3.85,3.4,1.833,1.8,4.0,1.75,3.8,1.81,1.75,3.4,1.65,-0.5,2.0,3.1,3.4,3.4,1.75,Malatyaspor,Ankaragucu,Malatyaspor_Ankaragucu_2004
44,3.5,4.4,1.5,5.5,1.53,3.9,1.53,1.571,5.5,1.6,3.5,5.0,5.5,1.45,6.0,1.65,1.8,4.6,3.6,1.55,0.75,2.2,3.3,3.75,3.55,1.95,Sakaryaspor,Besiktas,Sakaryaspor_Besiktas_2004
45,3.2,2.5,2.4,2.5,2.5,3.15,2.3,2.5,2.5,2.4,3.2,2.5,2.65,2.4,2.65,2.5,1.8,2.6,3.2,1.65,0.0,2.0,3.0,3.25,3.1,1.9,Diyarbakirspor,Denizlispor,Diyarbakirspor_Denizlispor_2004
46,3.4,1.6,4.5,1.62,4.75,3.5,4.8,5.0,1.57,4.7,3.5,1.57,1.6,5.5,1.55,4.6,1.8,1.6,3.5,1.6,-1.0,2.1,3.4,3.75,3.5,1.9,Ankaraspor,Sakaryaspor,Ankaraspor_Sakaryaspor_2004
47,4.2,1.33,7.5,1.36,7.5,4.5,7.5,7.5,1.3,7.5,4.0,1.36,1.33,8.25,1.3,7.5,2.81,1.3,4.0,1.6,-0.5,2.1,4.0,4.5,4.5,1.3,Fenerbahce,Malatyaspor,Fenerbahce_Malatyaspor_2004
48,3.4,1.6,4.0,1.73,4.2,3.5,4.5,4.33,1.67,4.5,3.4,1.66,1.65,5.5,1.55,4.6,1.9,1.65,3.4,1.65,-0.75,2.0,3.4,3.6,3.4,1.8,Konyaspor,A. Sebatspor,Konyaspor_A. Sebatspor_2004
49,3.4,1.85,4.0,1.67,4.5,3.4,3.85,4.0,1.67,4.5,3.5,1.72,1.75,4.7,1.65,3.6,1.94,1.65,3.4,1.65,-0.5,2.0,3.1,3.6,3.4,1.65,Samsunspor,Istanbulspor,Samsunspor_Istanbulspor_2004
50,3.2,2.5,2.4,2.3,2.75,3.2,2.3,2.75,2.5,2.55,3.2,2.25,2.65,2.75,2.3,2.5,1.9,2.45,3.2,1.75,0.0,1.9,3.0,3.25,3.1,1.8,Ankaragucu,Genclerbirligi,Ankaragucu_Genclerbirligi_2004
51,3.0,2.3,2.88,2.2,2.88,3.2,3.0,2.87,2.2,2.9,3.0,2.25,2.2,3.1,2.1,2.7,1.9,2.15,3.2,1.79,-0.25,1.85,3.0,3.25,3.2,1.8,Besiktas,Galatasaray,Besiktas_Galatasaray_2004
52,3.4,1.6,4.0,1.67,4.5,3.6,4.8,4.33,1.67,4.7,3.4,1.66,1.6,6.0,1.5,4.6,1.8,1.6,3.4,1.65,-1.0,2.0,3.4,3.6,3.5,1.9,Rizespor,Kayserispor,Rizespor_Kayserispor_2004
53,3.4,1.5,4.0,1.67,4.5,3.5,4.5,5.0,1.67,4.5,3.5,1.57,1.65,4.5,1.65,5.0,1.9,1.65,3.4,1.6,-0.75,2.1,3.7,3.6,3.4,1.8,Trabzonspor,Gaziantepspor,Trabzonspor_Gaziantepspor_2004
54,3.4,3.2,1.83,3.8,1.83,3.5,1.7,1.8,3.5,1.77,3.4,3.6,4.2,1.65,4.5,2.0,1.77,3.8,3.2,1.6,0.5,2.1,3.1,3.4,3.4,1.79,Genclerbirligi,Fenerbahce,Genclerbirligi_Fenerbahce_2004
55,3.2,2.5,2.38,2.5,2.5,3.4,2.3,2.5,2.6,2.45,3.1,2.5,2.65,2.2,2.75,2.5,1.85,2.5,3.2,1.71,0.0,1.95,3.0,3.25,3.2,1.85,A. Sebatspor,Rizespor,A. Sebatspor_Rizespor_2004
56,4.0,1.3,8.0,1.3,8.0,4.3,7.0,7.0,1.3,8.0,4.33,1.33,1.36,8.5,1.3,8.0,1.85,1.3,4.5,1.5,-1.5,2.3,4.2,4.33,4.3,1.85,Besiktas,Ankaraspor,Besiktas_Ankaraspor_2004
57,3.2,2.3,2.6,2.38,2.7,3.4,2.6,2.6,2.38,2.65,3.2,2.37,2.35,2.5,2.4,2.7,1.73,2.3,3.1,1.65,-0.25,2.0,3.0,3.25,3.2,2.0,Kayserispor,Samsunspor,Kayserispor_Samsunspor_2004
58,3.85,5.4,1.4,7.5,1.4,4.5,1.4,1.4,7.0,1.42,3.75,7.0,6.4,1.3,8.25,1.45,1.9,7.0,3.75,1.5,1.25,2.3,3.8,3.75,3.6,1.8,Sakaryaspor,Trabzonspor,Sakaryaspor_Trabzonspor_2004
59,3.4,1.75,4.0,1.75,4.2,3.35,4.1,4.33,1.73,4.3,3.2,1.72,1.7,3.85,1.8,4.0,1.87,1.7,3.25,1.65,-0.5,2.0,3.2,3.4,3.3,1.7,Denizlispor,Ankaragucu,Denizlispor_Ankaragucu_2004
60,5.0,1.3,8.0,1.22,10.0,6.5,8.0,11.0,1.25,8.5,5.0,1.2,1.25,11.5,1.15,8.0,1.85,1.25,5.0,1.45,-1.75,2.45,4.2,5.0,5.0,1.85,Galatasaray,Istanbulspor,Galatasaray_Istanbulspor_2004
61,3.75,1.45,5.5,1.5,6.0,3.6,6.0,5.5,1.5,7.0,3.6,1.5,1.45,6.0,1.5,5.4,1.9,1.45,3.6,1.6,-1.0,2.1,3.8,3.75,3.45,1.8,Gaziantepspor,Diyarbakirspor,Gaziantepspor_Diyarbakirspor_2004
62,,1.7,5.0,1.62,5.0,3.9,,4.33,1.57,5.5,3.6,1.61,,6.0,1.45,4.2,1.8,1.53,3.4,1.6,-1.0,2.1,3.2,3.5,3.5,1.9,Malatyaspor,Konyaspor,Malatyaspor_Konyaspor_2004
63,3.3,4.0,1.73,4.5,1.67,3.5,1.66,1.61,3.75,1.7,3.5,4.5,4.5,1.65,4.5,1.75,1.8,4.25,3.4,1.65,0.75,2.0,3.2,3.6,3.3,1.95,Ankaraspor,Galatasaray,Ankaraspor_Galatasaray_2004
64,3.1,2.5,2.4,2.6,2.4,3.2,2.5,2.4,2.5,2.5,3.2,2.6,2.5,2.45,2.55,2.5,1.87,2.5,3.2,1.65,0.0,2.0,3.0,3.25,3.1,1.85,Ankaragucu,Gaziantepspor,Ankaragucu_Gaziantepspor_2004
65,3.6,1.65,5.5,1.57,5.5,3.5,5.0,5.5,1.5,5.55,3.5,1.53,1.55,5.5,1.55,4.4,1.9,1.55,3.4,1.65,-0.75,2.0,3.3,3.75,3.35,1.85,Diyarbakirspor,Sakaryaspor,Diyarbakirspor_Sakaryaspor_2004
66,4.2,1.4,7.5,1.36,7.5,4.2,7.5,7.0,1.36,8.0,4.0,1.36,1.33,7.5,1.35,6.0,2.8,1.31,4.0,1.6,-0.5,2.1,3.9,4.0,4.3,1.31,Fenerbahce,Denizlispor,Fenerbahce_Denizlispor_2004
67,3.25,2.2,2.6,2.2,2.88,3.3,2.9,2.8,2.38,2.8,3.2,2.2,2.1,2.75,2.25,2.9,1.8,2.2,3.2,1.65,-0.25,2.0,3.0,3.25,3.2,1.95,Rizespor,Malatyaspor,Rizespor_Malatyaspor_2004
68,3.3,1.9,3.0,2.05,3.1,3.45,3.1,3.0,2.0,3.1,3.25,2.1,2.0,3.1,2.0,3.3,1.6,2.0,3.25,1.65,-0.5,2.0,3.3,3.4,3.3,2.0,Istanbulspor,Kayserispor,Istanbulspor_Kayserispor_2004
69,3.15,2.3,2.5,2.5,2.5,3.4,2.4,2.6,2.4,2.5,3.2,2.4,2.55,2.4,2.5,2.6,1.89,2.5,3.2,1.65,0.0,2.0,3.1,3.25,3.1,1.87,Konyaspor,Genclerbirligi,Konyaspor_Genclerbirligi_2004
70,3.3,1.65,5.0,1.67,4.5,3.5,4.7,4.33,1.57,4.65,3.4,1.66,1.65,4.5,1.65,4.4,1.85,1.65,3.4,1.65,-0.75,2.0,3.3,3.6,3.3,1.87,Samsunspor,A. Sebatspor,Samsunspor_A. Sebatspor_2004
71,3.2,1.85,3.5,1.91,3.5,3.35,3.0,3.2,1.83,3.3,3.2,2.0,2.1,3.5,1.9,3.5,1.64,1.95,3.25,1.65,-0.5,2.0,3.2,3.4,3.25,1.95,Trabzonspor,Besiktas,Trabzonspor_Besiktas_2004
72,3.4,1.5,5.0,1.44,6.5,4.0,6.0,6.0,1.57,6.65,3.4,1.5,1.5,6.75,1.4,5.0,1.46,1.43,3.75,1.65,-1.5,2.0,3.7,3.6,3.6,2.07,Besiktas,Diyarbakirspor,Besiktas_Diyarbakirspor_2004
73,3.2,3.2,1.8,3.5,1.91,3.45,1.9,1.9,3.6,1.9,3.2,3.5,3.5,1.75,4.0,2.0,1.9,3.5,3.25,1.65,0.5,2.0,3.1,3.4,3.2,1.67,Gaziantepspor,Fenerbahce,Gaziantepspor_Fenerbahce_2004
74,3.3,1.75,3.75,1.83,3.75,3.45,3.75,3.75,1.73,3.75,3.3,1.8,1.8,3.75,1.8,4.0,1.74,1.8,3.3,1.65,-0.5,2.0,3.2,3.6,3.25,1.8,Genclerbirligi,Rizespor,Genclerbirligi_Rizespor_2004
75,3.2,2.7,1.91,3.1,2.1,3.4,2.0,2.1,3.25,2.1,3.2,3.0,3.2,1.85,3.6,2.3,2.1,3.05,3.2,1.65,0.5,2.0,3.0,3.4,3.25,1.57,Sakaryaspor,Ankaragucu,Sakaryaspor_Ankaragucu_2004
76,3.15,2.2,2.75,2.2,2.8,3.5,2.7,3.2,2.2,2.8,3.2,2.0,2.3,2.85,2.1,2.8,1.5,2.15,3.25,1.71,-0.5,1.95,3.1,3.25,3.25,2.15,A. Sebatspor,Istanbulspor,A. Sebatspor_Istanbulspor_2004
77,3.4,4.4,1.67,4.5,1.67,3.4,1.65,1.61,4.0,1.6,3.5,4.5,4.5,1.7,4.3,1.65,1.6,4.75,3.4,1.65,0.5,2.0,3.3,3.6,3.4,1.98,Ankaraspor,Trabzonspor,Ankaraspor_Trabzonspor_2004
78,3.6,1.65,4.5,1.57,5.0,3.5,5.5,5.0,1.62,4.75,3.5,1.57,1.5,5.5,1.55,4.4,1.98,1.6,3.6,1.6,-0.5,2.1,3.3,3.6,3.4,1.6,Denizlispor,Konyaspor,Denizlispor_Konyaspor_2004
79,6.0,1.15,13.0,1.17,11.0,6.0,12.0,10.0,1.17,13.0,6.0,1.16,1.14,13.0,1.15,12.0,,1.15,6.0,,,,6.0,5.5,6.0,,Galatasaray,Kayserispor,Galatasaray_Kayserispor_2004
80,3.4,1.75,4.0,1.73,4.33,3.35,4.2,4.0,1.67,4.25,3.4,1.72,1.7,3.85,1.8,4.0,1.86,1.7,3.25,1.6,-0.5,2.1,3.2,3.6,3.3,1.7,Malatyaspor,Samsunspor,Malatyaspor_Samsunspor_2004
81,3.25,3.1,2.2,2.88,2.2,3.35,2.2,2.2,2.75,2.2,3.25,2.75,2.75,2.15,2.85,2.1,2.2,2.75,3.2,1.65,0.5,2.0,3.0,3.25,3.25,1.49,Istanbulspor,Malatyaspor,Istanbulspor_Malatyaspor_2004
82,3.15,2.5,2.75,2.4,2.6,3.15,2.45,2.4,2.2,2.5,3.4,2.4,2.5,2.7,2.35,2.5,1.42,2.35,3.2,1.6,-0.5,2.1,3.0,3.25,3.3,2.35,Konyaspor,Gaziantepspor,Konyaspor_Gaziantepspor_2004
83,3.3,1.9,3.5,1.83,4.0,3.35,3.3,3.75,1.83,3.5,3.4,1.8,1.9,3.7,1.85,3.5,1.7,1.87,3.25,1.6,-0.5,2.1,3.1,3.4,3.3,1.87,Samsunspor,Genclerbirligi,Samsunspor_Genclerbirligi_2004
84,3.1,2.3,2.6,2.25,2.8,3.25,2.62,2.75,2.38,2.75,3.25,2.2,2.37,2.65,2.35,2.7,1.49,2.2,3.2,1.75,-0.5,1.9,3.0,3.25,3.25,2.2,Trabzonspor,Galatasaray,Trabzonspor_Galatasaray_2004
85,3.3,3.2,1.91,3.5,1.91,3.55,2.0,1.9,3.25,1.9,3.4,3.2,3.1,1.9,3.3,2.0,1.9,3.4,3.25,1.65,0.5,2.0,3.1,3.4,3.3,1.67,Ankaragucu,Besiktas,Ankaragucu_Besiktas_2004
86,3.2,2.0,2.8,2.1,3.1,3.2,2.8,3.2,2.1,3.0,3.2,2.0,2.2,3.0,2.15,3.2,1.57,2.05,3.2,1.65,-0.5,2.0,3.1,3.4,3.3,2.05,Diyarbakirspor,Ankaraspor,Diyarbakirspor_Ankaraspor_2004
87,6.0,1.15,15.0,1.14,13.0,6.0,12.0,13.0,1.1,12.6,6.0,1.14,1.14,13.0,1.15,12.0,4.06,1.14,6.0,1.45,-0.5,2.45,6.0,7.0,6.0,1.14,Fenerbahce,Sakaryaspor,Fenerbahce_Sakaryaspor_2004
88,3.1,2.2,2.75,2.2,3.0,3.3,2.9,3.0,2.2,2.95,3.25,2.1,2.2,2.9,2.15,3.0,1.55,2.1,3.1,1.65,-0.5,2.0,2.9,3.25,3.25,2.1,Kayserispor,A. Sebatspor,Kayserispor_A. Sebatspor_2004
89,3.25,2.3,2.75,2.25,2.88,3.2,2.55,2.75,2.2,2.7,3.2,2.25,2.35,2.9,2.2,2.7,1.47,2.25,3.1,1.65,-0.5,2.0,3.0,3.25,3.25,2.25,Rizespor,Denizlispor,Rizespor_Denizlispor_2004
90,4.0,1.35,7.0,1.25,9.0,4.2,8.0,8.0,1.4,7.5,4.33,1.3,1.33,7.5,1.35,7.0,1.63,1.3,5.0,1.6,-1.5,2.1,4.0,3.75,4.5,1.8,Trabzonspor,Diyarbakirspor,Trabzonspor_Diyarbakirspor_2004
91,3.1,2.5,2.38,2.75,2.3,3.3,2.37,2.37,2.5,2.45,3.1,2.62,2.62,2.35,2.6,2.5,2.45,2.6,3.2,1.71,0.5,1.95,3.0,3.25,3.15,1.42,Besiktas,Fenerbahce,Besiktas_Fenerbahce_2004
92,3.25,1.9,3.25,1.91,3.6,3.25,3.4,3.4,1.91,3.55,3.25,1.9,1.9,3.4,1.95,3.5,1.68,1.9,3.2,1.65,-0.5,2.0,3.1,3.4,3.2,1.9,Denizlispor,Samsunspor,Denizlispor_Samsunspor_2004
93,3.4,1.65,3.75,1.83,3.75,3.35,4.1,4.0,1.73,3.8,3.4,1.72,1.7,3.65,1.85,4.4,1.77,1.8,3.25,1.71,-0.5,1.95,3.3,3.5,3.3,1.8,Gaziantepspor,Rizespor,Gaziantepspor_Rizespor_2004
94,3.6,1.45,4.0,1.62,4.75,3.5,5.0,5.0,1.67,4.7,3.5,1.57,1.55,4.5,1.65,5.4,2.06,1.6,3.5,1.65,-0.5,2.0,3.8,3.6,3.5,1.55,Genclerbirligi,Istanbulspor,Genclerbirligi_Istanbulspor_2004
95,3.25,2.3,2.6,2.5,2.5,3.25,2.4,2.62,2.38,2.65,3.1,2.37,2.5,2.7,2.3,2.7,1.44,2.35,3.2,1.75,-0.5,1.9,3.0,3.25,3.15,2.35,Ankaraspor,Ankaragucu,Ankaraspor_Ankaragucu_2004
96,7.0,1.12,13.0,1.11,13.0,8.0,13.0,15.0,1.1,14.0,7.5,1.08,1.1,16.0,1.08,13.0,,1.12,7.0,,,,6.5,7.0,6.3,,Galatasaray,A. Sebatspor,Galatasaray_A. Sebatspor_2004
97,4.5,1.35,7.0,1.4,7.5,3.9,7.5,7.0,1.4,6.3,4.0,1.36,1.3,6.0,1.45,7.0,1.5,1.4,3.75,1.55,-1.5,2.2,4.0,3.75,4.0,2.0,Malatyaspor,Kayserispor,Malatyaspor_Kayserispor_2004
98,3.2,2.4,2.38,2.5,2.5,3.2,2.6,2.62,2.6,2.45,3.25,2.3,2.35,2.45,2.55,2.6,2.45,2.55,3.2,1.65,0.5,2.0,3.0,3.25,3.1,1.4,Sakaryaspor,Konyaspor,Sakaryaspor_Konyaspor_2004
99,3.4,4.6,1.57,4.5,1.67,3.6,1.6,1.5,5.0,1.55,3.6,5.5,4.8,1.5,6.0,1.6,1.45,5.25,3.4,1.65,0.5,2.0,3.4,3.6,3.5,2.27,Diyarbakirspor,Galatasaray,Diyarbakirspor_Galatasaray_2004
100,3.3,3.5,1.8,3.6,1.91,3.4,1.85,1.9,3.6,1.85,3.25,3.4,3.55,1.85,3.6,1.85,1.85,3.7,3.2,1.65,0.5,2.0,3.2,3.4,3.25,1.73,A. Sebatspor,Malatyaspor,A. Sebatspor_Malatyaspor_2004
101,5.0,1.25,9.0,1.2,10.0,5.5,9.5,9.0,1.2,9.5,5.0,1.22,1.22,10.5,1.2,9.0,3.28,1.23,5.5,1.5,-0.5,2.3,4.5,5.5,5.0,1.23,Fenerbahce,Ankaraspor,Fenerbahce_Ankaraspor_2004
102,3.3,3.4,2.0,3.25,2.0,3.35,2.0,2.0,3.2,2.0,3.2,3.2,3.1,1.9,3.5,1.9,2.0,3.25,3.25,1.71,0.5,1.95,3.2,3.2,3.2,1.61,Istanbulspor,Denizlispor,Istanbulspor_Denizlispor_2004
103,3.35,1.85,3.25,1.91,3.4,3.45,3.7,3.4,1.91,3.5,3.25,1.9,1.8,4.0,1.75,3.6,1.69,1.9,3.4,1.71,-0.5,1.95,3.1,3.4,3.25,1.9,Samsunspor,Gaziantepspor,Samsunspor_Gaziantepspor_2004
104,3.4,3.7,1.73,3.5,1.91,3.4,1.72,1.8,4.0,1.8,3.2,3.75,4.0,1.85,3.6,1.8,1.75,4.0,3.25,1.65,0.5,2.0,3.2,3.4,3.2,1.81,Ankaragucu,Trabzonspor,Ankaragucu_Trabzonspor_2004
105,3.2,2.3,2.5,2.4,2.6,3.25,2.6,2.6,2.4,2.65,3.1,2.4,2.35,2.7,2.3,2.6,1.43,2.38,3.2,1.71,-0.5,1.95,3.1,3.25,3.1,2.38,Kayserispor,Genclerbirligi,Kayserispor_Genclerbirligi_2004
106,3.4,3.8,1.73,3.75,1.83,3.5,1.72,1.8,4.0,1.77,3.6,3.4,4.0,1.7,4.15,1.75,1.77,4.0,3.3,1.65,0.5,2.0,3.3,3.5,3.25,1.79,Konyaspor,Besiktas,Konyaspor_Besiktas_2004
107,3.8,1.4,7.0,1.44,6.5,4.0,6.75,6.0,1.4,6.75,3.75,1.44,1.4,6.75,1.4,6.0,2.47,1.4,3.75,1.65,-0.5,2.0,3.9,3.75,3.9,1.4,Rizespor,Sakaryaspor,Rizespor_Sakaryaspor_2004
108,3.4,1.9,3.0,2.0,3.25,3.3,3.85,3.2,2.0,3.2,3.2,2.0,1.75,3.25,2.0,3.4,1.6,2.0,3.25,1.65,-0.5,2.0,3.2,3.4,3.2,2.0,Ankaraspor,Konyaspor,Ankaraspor_Konyaspor_2004
109,4.33,1.4,6.5,1.44,6.5,3.85,7.0,7.0,1.4,6.5,3.75,1.4,1.33,6.05,1.45,6.0,1.52,1.4,3.75,1.55,-1.5,2.2,3.9,4.0,4.0,1.95,Galatasaray,Malatyaspor,Galatasaray_Malatyaspor_2004
110,3.3,3.4,1.83,3.4,1.95,3.4,1.95,2.0,3.5,1.9,3.2,3.2,3.25,1.85,3.6,1.9,1.9,3.5,3.25,1.65,0.5,2.0,3.2,3.4,3.2,1.67,Sakaryaspor,Samsunspor,Sakaryaspor_Samsunspor_2004
111,3.1,2.4,2.6,2.38,2.7,3.2,2.5,2.6,2.4,2.75,3.2,2.37,2.5,2.75,2.3,2.7,1.43,2.35,3.1,1.75,-0.5,1.9,2.9,3.2,3.0,2.35,Trabzonspor,Fenerbahce,Trabzonspor_Fenerbahce_2004
112,3.75,1.4,6.5,1.5,5.5,3.7,6.0,5.5,1.4,6.0,3.6,1.5,1.44,6.5,1.45,6.0,1.44,1.45,3.75,1.6,-1.5,2.1,3.9,4.0,3.75,2.11,Besiktas,Rizespor,Besiktas_Rizespor_2004
113,4.2,1.35,6.0,1.44,6.5,3.7,7.0,7.0,1.44,6.0,3.75,1.4,1.35,6.5,1.45,7.0,1.44,1.45,3.75,1.55,-1.5,2.2,4.0,4.0,3.75,2.11,Denizlispor,Kayserispor,Denizlispor_Kayserispor_2004
114,3.4,1.75,3.5,1.91,3.5,3.5,3.85,3.5,1.83,3.6,3.25,1.9,1.75,3.5,1.85,4.0,1.71,1.85,3.25,1.65,-0.5,2.0,3.2,3.4,3.25,1.85,Diyarbakirspor,Ankaragucu,Diyarbakirspor_Ankaragucu_2004
115,4.1,1.45,5.5,1.53,5.5,3.6,6.0,5.5,1.5,6.0,3.6,1.5,1.4,6.0,1.5,5.4,1.44,1.45,3.6,1.65,-1.5,2.0,3.8,3.75,3.75,2.11,Gaziantepspor,Istanbulspor,Gaziantepspor_Istanbulspor_2004
116,3.65,1.4,6.0,1.53,5.5,3.5,6.2,7.0,1.44,6.0,3.75,1.4,1.45,5.5,1.55,6.0,1.44,1.45,3.6,1.65,-1.5,2.0,3.9,4.0,3.75,2.11,Genclerbirligi,A. Sebatspor,Genclerbirligi_A. Sebatspor_2004
117,3.3,4.4,1.67,5.0,1.67,3.4,1.8,1.61,4.5,1.65,3.5,4.5,3.75,1.65,4.7,1.65,1.65,4.65,3.4,1.65,0.5,2.0,3.3,3.4,3.3,1.93,Ankaragucu,Galatasaray,Ankaragucu_Galatasaray_2004
118,5.0,1.2,13.0,1.17,13.0,6.0,11.0,11.0,1.17,11.0,5.5,1.16,1.2,13.0,1.15,10.0,,1.2,6.0,1.55,,2.3,5.0,5.5,5.0,,Fenerbahce,Diyarbakirspor,Fenerbahce_Diyarbakirspor_2004
119,3.3,3.1,2.1,3.0,2.2,3.4,2.0,2.1,3.0,2.1,3.2,3.0,3.1,2.0,3.15,2.1,2.1,2.95,3.25,1.6,0.5,2.1,3.0,3.2,3.2,1.53,Kayserispor,Gaziantepspor,Kayserispor_Gaziantepspor_2004
120,3.4,3.6,1.8,4.0,1.83,3.45,1.8,1.8,4.0,1.8,3.3,3.75,3.6,1.75,3.95,1.85,1.8,3.85,3.3,1.6,0.5,2.1,3.1,3.2,3.25,1.76,Konyaspor,Trabzonspor,Konyaspor_Trabzonspor_2004
121,3.5,1.65,4.5,1.67,4.75,3.5,4.3,4.5,1.62,4.75,3.5,1.61,1.65,4.9,1.6,4.4,1.96,1.62,3.5,1.65,-0.5,2.0,3.3,3.6,3.35,1.62,Rizespor,Ankaraspor,Rizespor_Ankaraspor_2004
122,3.4,3.2,1.83,4.0,1.85,3.3,1.8,1.83,3.75,1.85,3.25,3.6,3.6,1.8,3.95,2.0,1.85,3.7,3.25,1.71,0.5,1.95,3.1,3.25,3.2,1.72,A. Sebatspor,Denizlispor,A. Sebatspor_Denizlispor_2004
123,3.4,1.8,4.0,1.85,3.8,3.4,3.45,4.0,1.73,3.85,3.4,1.72,1.85,3.6,1.85,3.6,1.76,1.8,3.4,1.8,-0.5,1.8,3.3,3.4,3.25,1.8,Istanbulspor,Sakaryaspor,Istanbulspor_Sakaryaspor_2004
124,3.35,1.85,4.0,1.91,3.75,3.4,3.5,3.75,1.8,3.7,3.3,1.8,1.85,3.6,1.85,3.6,1.72,1.85,3.25,1.65,-0.5,2.0,3.1,3.2,3.2,1.85,Malatyaspor,Genclerbirligi,Malatyaspor_Genclerbirligi_2004
125,3.4,3.4,1.73,4.33,1.73,3.45,1.66,1.66,4.0,1.7,3.4,4.33,4.33,1.8,3.75,1.9,,4.0,3.5,1.6,,2.0,3.2,3.4,3.3,,Samsunspor,Besiktas,Samsunspor_Besiktas_2004
126,6.5,1.17,13.0,1.14,15.0,7.0,10.0,9.0,1.14,12.0,5.5,1.2,1.14,13.0,1.12,11.0,,1.17,6.0,1.5,,2.3,5.5,6.0,5.5,,Fenerbahce,Ankaragucu,Fenerbahce_Ankaragucu_2004
127,3.4,1.85,3.4,1.85,3.75,3.4,3.5,3.6,1.91,3.5,3.25,1.83,1.85,3.6,1.85,3.6,1.69,1.9,3.3,1.65,-0.5,2.0,3.1,3.25,3.25,1.9,Denizlispor,Malatyaspor,Denizlispor_Malatyaspor_2004
128,3.3,2.1,3.0,2.2,2.88,3.3,3.1,2.87,2.1,3.0,3.1,2.2,2.0,3.0,2.1,3.2,1.5,2.2,3.25,1.71,-0.5,1.95,2.9,3.2,3.0,2.2,Diyarbakirspor,Konyaspor,Diyarbakirspor_Konyaspor_2004
129,3.4,3.2,2.0,3.3,2.0,3.35,1.8,2.0,3.2,2.0,3.1,3.3,3.6,1.9,3.45,2.1,2.0,3.25,3.2,1.71,0.5,1.95,2.9,3.2,3.2,1.61,Genclerbirligi,Galatasaray,Genclerbirligi_Galatasaray_2004
130,3.6,1.55,5.0,1.53,5.5,3.45,5.0,5.0,1.53,5.5,3.5,1.57,1.53,5.6,1.55,4.8,2.16,1.52,3.6,1.6,-0.5,2.1,3.5,3.75,3.55,1.52,Trabzonspor,Rizespor,Trabzonspor_Rizespor_2004
131,3.3,1.85,3.0,2.0,3.2,3.35,3.0,3.0,2.1,3.25,3.2,2.1,2.05,3.2,2.0,3.5,1.61,2.0,3.3,1.65,-0.5,2.0,3.2,3.2,3.2,2.0,Ankaraspor,Samsunspor,Ankaraspor_Samsunspor_2004
132,4.5,1.4,7.5,1.33,7.5,4.8,9.5,7.0,1.33,8.0,4.0,1.36,1.25,9.5,1.25,6.0,2.78,1.32,4.33,1.55,-0.5,2.2,3.9,4.33,4.25,1.32,Besiktas,Istanbulspor,Besiktas_Istanbulspor_2004
133,3.8,1.55,5.5,1.5,6.0,3.5,5.8,5.5,1.5,5.25,3.6,1.5,1.45,5.5,1.55,4.8,2.1,1.55,3.6,1.6,-0.5,2.1,3.5,3.75,3.5,1.55,Gaziantepspor,A. Sebatspor,Gaziantepspor_A. Sebatspor_2004
134,3.25,2.2,2.75,2.2,2.88,3.2,2.75,2.7,2.25,2.9,3.1,2.3,2.2,2.75,2.3,2.9,1.47,2.25,3.25,1.71,-0.5,1.95,3.0,3.25,3.0,2.25,Sakaryaspor,Kayserispor,Sakaryaspor_Kayserispor_2004
135,3.6,5.0,1.53,5.5,1.57,3.6,1.5,1.53,5.0,1.55,3.4,5.5,5.5,1.5,6.0,1.5,1.55,5.2,3.4,1.5,0.5,2.3,3.7,3.75,3.5,2.09,Kayserispor,Besiktas,Kayserispor_Besiktas_2004
136,3.4,1.75,3.75,1.91,3.5,3.4,3.15,3.6,1.8,3.45,3.25,1.83,1.95,3.6,1.85,4.0,1.67,1.9,3.25,1.65,-0.5,2.0,3.2,3.4,3.25,1.9,A. Sebatspor,Sakaryaspor,A. Sebatspor_Sakaryaspor_2004
137,3.3,2.0,3.25,2.05,3.2,3.3,2.65,3.2,2.0,3.2,3.2,2.0,2.25,3.25,2.0,3.2,1.57,2.05,3.2,1.75,-0.5,1.9,3.1,3.25,3.1,2.05,Istanbulspor,Ankaraspor,Istanbulspor_Ankaraspor_2004
138,3.2,2.0,3.25,2.1,3.1,3.3,3.35,3.0,2.0,3.2,3.2,2.1,1.95,3.0,2.1,3.2,1.57,2.05,3.2,1.71,-0.5,1.95,3.1,3.25,3.1,2.05,Malatyaspor,Gaziantepspor,Malatyaspor_Gaziantepspor_2004
139,3.2,4.0,1.73,4.0,1.75,3.45,1.83,1.8,4.0,1.83,3.4,3.6,3.75,1.75,4.0,1.7,1.83,3.75,3.4,1.6,0.5,2.1,3.3,3.4,3.2,1.73,Samsunspor,Trabzonspor,Samsunspor_Trabzonspor_2004
140,3.1,2.4,2.75,2.3,2.8,3.3,2.62,2.75,2.38,2.6,3.2,2.25,2.37,2.6,2.35,2.7,1.41,2.4,3.1,1.75,-0.5,1.9,2.9,3.0,3.1,2.4,Galatasaray,Fenerbahce,Galatasaray_Fenerbahce_2004
141,3.3,2.0,3.25,2.05,3.3,3.35,3.25,3.2,2.0,3.2,3.2,2.0,1.95,3.45,1.9,3.2,1.57,2.05,3.1,1.71,-0.5,1.95,3.1,3.25,3.1,2.05,Genclerbirligi,Denizlispor,Genclerbirligi_Denizlispor_2004
142,3.3,1.75,4.33,1.85,3.75,3.45,4.0,4.2,1.8,3.85,3.3,1.72,1.75,4.0,1.75,4.0,1.76,1.8,3.25,1.65,-0.5,2.0,3.2,3.0,3.25,1.8,Konyaspor,Ankaragucu,Konyaspor_Ankaragucu_2004
143,3.3,1.6,5.0,1.53,5.5,3.5,5.0,4.5,1.57,5.25,3.5,1.61,1.61,4.9,1.6,4.6,,1.55,3.6,1.65,,2.0,3.4,3.4,3.4,,Rizespor,Diyarbakirspor,Rizespor_Diyarbakirspor_2004
144,3.3,3.5,1.91,3.6,1.91,3.4,1.83,1.9,3.4,1.85,3.2,3.5,3.6,1.85,3.6,1.9,1.85,3.65,3.2,1.71,0.5,1.95,3.1,3.25,3.25,1.72,Denizlispor,Galatasaray,Denizlispor_Galatasaray_2004
145,3.1,2.2,2.6,2.38,2.7,3.2,2.7,2.6,2.38,2.6,3.1,2.4,2.3,2.75,2.3,2.9,1.43,2.35,3.1,1.71,-0.5,1.95,3.0,3.25,3.2,2.35,Ankaragucu,Rizespor,Ankaragucu_Rizespor_2004
146,5.0,1.22,13.0,1.17,11.0,6.0,11.0,11.0,1.17,11.0,5.0,1.2,1.2,13.0,1.15,9.5,3.55,1.2,6.0,1.45,-0.5,2.45,4.8,5.5,5.25,1.2,Fenerbahce,Konyaspor,Fenerbahce_Konyaspor_2004
147,3.3,1.9,3.75,1.83,3.75,3.45,3.5,3.75,1.83,3.65,3.2,1.83,1.85,3.95,1.75,3.5,1.72,1.85,3.2,1.71,-0.5,1.95,3.1,3.25,3.25,1.85,Gaziantepspor,Genclerbirligi,Gaziantepspor_Genclerbirligi_2004
148,4.3,1.27,9.0,1.25,9.0,4.8,8.0,9.5,1.29,10.0,4.5,1.25,1.3,9.5,1.25,8.5,3.1,1.25,5.0,1.45,-0.5,2.45,4.3,4.5,4.5,1.25,Trabzonspor,Istanbulspor,Trabzonspor_Istanbulspor_2004
149,3.3,1.8,4.0,1.67,4.5,3.4,3.75,3.75,1.8,4.0,3.25,1.8,1.8,4.05,1.75,3.8,1.22,1.75,3.4,1.71,-1.5,1.95,3.1,3.25,3.3,2.85,Ankaraspor,Kayserispor,Ankaraspor_Kayserispor_2004
150,5.0,1.2,11.0,1.17,13.0,6.0,9.5,11.0,1.2,12.0,5.5,1.16,1.22,13.0,1.15,10.0,3.89,1.16,5.5,,-0.5,,5.0,5.0,5.75,1.16,Besiktas,A. Sebatspor,Besiktas_A. Sebatspor_2004
151,3.15,1.9,3.25,2.0,3.3,3.35,3.4,3.2,2.0,3.2,3.2,2.0,1.95,3.45,1.9,3.4,1.6,2.0,3.2,1.71,-0.5,1.95,3.2,3.25,3.2,2.0,Diyarbakirspor,Samsunspor,Diyarbakirspor_Samsunspor_2004
152,3.2,2.7,2.1,2.88,2.25,3.3,2.05,2.2,3.0,2.15,3.2,2.8,3.05,2.1,3.0,2.3,2.15,2.9,3.1,1.6,0.5,2.1,3.0,3.2,3.2,1.52,Sakaryaspor,Malatyaspor,Sakaryaspor_Malatyaspor_2004
153,3.4,4.6,1.615,5.0,1.615,3.45,1.65,1.57,4.5,1.65,3.5,5.0,4.6,1.6,5.1,1.6,,4.6,3.4,,,,3.4,3.6,3.4,,Konyaspor,Galatasaray,Konyaspor_Galatasaray_2004
154,3.55,1.55,6.5,,,3.9,6.55,5.5,1.444,6.55,3.6,1.5,1.45,7.0,1.4,4.8,,1.45,,,,,3.5,3.75,3.55,,Ankaraspor,A. Sebatspor,Ankaraspor_A. Sebatspor_2004
155,3.65,1.45,5.5,1.5,6.0,3.5,5.8,6.0,1.5,5.8,3.75,1.44,1.47,5.5,1.55,5.4,,1.47,3.6,,,,3.8,3.75,3.65,,Besiktas,Malatyaspor,Besiktas_Malatyaspor_2004
156,3.2,1.75,4.5,1.667,4.75,3.3,4.3,6.5,1.615,4.3,3.39,1.5,1.73,4.5,1.7,4.0,,1.73,3.25,,,,3.2,3.5,3.2,,Diyarbakirspor,Istanbulspor,Diyarbakirspor_Istanbulspor_2004
157,3.25,2.4,2.4,2.6,2.4,3.5,2.45,2.37,2.5,2.45,3.2,2.62,2.45,2.5,2.35,2.5,,2.45,3.2,,,,3.1,3.25,3.25,,Sakaryaspor,Genclerbirligi,Sakaryaspor_Genclerbirligi_2004
158,3.2,2.0,3.6,1.8,4.0,3.2,3.2,3.39,1.8,3.2,3.39,1.9,2.0,3.35,2.0,3.1,,2.0,3.25,,,,3.2,3.4,3.2,,Ankaragucu,Samsunspor,Ankaragucu_Samsunspor_2004
159,5.0,1.25,10.0,1.25,9.0,4.75,9.0,13.0,1.2,9.0,5.5,1.16,1.23,9.6,1.25,9.0,,1.23,5.0,,,,4.5,5.5,5.0,,Fenerbahce,Rizespor,Fenerbahce_Rizespor_2004
160,3.2,2.2,2.8,2.25,2.875,3.2,2.8,2.79,2.2,2.8,3.2,2.2,2.2,3.0,2.15,2.8,,2.2,3.1,,,,3.1,3.2,3.2,,Gaziantepspor,Denizlispor,Gaziantepspor_Denizlispor_2004
161,5.0,1.22,10.0,1.2,10.0,5.5,11.0,9.0,1.2,11.0,5.5,1.19,1.2,10.5,1.2,9.5,,1.2,5.5,,,,4.8,5.5,5.0,,Trabzonspor,Kayserispor,Trabzonspor_Kayserispor_2004
162,5.5,1.27,9.0,1.25,8.5,5.5,9.0,10.0,1.25,9.8,4.5,1.25,1.2,10.5,1.2,8.5,1.74,1.25,5.0,1.55,-1.5,2.2,4.3,5.0,4.5,1.69,Galatasaray,Gaziantepspor,Galatasaray_Gaziantepspor_2004
163,3.25,2.45,2.5,2.4,2.6,3.2,2.45,2.5,2.4,2.6,3.2,2.5,2.45,2.45,2.55,2.45,1.41,2.4,3.2,1.65,-0.5,2.0,3.1,3.25,3.1,2.4,Kayserispor,Diyarbakirspor,Kayserispor_Diyarbakirspor_2004
164,3.4,1.85,4.0,1.85,3.75,3.35,3.6,3.75,1.73,3.7,3.0,1.9,1.8,3.45,1.9,3.5,1.72,1.85,3.25,1.65,-0.5,2.0,3.2,3.4,3.2,1.85,Malatyaspor,Ankaraspor,Malatyaspor_Ankaraspor_2004
165,3.4,1.6,5.0,1.57,5.0,3.6,4.8,5.5,1.53,5.0,3.5,1.53,1.6,5.25,1.55,4.6,2.09,1.55,3.6,1.6,-0.5,2.1,3.4,3.75,3.6,1.55,Rizespor,Konyaspor,Rizespor_Konyaspor_2004
166,3.6,5.4,1.5,6.0,1.5,3.6,1.5,1.44,5.5,1.5,3.75,6.5,5.5,1.5,6.0,1.45,1.5,5.5,3.6,1.65,0.5,2.0,3.8,3.75,3.65,2.19,Samsunspor,Fenerbahce,Samsunspor_Fenerbahce_2004
167,4.0,5.4,1.36,7.5,1.4,4.5,1.35,1.36,7.5,1.4,4.0,7.0,7.5,1.3,8.15,1.45,2.0,6.8,3.75,1.55,1.5,2.2,3.8,4.0,3.8,1.5,A. Sebatspor,Trabzonspor,A. Sebatspor_Trabzonspor_2004
168,3.9,1.4,7.5,1.44,6.5,4.2,6.5,7.0,1.36,6.8,3.75,1.4,1.4,7.4,1.35,6.0,1.5,1.4,3.75,1.55,-1.5,2.2,3.9,4.0,3.8,2.0,Denizlispor,Sakaryaspor,Denizlispor_Sakaryaspor_2004
169,3.4,1.7,4.0,1.73,4.2,3.3,4.2,4.0,1.73,4.25,3.4,1.72,1.7,4.5,1.7,4.0,1.86,1.72,3.4,1.65,-0.5,2.0,3.3,3.4,3.3,1.72,Ankaragucu,Kayserispor,Ankaragucu_Kayserispor_2004
170,3.6,1.5,5.5,1.5,6.0,3.6,5.0,5.5,1.5,5.75,3.6,1.5,1.53,6.0,1.5,5.0,2.21,1.5,3.6,1.71,-0.5,1.95,3.7,3.75,3.6,1.5,Besiktas,Denizlispor,Besiktas_Denizlispor_2004
171,3.3,2.1,3.0,2.2,2.88,3.5,2.8,2.75,2.1,3.0,3.2,2.25,2.15,2.7,2.2,3.0,1.56,2.1,3.25,1.65,-0.5,2.0,3.1,3.2,3.25,2.1,Konyaspor,Samsunspor,Konyaspor_Samsunspor_2004
172,3.4,4.0,1.57,4.33,1.7,3.45,1.7,1.66,5.0,1.67,3.4,4.33,4.2,1.65,4.65,1.75,1.67,4.6,3.4,1.75,0.5,1.9,3.2,3.5,3.3,1.92,Rizespor,Galatasaray,Rizespor_Galatasaray_2004
173,3.25,2.2,2.75,2.2,2.88,3.2,2.5,2.75,2.25,2.8,3.25,2.2,2.4,2.8,2.25,2.8,1.5,2.2,3.25,1.71,-0.5,1.95,3.1,3.25,3.25,2.2,Ankaraspor,Genclerbirligi,Ankaraspor_Genclerbirligi_2004
174,4.8,1.35,6.5,1.44,6.5,3.9,6.8,7.0,1.44,6.25,3.75,1.4,1.3,7.0,1.4,6.0,2.32,1.45,3.75,1.6,-0.5,2.1,4.4,3.75,3.7,1.45,Diyarbakirspor,A. Sebatspor,Diyarbakirspor_A. Sebatspor_2004
175,6.5,1.17,13.0,1.14,13.0,7.5,12.0,12.0,1.12,13.0,6.5,1.12,1.12,14.0,1.1,11.0,,1.13,6.0,1.55,,2.2,5.5,6.5,6.5,,Fenerbahce,Istanbulspor,Fenerbahce_Istanbulspor_2004
176,3.3,2.45,2.4,2.4,2.5,3.5,2.5,2.5,2.5,2.42,3.1,2.5,2.35,2.35,2.5,2.45,2.42,2.5,3.3,1.6,0.5,2.1,3.1,3.25,3.25,1.41,Sakaryaspor,Gaziantepspor,Sakaryaspor_Gaziantepspor_2004
177,4.0,1.45,6.5,1.4,6.5,3.85,5.5,6.0,1.44,6.25,3.75,1.44,1.45,6.05,1.45,5.4,2.32,1.45,4.0,1.65,-0.5,2.0,3.8,3.75,3.7,1.45,Trabzonspor,Malatyaspor,Trabzonspor_Malatyaspor_2004
178,3.3,3.5,2.0,3.4,2.0,3.35,1.9,1.9,3.25,1.95,3.25,3.4,3.3,1.85,3.65,1.9,1.95,3.3,3.2,1.71,0.5,1.95,3.1,3.25,3.25,1.64,Gaziantepspor,Besiktas,Gaziantepspor_Besiktas_2004
179,3.25,2.4,2.4,2.62,2.5,3.2,2.2,2.5,2.5,2.45,3.1,2.5,2.75,2.3,2.75,2.5,2.45,2.55,3.1,1.71,0.5,1.95,3.1,3.25,3.1,1.4,A. Sebatspor,Ankaragucu,A. Sebatspor_Ankaragucu_2004
180,3.4,1.55,5.0,1.57,5.5,3.5,4.8,4.5,1.57,4.75,3.5,1.61,1.6,5.5,1.55,4.8,2.02,1.6,3.5,1.71,-0.5,1.95,3.5,3.6,3.5,1.6,Denizlispor,Ankaraspor,Denizlispor_Ankaraspor_2004
181,6.5,1.15,15.0,1.12,15.0,7.5,15.0,12.0,1.1,13.0,6.5,1.12,1.11,14.0,1.1,12.0,4.44,1.11,7.0,1.83,-0.5,1.83,6.0,7.0,6.75,1.11,Galatasaray,Sakaryaspor,Galatasaray_Sakaryaspor_2004
182,3.3,,2.5,2.5,2.6,3.25,2.3,2.62,2.4,2.6,3.1,2.37,2.6,2.6,2.4,,1.43,2.35,3.2,1.65,-0.5,2.0,,3.25,3.2,2.35,Istanbulspor,Konyaspor,Istanbulspor_Konyaspor_2004
183,7.0,1.1,15.0,1.12,13.0,8.5,13.0,13.0,1.1,13.0,7.0,1.1,1.1,15.0,1.08,15.0,4.44,1.11,6.5,1.83,-0.5,1.83,7.0,7.0,6.75,1.11,Fenerbahce,Kayserispor,Fenerbahce_Kayserispor_2004
184,3.3,3.6,1.8,4.0,1.8,3.45,1.75,1.8,3.75,1.8,3.3,3.75,4.0,1.8,3.75,1.85,1.8,3.8,3.25,1.65,0.5,2.0,3.1,3.4,3.25,1.75,Genclerbirligi,Trabzonspor,Genclerbirligi_Trabzonspor_2004
185,3.5,1.7,5.0,1.67,4.75,3.5,4.2,4.33,1.62,4.4,3.4,1.66,1.66,4.5,1.65,4.2,1.92,1.66,3.3,1.65,-0.5,2.0,3.2,3.5,3.4,1.66,Malatyaspor,Diyarbakirspor,Malatyaspor_Diyarbakirspor_2004
186,3.2,2.1,3.0,2.2,3.0,3.3,3.0,2.87,2.1,3.0,3.1,2.2,2.1,3.0,2.1,3.1,1.52,2.15,3.2,1.71,-0.5,1.95,3.0,3.25,3.1,2.15,Samsunspor,Rizespor,Samsunspor_Rizespor_2004
187,3.25,2.4,2.75,2.4,2.7,3.5,2.5,2.62,2.25,2.6,3.1,2.37,2.4,2.5,2.35,2.4,1.41,2.45,3.1,1.79,-0.5,1.85,3.2,3.25,3.1,2.45,Ankaragucu,Malatyaspor,Ankaragucu_Malatyaspor_2004
188,3.4,1.9,3.0,1.95,3.5,3.45,3.25,3.25,2.1,3.05,3.4,1.9,1.9,3.1,2.0,3.5,1.56,2.1,3.25,1.71,-0.5,1.95,3.1,3.2,3.2,2.1,Diyarbakirspor,Genclerbirligi,Diyarbakirspor_Genclerbirligi_2004
189,3.6,1.55,5.5,1.53,5.5,3.6,5.5,5.5,1.53,6.5,3.4,1.53,1.5,6.0,1.5,4.6,2.21,1.5,3.6,1.65,-0.5,2.0,3.6,3.6,3.35,1.5,Rizespor,Istanbulspor,Rizespor_Istanbulspor_2004
190,3.6,5.0,1.5,5.5,1.53,3.6,1.5,1.53,6.0,1.5,3.4,5.5,5.5,1.5,6.0,1.5,1.5,6.5,3.6,1.65,0.5,2.0,3.7,3.5,3.35,2.21,Samsunspor,Galatasaray,Samsunspor_Galatasaray_2004
191,3.3,2.1,3.0,2.2,2.88,3.2,3.0,2.8,2.1,2.95,3.2,2.2,2.05,3.0,2.15,3.1,1.53,2.15,3.2,1.65,-0.5,2.0,3.0,3.2,3.2,2.15,Ankaraspor,Gaziantepspor,Ankaraspor_Gaziantepspor_2004
192,6.5,1.17,13.0,1.17,12.0,6.0,12.0,9.0,1.14,13.0,5.5,1.2,1.12,13.0,1.15,11.0,,1.15,6.0,1.5,,2.3,5.5,6.0,6.0,,Besiktas,Sakaryaspor,Besiktas_Sakaryaspor_2004
193,8.0,1.07,15.0,1.07,21.0,9.5,15.0,15.0,1.08,19.0,7.5,1.08,1.07,18.0,1.05,16.0,,1.08,8.0,1.35,,2.75,8.0,7.5,7.5,,Fenerbahce,A. Sebatspor,Fenerbahce_A. Sebatspor_2004
194,3.75,1.5,5.0,1.53,5.5,3.85,6.0,5.0,1.53,6.5,3.5,1.57,1.45,6.05,1.45,4.8,2.21,1.5,3.6,1.6,-0.5,2.1,3.8,3.75,3.35,1.5,Konyaspor,Kayserispor,Konyaspor_Kayserispor_2004
195,3.9,1.4,6.5,1.4,7.0,3.9,6.5,6.0,1.4,7.25,3.75,1.44,1.4,7.0,1.4,6.0,1.46,1.44,4.0,1.6,-1.5,2.1,3.9,4.0,3.5,2.07,Trabzonspor,Denizlispor,Trabzonspor_Denizlispor_2004
196,3.1,2.0,3.75,1.91,3.5,3.35,3.5,3.75,1.83,3.45,3.2,1.83,1.95,3.45,1.9,3.2,1.15,1.9,3.25,1.83,-1.5,1.83,3.1,3.25,3.25,3.33,Galatasaray,Besiktas,Galatasaray_Besiktas_2004
197,3.1,2.1,2.8,2.2,2.88,3.25,3.1,3.2,2.2,3.1,3.2,2.0,2.1,3.45,1.95,3.1,1.1,2.1,3.2,1.95,-1.5,1.71,3.0,3.25,3.1,3.85,Genclerbirligi,Ankaragucu,Genclerbirligi_Ankaragucu_2004
198,3.2,2.3,2.75,2.3,2.75,3.25,2.5,2.75,2.25,2.8,3.25,2.2,2.45,2.65,2.35,2.6,1.08,2.2,3.2,1.95,-1.5,1.71,3.1,3.25,3.2,4.2,Istanbulspor,Samsunspor,Istanbulspor_Samsunspor_2004
199,3.25,2.2,2.75,2.38,2.7,3.2,2.6,2.75,2.25,2.6,3.2,2.25,2.3,2.9,2.2,2.8,1.44,2.3,3.1,2.1,-0.5,1.6,3.1,3.25,3.25,2.3,Sakaryaspor,Ankaraspor,Sakaryaspor_Ankaraspor_2004
200,3.3,2.6,2.1,2.88,2.2,3.2,2.2,2.2,3.0,2.2,3.25,2.75,2.75,2.2,2.9,2.4,4.2,2.8,3.2,1.95,1.5,1.71,3.0,3.25,3.2,1.08,A. Sebatspor,Konyaspor,A. Sebatspor_Konyaspor_2004
201,3.8,1.5,5.5,1.53,5.5,3.5,5.75,6.0,1.53,5.5,3.4,1.5,1.45,5.5,1.55,5.0,1.39,1.5,3.6,2.0,-1.5,1.65,3.7,3.6,3.6,2.22,Denizlispor,Diyarbakirspor,Denizlispor_Diyarbakirspor_2004
202,3.4,4.6,1.73,4.5,1.7,3.3,1.7,1.61,4.33,1.65,3.5,4.5,4.2,1.7,4.5,1.6,2.55,4.5,3.3,2.1,1.5,1.6,3.4,3.25,3.4,1.29,Gaziantepspor,Trabzonspor,Gaziantepspor_Trabzonspor_2004
203,3.2,2.45,2.75,2.4,2.6,3.2,2.45,2.75,2.25,2.6,3.25,2.2,2.5,2.9,2.2,2.45,1.44,2.3,3.2,1.9,-0.5,1.75,3.1,3.25,3.25,2.3,Kayserispor,Rizespor,Kayserispor_Rizespor_2004
204,3.4,4.6,1.5,5.0,1.62,3.6,1.6,1.53,6.0,1.6,3.4,5.5,4.8,1.5,6.0,1.6,2.47,4.65,3.4,2.0,1.5,1.65,3.4,3.6,3.5,1.31,Malatyaspor,Fenerbahce,Malatyaspor_Fenerbahce_2004
205,4.25,1.45,6.5,1.4,7.0,4.2,6.75,7.0,1.4,7.0,4.0,1.36,1.35,7.4,1.35,5.7,1.54,1.35,4.0,1.75,-0.5,1.9,3.6,4.0,4.0,2.1,Besiktas,Genclerbirligi,Besiktas_Genclerbirligi_2004
206,3.25,2.2,3.0,2.1,3.0,3.2,2.7,2.62,2.1,3.0,3.2,2.3,2.25,2.9,2.2,2.9,2.55,2.1,3.25,1.6,-0.5,2.1,3.0,3.2,3.15,1.35,Istanbulspor,Ankaragucu,Istanbulspor_Ankaragucu_2004
207,3.2,2.2,3.0,2.1,3.0,3.3,3.0,3.1,2.1,2.75,3.1,2.1,2.1,3.0,2.1,2.8,1.6,2.25,3.25,1.71,-0.5,1.95,3.1,3.25,3.15,2.0,Ankaragucu,Denizlispor,Ankaragucu_Denizlispor_2004
208,4.2,6.0,1.4,9.5,1.29,4.2,1.3,,7.0,1.4,,,8.5,1.35,7.5,1.4,2.0,6.3,4.33,1.6,1.5,2.1,3.9,3.75,4.0,1.5,Istanbulspor,Galatasaray,Istanbulspor_Galatasaray_2004
209,3.3,2.0,3.4,2.1,3.0,3.2,3.1,3.4,1.91,3.1,3.25,1.9,2.0,2.8,2.25,3.1,1.55,2.1,3.25,1.6,-0.5,2.1,3.2,3.25,3.1,2.1,Konyaspor,Malatyaspor,Konyaspor_Malatyaspor_2004
210,6.25,1.15,13.0,1.18,11.0,6.0,13.0,10.0,1.17,12.0,6.0,1.16,1.12,13.0,1.15,12.0,,1.16,5.5,1.5,,2.3,6.0,5.5,5.5,,Trabzonspor,Sakaryaspor,Trabzonspor_Sakaryaspor_2004
211,3.4,3.6,1.83,3.75,1.83,3.45,1.8,1.8,3.75,1.8,3.3,3.75,3.6,1.75,3.95,1.85,1.8,3.7,3.3,1.71,0.5,1.95,3.1,3.25,3.35,1.76,Ankaraspor,Besiktas,Ankaraspor_Besiktas_2004
212,3.3,2.0,3.0,2.1,3.0,3.2,2.9,2.75,2.1,2.9,3.25,2.2,2.1,3.0,2.15,3.1,1.52,2.15,3.25,1.65,-0.5,2.0,3.2,3.2,3.2,2.15,Diyarbakirspor,Gaziantepspor,Diyarbakirspor_Gaziantepspor_2004
213,6.0,1.2,10.0,1.22,10.0,4.8,10.0,9.0,1.25,10.0,5.0,1.22,1.16,9.5,1.25,10.0,3.46,1.2,5.0,1.5,-0.5,2.3,5.0,4.5,5.3,1.2,Fenerbahce,Genclerbirligi,Fenerbahce_Genclerbirligi_2004
214,4.5,1.35,7.5,1.4,6.5,4.5,7.5,6.5,1.36,7.5,4.2,1.36,1.3,8.25,1.3,6.0,1.63,1.3,4.0,1.6,-1.5,2.1,4.4,4.0,4.5,1.8,Rizespor,A. Sebatspor,Rizespor_A. Sebatspor_2004
215,3.6,1.6,5.0,1.62,5.0,3.5,5.0,4.5,1.62,4.7,3.5,1.61,1.55,4.9,1.6,4.4,2.01,1.6,3.4,1.6,-0.5,2.1,3.5,3.4,3.5,1.6,Samsunspor,Kayserispor,Samsunspor_Kayserispor_2004
216,3.4,4.4,1.62,4.33,1.7,3.5,1.66,1.72,4.5,1.67,3.4,4.0,4.33,1.65,4.5,1.65,1.67,4.65,3.4,1.65,0.5,2.0,3.3,3.6,3.35,1.95,Denizlispor,Fenerbahce,Denizlispor_Fenerbahce_2004
217,3.3,2.0,3.2,2.05,3.2,3.35,3.3,3.0,2.0,3.0,3.2,2.1,1.9,3.25,1.95,3.1,1.55,2.15,3.2,1.71,-0.5,1.95,3.2,3.2,3.2,2.15,Besiktas,Trabzonspor,Besiktas_Trabzonspor_2004
218,3.4,1.75,4.33,1.75,4.0,3.45,3.6,4.0,1.67,4.25,3.4,1.72,1.8,3.95,1.75,3.8,1.86,1.75,3.4,1.6,-0.5,2.1,3.3,3.5,3.3,1.75,Gaziantepspor,Ankaragucu,Gaziantepspor_Ankaragucu_2004
219,3.3,1.9,3.6,1.75,4.33,3.3,3.35,3.5,1.83,4.0,3.2,1.9,1.9,3.75,1.85,3.5,1.82,1.75,3.25,1.71,-0.5,1.95,3.1,3.4,3.33,1.75,Kayserispor,Istanbulspor,Kayserispor_Istanbulspor_2004
220,3.3,2.0,3.2,2.1,3.1,3.2,3.1,3.2,2.0,3.35,3.2,2.0,2.0,3.0,2.15,3.2,1.61,2.05,3.2,1.65,-0.5,2.0,3.1,3.2,3.1,2.05,Malatyaspor,Rizespor,Malatyaspor_Rizespor_2004
221,3.3,2.4,2.25,2.7,2.38,3.25,2.25,2.25,2.75,2.3,3.2,2.75,2.65,2.35,2.65,2.4,2.3,2.75,3.1,1.65,0.5,2.0,3.2,3.25,3.2,1.48,A. Sebatspor,Samsunspor,A. Sebatspor_Samsunspor_2004
222,6.0,1.2,10.0,1.2,10.0,5.5,10.0,11.0,1.2,10.5,5.0,1.2,1.16,10.5,1.2,10.0,,1.2,5.5,1.5,,2.3,5.0,5.5,5.5,,Galatasaray,Ankaraspor,Galatasaray_Ankaraspor_2004
223,3.3,1.9,3.2,2.1,3.1,3.3,3.25,3.5,2.0,3.1,3.2,1.9,1.95,3.25,2.0,3.5,1.57,2.1,3.2,1.6,-0.5,2.1,3.1,3.2,3.2,2.1,Genclerbirligi,Konyaspor,Genclerbirligi_Konyaspor_2004
224,3.4,2.0,4.0,1.7,4.2,,4.0,4.0,1.73,3.1,3.4,1.72,1.72,,,3.1,,2.05,3.4,,,,3.1,3.4,3.1,,Sakaryaspor,Diyarbakirspor,Sakaryaspor_Diyarbakirspor_2004
225,3.4,1.75,4.0,1.8,3.75,3.45,3.9,3.6,1.8,3.75,3.4,1.8,1.75,3.95,1.75,3.8,1.76,1.8,3.4,1.65,-0.5,2.0,3.3,3.25,3.3,1.8,Ankaragucu,Sakaryaspor,Ankaragucu_Sakaryaspor_2004
226,6.0,1.2,13.0,1.18,12.0,5.5,10.0,11.0,1.17,10.0,5.0,1.2,1.16,12.0,1.18,10.0,,1.18,5.5,1.5,,2.3,5.0,5.5,5.65,,Fenerbahce,Gaziantepspor,Fenerbahce_Gaziantepspor_2004
227,3.5,1.75,4.33,1.7,4.33,3.45,4.0,4.0,1.73,4.25,3.4,1.72,1.7,4.25,1.7,3.7,1.9,1.67,3.4,1.65,-0.5,2.0,3.4,3.25,3.45,1.67,Istanbulspor,A. Sebatspor,Istanbulspor_A. Sebatspor_2004
228,3.25,1.9,3.5,1.95,3.3,3.3,3.15,3.4,1.91,3.35,3.25,1.9,2.0,3.0,2.1,3.4,1.64,1.95,3.3,1.6,-0.5,2.1,3.2,3.25,3.2,1.95,Rizespor,Genclerbirligi,Rizespor_Genclerbirligi_2004
229,3.4,3.8,1.73,4.5,1.7,3.3,1.6,1.72,4.33,1.62,3.4,4.0,4.8,1.7,4.5,1.8,1.62,4.7,3.3,1.71,0.5,1.95,3.1,3.25,3.4,1.97,Diyarbakirspor,Besiktas,Diyarbakirspor_Besiktas_2004
230,3.75,5.4,1.44,9.0,1.33,3.85,1.36,1.44,6.0,1.36,3.75,6.0,8.0,1.45,6.05,1.45,,7.0,4.0,,,,3.8,4.0,3.9,,Kayserispor,Galatasaray,Kayserispor_Galatasaray_2004
231,3.3,2.0,3.25,2.0,3.25,3.35,3.25,3.2,2.0,3.2,3.2,2.0,1.95,3.45,1.9,3.2,1.6,2.0,3.25,1.65,-0.5,2.0,3.1,3.25,3.2,2.0,Konyaspor,Denizlispor,Konyaspor_Denizlispor_2004
232,3.4,2.0,3.25,2.1,3.0,3.3,3.0,3.2,2.0,3.1,3.25,2.0,2.0,3.0,2.1,3.2,1.57,2.05,3.3,1.6,-0.5,2.1,3.1,3.25,3.2,2.05,Samsunspor,Malatyaspor,Samsunspor_Malatyaspor_2004
233,5.5,1.25,10.0,1.3,8.0,4.8,9.0,10.0,1.25,8.0,4.5,1.25,1.2,9.5,1.25,9.0,,1.25,4.5,1.45,,2.45,4.5,4.5,5.0,,Trabzonspor,Ankaraspor,Trabzonspor_Ankaraspor_2004
234,5.5,1.25,11.0,1.25,10.0,5.5,12.0,9.5,1.17,9.25,5.5,1.2,1.16,10.5,1.2,9.0,3.25,1.2,5.0,1.6,-0.5,2.1,4.5,6.0,5.0,1.2,Besiktas,Ankaragucu,Besiktas_Ankaragucu_2004
235,3.4,2.4,2.4,2.75,2.25,3.25,2.4,2.37,2.5,2.35,3.1,2.62,2.4,2.4,2.65,2.4,2.35,2.5,3.4,1.6,0.5,2.1,3.2,3.25,3.2,1.4,A. Sebatspor,Kayserispor,A. Sebatspor_Kayserispor_2004
236,3.4,1.85,4.0,1.8,4.2,3.35,3.6,4.0,1.73,3.65,3.4,1.72,1.8,3.65,1.85,3.4,1.71,1.8,3.25,1.6,-0.5,2.1,3.3,3.4,3.2,1.8,Ankaraspor,Diyarbakirspor,Ankaraspor_Diyarbakirspor_2004
237,3.4,1.8,4.33,1.65,5.0,3.5,4.2,4.33,1.67,4.0,3.4,1.66,1.7,4.9,1.6,3.6,1.81,1.7,3.4,1.83,-0.5,1.83,3.3,3.5,3.3,1.7,Malatyaspor,Istanbulspor,Malatyaspor_Istanbulspor_2004
238,3.75,6.0,1.36,5.5,1.5,3.9,1.4,1.44,6.5,1.37,3.75,6.0,7.0,1.4,7.0,1.4,1.37,6.25,4.0,1.55,0.5,2.2,3.9,4.33,4.0,2.44,Sakaryaspor,Fenerbahce,Sakaryaspor_Fenerbahce_2004
239,3.4,1.85,3.5,1.83,4.0,3.35,3.5,3.75,1.91,3.5,3.2,1.83,1.85,3.45,1.9,3.5,1.69,1.83,3.25,1.85,-0.5,1.79,3.2,3.25,3.25,1.83,Denizlispor,Rizespor,Denizlispor_Rizespor_2004
240,3.4,1.75,5.0,1.62,5.0,3.3,4.33,4.33,1.62,4.25,3.4,1.66,1.66,4.5,1.7,4.0,1.86,1.67,3.5,1.71,-0.5,1.95,3.2,3.4,3.3,1.67,Galatasaray,Trabzonspor,Galatasaray_Trabzonspor_2004
241,3.35,1.9,3.5,2.05,3.25,3.3,3.2,3.2,1.91,3.3,3.2,2.0,1.95,3.25,2.0,3.4,1.62,1.9,3.3,1.65,-0.5,2.0,3.2,3.25,3.2,1.9,Gaziantepspor,Konyaspor,Gaziantepspor_Konyaspor_2004
242,3.5,1.75,4.0,1.73,4.33,3.45,4.0,4.33,1.73,3.8,3.4,1.66,1.7,3.95,1.75,3.7,1.77,1.75,3.4,1.6,-0.5,2.1,3.3,3.4,3.3,1.75,Genclerbirligi,Samsunspor,Genclerbirligi_Samsunspor_2004
243,3.5,4.2,1.57,5.0,1.6,3.55,1.61,1.61,5.0,1.55,3.5,4.5,4.5,1.65,4.35,1.7,,5.5,3.6,1.71,,1.95,3.2,3.6,3.5,,Diyarbakirspor,Trabzonspor,Diyarbakirspor_Trabzonspor_2004
244,4.5,10.0,1.2,9.0,1.33,4.75,1.28,1.25,11.0,1.25,5.0,8.0,8.0,1.3,7.5,1.2,,9.0,4.33,1.6,,2.1,5.0,5.0,4.75,,A. Sebatspor,Galatasaray,A. Sebatspor_Galatasaray_2004
245,3.4,1.9,3.25,1.91,3.4,3.45,3.25,3.2,2.0,3.5,3.2,2.0,1.9,3.25,1.95,3.2,,1.87,3.4,,,,3.4,3.25,3.25,,Kayserispor,Malatyaspor,Kayserispor_Malatyaspor_2004
246,3.5,,3.6,1.73,4.5,3.35,4.0,3.6,1.83,4.0,3.4,1.8,1.7,4.45,1.7,,1.84,1.72,3.3,1.6,-0.5,2.1,,3.3,3.4,1.72,Konyaspor,Sakaryaspor,Konyaspor_Sakaryaspor_2004
247,3.25,2.0,2.8,2.3,2.8,3.2,2.7,2.8,2.2,2.85,3.2,2.2,2.25,2.8,2.25,3.0,,2.15,3.25,1.71,,1.95,3.3,3.25,3.2,,Samsunspor,Denizlispor,Samsunspor_Denizlispor_2004
248,3.1,1.9,2.75,2.25,2.75,3.2,2.65,3.0,2.25,2.7,3.25,2.1,2.35,3.0,2.15,3.5,1.46,2.25,3.4,1.65,-0.5,2.0,3.1,3.25,3.2,2.25,Ankaragucu,Ankaraspor,Ankaragucu_Ankaraspor_2004
249,3.4,1.7,4.33,1.67,5.0,3.3,4.33,4.0,1.67,4.3,3.4,1.72,1.66,4.5,1.7,4.2,1.87,1.7,3.3,1.71,-0.5,1.95,3.2,3.4,3.3,1.7,Fenerbahce,Besiktas,Fenerbahce_Besiktas_2004
250,3.25,2.1,2.8,2.25,2.75,3.25,2.5,2.75,2.2,2.65,3.25,2.25,2.4,2.65,2.35,2.9,1.45,2.3,3.4,1.75,-0.5,1.9,3.2,3.25,3.2,2.3,Istanbulspor,Genclerbirligi,Istanbulspor_Genclerbirligi_2004
251,3.3,1.9,3.25,2.05,3.3,3.35,3.4,3.5,2.0,3.25,3.25,1.9,1.9,3.45,1.9,3.4,1.15,1.95,3.2,1.71,-1.5,1.95,3.2,3.25,3.25,3.33,Rizespor,Gaziantepspor,Rizespor_Gaziantepspor_2004
252,5.0,1.3,7.0,1.35,7.5,4.5,8.0,8.0,1.33,7.0,4.5,1.28,1.25,8.25,1.3,8.0,,1.33,4.5,1.6,,2.1,4.2,4.5,4.35,,Besiktas,Konyaspor,Besiktas_Konyaspor_2004
253,3.4,1.75,4.33,1.7,4.2,3.4,3.9,4.0,1.73,3.9,3.4,1.72,1.75,3.6,1.85,3.8,1.79,1.77,3.6,1.71,-0.5,1.95,3.3,3.25,3.3,1.77,Gaziantepspor,Samsunspor,Gaziantepspor_Samsunspor_2004
254,3.5,1.9,3.4,1.85,3.5,3.3,3.5,4.0,1.91,3.6,3.4,1.72,1.8,4.5,1.7,3.2,1.71,1.85,3.6,1.65,-0.5,2.0,3.4,3.25,3.25,1.85,Genclerbirligi,Kayserispor,Genclerbirligi_Kayserispor_2004
255,4.5,1.45,8.0,1.4,7.5,3.9,7.5,7.0,1.3,6.5,4.0,1.36,1.3,7.0,1.4,4.8,2.44,1.4,4.0,1.55,-0.5,2.2,4.2,4.5,3.9,1.4,Malatyaspor,A. Sebatspor,Malatyaspor_A. Sebatspor_2004
256,3.5,5.4,1.53,5.0,1.57,3.6,1.57,1.57,5.5,1.6,3.5,5.0,5.0,1.55,5.5,1.45,1.6,4.75,3.75,1.6,0.5,2.1,3.8,3.5,3.5,2.02,Ankaraspor,Fenerbahce,Ankaraspor_Fenerbahce_2004
257,3.8,1.7,5.5,1.65,4.6,3.5,4.25,5.0,1.53,4.75,3.5,1.57,1.6,4.9,1.6,3.7,2.0,1.6,3.6,1.65,-0.5,2.0,3.5,3.5,3.45,1.6,Denizlispor,Istanbulspor,Denizlispor_Istanbulspor_2004
258,6.5,1.22,13.0,1.12,13.0,5.5,10.0,10.0,1.17,12.0,6.0,1.16,1.14,10.5,1.2,9.5,,1.15,7.5,1.5,,2.3,4.8,5.5,5.75,,Galatasaray,Diyarbakirspor,Galatasaray_Diyarbakirspor_2004
259,3.5,1.7,4.0,1.75,4.0,3.5,4.0,4.0,1.8,4.0,3.4,1.72,1.7,3.95,1.75,3.8,,1.75,3.6,1.71,,1.95,3.4,3.25,3.3,,Sakaryaspor,Rizespor,Sakaryaspor_Rizespor_2004
260,5.3,1.17,10.0,1.25,10.0,4.8,10.0,8.0,1.2,9.5,5.0,1.25,1.2,9.5,1.25,11.0,,1.22,5.0,1.5,,2.3,5.5,5.5,5.0,,Trabzonspor,Ankaragucu,Trabzonspor_Ankaragucu_2004
261,3.5,1.8,3.2,2.0,3.4,3.35,2.95,3.0,2.0,2.9,3.2,2.1,2.0,3.35,1.95,3.5,,2.1,3.3,,,,3.4,3.25,3.2,,Istanbulspor,Gaziantepspor,Istanbulspor_Gaziantepspor_2004
262,3.4,3.7,1.67,5.0,1.62,3.3,1.8,1.66,4.5,1.75,3.4,4.33,3.6,1.7,4.5,1.8,1.75,4.0,3.5,1.65,0.5,2.0,3.2,3.4,3.25,1.79,Rizespor,Besiktas,Rizespor_Besiktas_2004
263,3.4,1.85,3.6,1.7,4.5,3.3,3.6,4.0,1.83,4.0,3.2,1.8,1.8,4.5,1.7,3.6,,1.75,3.4,1.65,,2.0,3.1,3.4,3.25,,Ankaragucu,Diyarbakirspor,Ankaragucu_Diyarbakirspor_2004
264,3.4,1.75,4.5,1.73,4.2,3.3,4.2,4.33,1.67,4.25,3.4,1.66,1.7,4.5,1.7,4.0,1.86,1.7,3.5,1.83,-0.5,1.83,3.2,3.4,3.3,1.7,Fenerbahce,Trabzonspor,Fenerbahce_Trabzonspor_2004
265,3.5,,3.2,1.73,4.2,3.35,3.5,4.33,2.0,4.0,3.4,1.66,1.8,3.45,1.9,,1.79,1.75,3.5,1.75,-0.5,1.9,,3.25,3.25,1.75,Kayserispor,Denizlispor,Kayserispor_Denizlispor_2004
266,3.4,2.1,3.2,2.2,3.0,3.35,2.8,3.1,2.0,2.9,3.3,2.0,2.1,3.45,1.9,2.7,1.52,2.1,3.2,1.71,-0.5,1.95,3.4,3.25,3.2,2.1,Samsunspor,Sakaryaspor,Samsunspor_Sakaryaspor_2004
267,3.45,,2.2,2.6,2.4,3.25,2.05,1.8,2.8,2.15,3.3,3.75,2.9,2.3,2.7,,,2.8,3.3,,,,,3.25,3.2,,A. Sebatspor,Genclerbirligi,A. Sebatspor_Genclerbirligi_2004
268,3.3,1.9,3.5,1.91,3.6,3.35,3.4,3.75,1.91,3.35,3.25,1.83,1.9,3.45,1.9,3.4,1.65,1.91,3.3,1.65,-0.5,2.0,3.2,3.2,3.25,1.91,Konyaspor,Ankaraspor,Konyaspor_Ankaraspor_2004
269,3.6,5.4,1.5,6.0,1.5,3.6,1.5,1.5,5.5,1.5,3.4,6.0,5.5,1.5,6.0,1.45,,5.5,3.75,1.65,,2.0,3.8,3.75,3.6,,Malatyaspor,Galatasaray,Malatyaspor_Galatasaray_2004
270,3.4,1.9,3.6,1.73,4.5,3.45,3.45,4.33,1.83,3.6,3.4,1.66,1.85,3.75,1.8,3.4,1.69,1.85,3.3,1.65,-0.5,2.0,3.2,3.4,3.2,1.85,Ankaraspor,Rizespor,Ankaraspor_Rizespor_2004
271,3.75,6.0,1.44,7.0,1.44,3.9,1.44,1.44,6.0,1.4,3.75,6.0,6.0,1.4,7.0,1.4,2.03,6.5,3.75,1.71,1.5,1.95,3.9,4.0,3.8,1.48,Diyarbakirspor,Fenerbahce,Diyarbakirspor_Fenerbahce_2004
272,6.5,1.15,13.0,1.13,15.0,7.5,12.0,12.0,1.14,13.0,6.5,1.12,1.12,14.0,1.1,12.0,4.33,1.11,6.5,1.45,-0.5,2.45,6.0,6.0,6.5,1.11,Galatasaray,Ankaragucu,Galatasaray_Ankaragucu_2004
273,3.6,1.9,3.6,2.0,3.25,3.4,2.7,3.2,1.83,3.05,3.5,1.9,2.1,3.6,1.85,3.2,1.59,2.0,3.4,1.79,-0.5,1.85,3.4,3.4,3.3,2.0,Gaziantepspor,Kayserispor,Gaziantepspor_Kayserispor_2004
274,4.0,1.55,5.0,1.44,6.5,,4.8,6.5,1.62,5.25,3.6,1.44,1.5,,,4.6,2.15,1.5,3.75,1.6,-0.5,2.1,3.6,3.4,3.65,1.5,Sakaryaspor,Istanbulspor,Sakaryaspor_Istanbulspor_2004
275,5.3,1.25,10.0,1.29,11.0,4.8,11.0,9.0,1.25,8.5,5.5,1.2,1.18,9.5,1.25,9.0,3.03,1.25,4.33,1.55,-0.5,2.2,4.5,4.5,4.7,1.25,Trabzonspor,Konyaspor,Trabzonspor_Konyaspor_2004
276,5.5,1.33,10.0,1.25,10.0,4.8,8.0,9.0,1.25,7.0,5.5,1.2,1.22,9.5,1.25,7.5,2.74,1.3,5.0,1.6,-0.5,2.1,4.0,4.5,4.5,1.3,Besiktas,Samsunspor,Besiktas_Samsunspor_2004
277,,,13.0,1.22,12.0,,,12.0,1.14,9.0,6.0,1.14,,,,,3.21,1.22,5.0,1.5,-0.5,2.3,,6.0,5.0,1.22,Denizlispor,A. Sebatspor,Denizlispor_A. Sebatspor_2004
278,3.4,1.75,3.75,1.73,4.5,3.4,3.6,4.33,1.83,3.75,3.4,1.66,1.8,3.6,1.85,4.0,1.74,1.8,3.3,1.71,-0.5,1.95,3.2,3.25,3.25,1.8,Genclerbirligi,Malatyaspor,Genclerbirligi_Malatyaspor_2004
279,3.45,,1.8,3.4,2.0,,1.9,1.83,3.5,1.9,3.4,3.5,3.25,,,,,3.3,3.25,2.2,,1.55,,3.4,3.25,,A. Sebatspor,Gaziantepspor,A. Sebatspor_Gaziantepspor_2004
280,3.3,2.1,3.0,2.0,3.4,3.35,2.8,3.0,2.1,2.9,3.2,2.1,2.15,3.2,2.0,2.9,,2.1,3.25,1.83,,1.83,3.2,3.25,3.2,,Malatyaspor,Denizlispor,Malatyaspor_Denizlispor_2004
281,3.4,1.9,3.0,2.25,2.8,3.2,2.9,3.0,2.1,2.9,3.2,2.1,2.05,3.0,2.15,3.5,,2.1,3.3,2.1,,1.6,3.1,3.25,3.2,,Samsunspor,Ankaraspor,Samsunspor_Ankaraspor_2004
282,3.75,6.0,1.44,7.0,1.44,4.5,1.4,1.4,6.5,1.4,4.0,6.5,7.0,1.3,8.25,1.4,1.4,7.0,3.75,2.2,0.5,1.55,3.9,3.75,3.6,2.38,Ankaragucu,Fenerbahce,Ankaragucu_Fenerbahce_2004
283,6.0,1.3,9.0,1.3,7.5,4.8,10.0,9.5,1.25,9.0,5.0,1.22,1.16,9.5,1.25,8.0,1.71,1.25,5.0,2.2,-1.5,1.55,4.2,5.0,4.6,1.71,Galatasaray,Genclerbirligi,Galatasaray_Genclerbirligi_2004
284,3.75,3.9,1.5,7.5,1.4,3.9,1.6,1.5,5.5,1.5,3.6,5.5,4.33,1.4,7.0,1.65,,5.5,4.0,2.1,,1.6,3.6,3.75,3.5,,Istanbulspor,Besiktas,Istanbulspor_Besiktas_2004
285,3.3,1.8,4.33,1.85,3.75,3.35,3.6,3.75,1.67,3.6,3.3,1.8,1.85,3.85,1.8,3.8,1.71,1.85,3.4,1.95,-0.5,1.71,3.1,3.4,3.25,1.85,Kayserispor,Sakaryaspor,Kayserispor_Sakaryaspor_2004
286,3.5,,3.0,2.0,3.4,3.3,2.65,2.62,2.0,2.9,3.4,2.2,2.15,3.0,2.1,,,2.1,3.25,2.1,,1.6,,3.4,3.2,,Konyaspor,Diyarbakirspor,Konyaspor_Diyarbakirspor_2004
287,3.75,5.0,1.62,5.5,1.57,3.6,1.55,1.53,4.5,1.55,3.75,5.0,4.8,1.5,6.0,1.5,,5.0,3.5,1.95,,1.71,3.7,3.6,3.5,,Rizespor,Trabzonspor,Rizespor_Trabzonspor_2004
288,3.3,1.75,4.5,1.62,5.0,3.35,4.5,4.0,1.62,4.5,3.4,1.72,1.66,3.65,1.85,4.2,1.92,1.65,3.5,1.61,-0.5,2.0,3.1,3.4,3.35,1.65,Ankaragucu,Konyaspor,Ankaragucu_Konyaspor_2004
289,,,3.25,2.0,3.2,,,2.62,1.83,2.85,3.5,2.2,,,,,1.53,2.1,3.5,,-0.5,,,3.6,3.3,2.1,Ankaraspor,Istanbulspor,Ankaraspor_Istanbulspor_2004
290,4.5,1.45,5.0,1.44,6.5,4.55,7.5,7.0,1.4,7.25,3.75,1.4,1.3,8.0,1.3,5.4,,1.3,4.0,1.56,,2.1,3.8,4.5,4.5,,Besiktas,Kayserispor,Besiktas_Kayserispor_2004
291,3.4,,4.5,,,3.6,4.8,5.5,1.62,4.8,3.4,1.53,1.6,5.9,1.5,,,1.55,,,,,,3.5,3.6,,Diyarbakirspor,Rizespor,Diyarbakirspor_Rizespor_2004
292,3.4,1.85,3.6,2.0,3.4,3.4,3.6,3.2,1.8,3.6,3.2,2.0,1.8,3.6,1.85,3.5,1.75,1.8,3.3,1.66,-0.5,1.95,3.2,3.4,3.4,1.8,Gaziantepspor,Malatyaspor,Gaziantepspor_Malatyaspor_2004
293,,1.27,7.0,1.2,12.0,,,11.0,1.3,9.0,5.0,1.2,,,,7.0,,1.2,5.5,1.61,,2.0,4.5,4.5,5.5,,Sakaryaspor,A. Sebatspor,Sakaryaspor_A. Sebatspor_2004
294,3.25,2.1,2.75,2.1,3.1,3.2,2.9,2.75,2.2,2.9,3.25,2.2,2.1,2.8,2.25,2.9,1.53,2.1,3.3,1.56,-0.5,2.1,3.2,3.25,3.25,2.1,Denizlispor,Genclerbirligi,Denizlispor_Genclerbirligi_2004
295,3.2,2.2,2.8,2.2,3.0,3.25,3.05,2.75,2.25,3.0,3.25,2.2,2.05,2.95,2.15,2.8,1.56,2.05,3.2,1.66,-0.5,1.95,3.1,3.2,3.25,2.05,Fenerbahce,Galatasaray,Fenerbahce_Galatasaray_2004
296,5.0,1.25,10.0,1.2,12.0,4.8,10.5,11.0,1.2,10.0,5.0,1.2,1.2,9.5,1.25,9.0,,1.2,5.5,1.46,,2.3,4.5,5.5,5.0,,Trabzonspor,Samsunspor,Trabzonspor_Samsunspor_2004
297,4.5,5.0,1.53,7.0,1.5,3.9,1.35,1.36,5.0,1.5,4.2,6.5,6.0,1.4,7.0,1.5,,5.5,3.4,1.56,,2.1,3.5,3.75,3.45,,A. Sebatspor,Besiktas,A. Sebatspor_Besiktas_2004
298,5.5,,10.0,1.22,8.5,4.8,9.0,9.0,1.2,9.0,5.5,1.19,1.2,9.5,1.25,,,1.22,6.0,1.56,,2.1,,5.0,5.0,,Galatasaray,Denizlispor,Galatasaray_Denizlispor_2004
299,3.4,1.75,4.5,1.8,4.0,3.3,3.6,5.0,1.57,4.0,3.5,1.57,1.8,4.5,1.7,3.5,1.84,1.7,3.4,1.56,-0.5,2.1,3.4,3.6,3.4,1.7,Genclerbirligi,Gaziantepspor,Genclerbirligi_Gaziantepspor_2004
300,6.0,7.0,1.2,9.0,1.29,5.5,1.16,,10.0,1.22,,,10.0,1.2,10.5,1.27,,9.0,4.75,1.56,,2.1,4.8,5.0,5.0,,Istanbulspor,Trabzonspor,Istanbulspor_Trabzonspor_2004
301,3.4,,4.0,1.85,4.33,3.15,4.5,4.5,1.91,5.0,2.87,1.8,1.65,4.5,1.75,,,1.55,3.0,1.61,,2.0,,2.88,3.5,,Kayserispor,Ankaraspor,Kayserispor_Ankaraspor_2004
302,3.4,3.4,1.91,3.5,1.85,3.35,1.95,,3.4,1.9,,,3.1,1.9,3.45,1.9,1.9,3.3,3.6,1.61,-0.5,2.0,3.2,3.25,3.25,1.64,Konyaspor,Fenerbahce,Konyaspor_Fenerbahce_2004
303,,,2.0,2.88,2.1,,,2.0,2.8,2.1,3.39,3.0,,,,,,2.6,3.6,,,,,3.6,3.7,,Malatyaspor,Sakaryaspor,Malatyaspor_Sakaryaspor_2004
304,3.5,,3.4,1.83,4.0,3.3,3.5,3.0,1.91,4.0,2.87,2.25,1.8,4.5,1.7,,1.84,1.7,3.25,,-0.5,,,3.25,3.4,1.7,Rizespor,Ankaragucu,Rizespor_Ankaragucu_2004
305,,,2.2,3.0,2.0,,,2.0,2.6,2.1,3.75,2.79,,,,,2.1,2.6,3.75,,-0.5,,,3.5,3.7,1.53,Samsunspor,Diyarbakirspor,Samsunspor_Diyarbakirspor_2004
