,LBH,GBAH,SBA,IWA,B365A,GB>2.5,GB<2.5,B365AHA,LBA,LBAHA,B365AHH,IWD,B365<2.5,BWD,GBH,WHA,GBAHA,WHH,BWH,B365H,GBA,SBD,LBAHH,WHD,LBAH,B365AH,LBD,BWA,B365D,SBH,GBD,IWH,B365>2.5,GBAHH,HomeTeam,AwayTeam,idGame
0,1.73,-0.25,3.75,3.6,4.33,1.91,1.79,1.9,4.33,1.82,2.0,3.1,1.75,3.25,2.0,4.0,2.05,1.8,1.9,1.9,3.5,3.25,2.02,3.1,-0.5,-0.5,3.2,4.0,3.1,1.91,3.25,1.85,2.05,1.7,Aston Villa,Southampton,Aston Villa_Southampton_2004
1,1.67,-0.5,4.33,3.8,5.0,1.85,1.85,2.05,4.5,2.04,1.85,3.1,1.8,3.25,1.77,4.0,1.95,1.9,1.8,1.8,4.75,3.4,1.8,2.87,-0.5,-0.5,3.25,4.5,3.1,1.73,3.3,1.8,2.0,1.77,Blackburn,West Brom,Blackburn_West Brom_2004
2,2.2,-0.25,2.88,2.9,3.1,1.86,1.85,1.9,3.0,1.8,2.0,3.0,1.8,3.2,2.25,2.9,1.85,2.15,2.1,2.25,3.1,3.2,2.04,3.2,-0.25,-0.25,3.0,3.3,3.2,2.25,3.2,2.2,2.0,2.0,Bolton,Charlton,Bolton_Charlton_2004
3,2.1,-0.25,3.4,3.2,3.4,1.85,1.85,2.05,3.0,2.06,1.85,3.1,1.9,3.2,2.1,3.2,2.0,2.05,2.1,2.1,3.25,3.25,1.78,3.1,-0.25,-0.25,3.2,3.3,3.25,2.0,3.25,2.0,1.9,1.85,Man City,Fulham,Man City_Fulham_2004
4,2.25,,2.8,2.6,3.0,1.9,1.79,2.1,2.75,1.9,1.8,3.1,1.8,3.2,2.35,2.7,,2.37,2.4,2.3,2.95,3.25,1.94,3.0,-0.25,0.0,3.2,2.7,3.25,2.3,3.15,2.3,2.0,,Middlesbrough,Newcastle,Middlesbrough_Newcastle_2004
5,1.91,-0.25,3.2,3.5,3.4,1.9,1.79,2.075,3.5,2.04,1.825,3.1,1.85,3.2,2.15,3.3,1.95,2.0,2.1,2.1,3.2,3.25,1.8,3.1,-0.25,-0.25,3.2,3.3,3.25,2.1,3.2,1.9,1.95,1.9,Norwich,Crystal Palace,Norwich_Crystal Palace_2004
6,2.38,0.0,2.8,2.7,2.87,1.95,1.75,2.1,2.6,1.76,1.8,3.0,1.8,3.2,2.45,2.62,2.0,2.3,2.25,2.4,2.8,3.2,2.08,3.2,-0.25,0.0,3.2,3.0,3.2,2.3,3.2,2.3,2.0,1.85,Portsmouth,Birmingham,Portsmouth_Birmingham_2004
7,2.75,0.25,2.2,2.3,2.25,1.85,1.85,1.925,2.25,1.8,1.975,3.0,1.9,3.2,2.75,2.3,1.9,2.75,3.0,3.1,2.4,3.2,2.04,3.1,0.25,0.25,3.2,2.25,3.2,3.0,3.2,2.7,1.9,1.95,Tottenham,Liverpool,Tottenham_Liverpool_2004
8,2.1,0.0,3.2,3.2,3.4,1.9,1.79,2.05,3.0,1.84,1.85,3.1,1.85,3.1,2.1,3.2,2.2,2.0,2.15,2.1,3.35,3.25,2.0,3.2,-0.5,-0.25,3.2,3.2,3.25,2.1,3.25,2.0,1.95,1.6,Chelsea,Man United,Chelsea_Man United_2004
9,5.0,0.75,1.67,1.75,1.61,1.75,1.95,1.85,1.62,1.88,2.05,3.2,1.9,3.4,4.75,1.61,1.9,5.5,5.0,6.0,1.77,3.3,1.96,3.1,0.75,0.75,3.25,1.7,3.4,5.0,3.3,4.0,1.9,1.95,Everton,Arsenal,Everton_Arsenal_2004
10,4.33,0.75,1.73,1.8,1.83,1.9,1.79,2.0,1.73,1.96,1.9,3.1,1.85,3.4,4.5,1.83,1.95,4.33,4.25,4.5,1.83,3.4,1.88,2.87,0.75,0.75,3.2,1.75,3.2,4.5,3.25,3.8,1.95,1.9,Birmingham,Chelsea,Birmingham_Chelsea_2004
11,1.8,-0.25,3.5,3.5,3.75,1.85,1.85,1.825,3.75,1.8,2.075,3.1,1.9,3.25,2.05,3.75,2.05,1.83,1.9,2.0,3.5,3.2,2.04,3.2,-0.5,-0.5,3.25,3.75,3.2,2.0,3.3,1.9,1.9,1.7,Charlton,Portsmouth,Charlton_Portsmouth_2004
12,2.2,-0.25,2.88,3.1,3.0,1.85,1.85,2.1,2.8,2.04,1.8,3.0,1.85,3.1,2.35,2.8,1.75,2.2,2.25,2.3,2.95,3.2,1.8,3.2,0.0,0.0,3.2,3.0,3.25,2.3,3.2,2.1,1.95,2.0,Crystal Palace,Everton,Crystal Palace_Everton_2004
13,2.1,0.0,3.0,3.2,3.1,1.85,1.85,1.95,3.0,1.88,1.95,3.1,1.9,3.2,2.25,2.9,2.15,2.15,2.2,2.25,3.1,3.2,1.96,3.2,-0.25,-0.25,3.2,3.0,3.2,2.2,3.2,2.0,1.9,1.65,Fulham,Bolton,Fulham_Bolton_2004
14,1.57,-1.25,6.0,5.0,6.5,1.79,1.9,1.825,5.5,1.84,2.075,3.7,1.95,3.5,1.61,5.5,1.6,1.57,1.6,1.57,5.75,3.6,2.0,3.3,-1.0,-1.0,3.25,5.25,3.5,1.53,3.5,1.5,1.85,2.2,Liverpool,Man City,Liverpool_Man City_2004
15,1.22,-1.25,10.0,8.0,13.0,1.71,2.0,1.8,10.0,1.82,2.1,4.2,2.05,5.0,1.31,8.0,2.15,1.28,1.25,1.25,9.5,5.0,2.02,4.5,-1.5,-1.5,5.0,10.0,5.0,1.25,4.75,1.3,1.75,1.65,Man United,Norwich,Man United_Norwich_2004
16,1.62,-1.0,5.5,4.4,5.5,1.79,1.9,1.9,5.0,1.92,2.0,3.3,1.95,3.45,1.73,5.0,1.65,1.66,1.7,1.66,5.0,3.4,1.92,3.1,-0.75,-0.75,3.25,4.45,3.4,1.62,3.3,1.65,1.85,2.15,Newcastle,Tottenham,Newcastle_Tottenham_2004
17,2.1,0.0,2.88,3.1,3.0,1.95,1.75,1.85,3.0,1.84,2.05,3.0,1.75,3.2,2.3,3.0,2.15,2.15,2.2,2.3,3.0,3.25,2.0,3.1,-0.25,-0.25,3.2,3.0,3.25,2.25,3.2,2.1,2.05,1.65,Southampton,Blackburn,Southampton_Blackburn_2004
18,1.25,-1.25,8.5,6.0,9.0,1.65,2.05,1.775,10.0,1.76,2.125,3.9,2.1,4.0,1.36,8.0,2.05,1.33,1.35,1.36,9.0,4.33,2.08,4.0,-1.5,-1.5,4.5,9.0,4.33,1.33,4.25,1.4,1.7,1.71,Arsenal,Middlesbrough,Arsenal_Middlesbrough_2004
19,2.88,0.25,2.38,2.3,2.4,1.95,1.75,2.125,2.25,2.12,1.775,3.0,1.75,3.1,2.8,2.5,2.12,2.62,2.65,2.87,2.45,3.1,1.72,2.9,0.25,0.25,3.0,2.5,3.2,2.8,3.2,2.7,2.05,1.75,West Brom,Aston Villa,West Brom_Aston Villa_2004
20,1.91,-0.75,3.75,3.5,4.33,1.95,1.75,2.1,3.5,1.72,1.8,3.1,1.75,3.25,1.93,3.75,1.6,1.83,1.95,1.9,3.95,3.25,2.12,3.2,-0.5,-0.25,3.2,3.6,3.1,1.91,3.25,1.9,2.05,2.2,Birmingham,Man City,Birmingham_Man City_2004
21,6.5,1.0,1.44,1.5,1.44,1.85,1.85,2.0,1.44,1.72,1.9,3.7,1.95,3.6,7.5,1.44,1.7,6.5,7.5,8.5,1.47,3.75,2.12,3.6,1.0,1.25,3.6,1.45,3.75,7.0,3.75,5.0,1.85,2.05,Crystal Palace,Chelsea,Crystal Palace_Chelsea_2004
22,1.22,-0.5,10.0,9.0,10.0,1.55,2.2,2.025,10.0,1.94,1.875,4.5,2.15,5.0,1.3,9.5,3.24,1.22,1.25,1.28,10.0,4.5,1.9,5.0,-1.5,-1.5,5.0,10.0,5.0,1.29,4.8,1.25,1.65,1.3,Arsenal,Blackburn,Arsenal_Blackburn_2004
23,2.5,-0.5,2.75,2.7,2.75,1.95,1.75,2.1,2.5,2.02,1.8,3.0,1.8,3.2,2.35,2.75,1.53,2.3,2.4,2.5,2.95,3.2,1.82,3.1,0.0,0.0,3.2,2.7,3.2,2.38,3.2,2.3,2.0,2.35,Charlton,Aston Villa,Charlton_Aston Villa_2004
24,2.2,-0.5,2.75,2.7,2.75,1.95,1.75,2.15,2.75,1.74,1.75,3.0,1.85,3.25,2.4,2.75,1.51,2.3,2.3,2.5,2.85,3.2,2.1,3.1,-0.25,0.0,3.25,2.8,3.2,2.38,3.2,2.3,1.95,2.4,Fulham,Middlesbrough,Fulham_Middlesbrough_2004
25,1.44,-1.5,7.0,5.4,7.5,1.75,1.95,1.775,6.5,1.76,2.125,3.8,2.0,3.7,1.51,6.0,1.46,1.5,1.45,1.44,7.5,3.75,2.08,3.4,-1.25,-1.25,3.6,7.0,4.0,1.44,3.5,1.45,1.8,2.25,Newcastle,Norwich,Newcastle_Norwich_2004
26,2.2,-0.5,3.0,2.9,3.1,1.95,1.75,1.85,2.75,1.78,2.05,3.0,1.85,3.2,2.35,2.75,1.53,2.3,2.1,2.25,2.95,3.2,2.06,3.1,-0.25,-0.25,3.25,3.2,3.2,2.2,3.2,2.2,1.95,2.35,Southampton,Bolton,Southampton_Bolton_2004
27,2.5,0.5,2.5,2.4,2.5,1.95,1.75,1.8,2.4,2.08,2.1,3.0,1.75,3.25,2.85,2.3,2.4,2.75,2.5,2.75,2.4,3.2,1.76,3.1,0.25,0.0,3.25,2.55,3.2,2.6,3.2,2.6,2.05,1.51,West Brom,Tottenham,West Brom_Tottenham_2004
28,2.2,0.0,2.88,2.7,2.87,1.95,1.75,2.1,2.8,1.98,1.8,3.0,1.8,3.2,2.4,2.8,2.05,2.3,2.25,2.4,2.8,3.2,1.86,3.0,0.0,0.0,3.2,2.9,3.2,2.3,3.25,2.3,2.0,1.8,Aston Villa,Newcastle,Aston Villa_Newcastle_2004
29,4.5,0.5,1.73,1.9,1.72,1.85,1.85,1.8,1.67,1.84,2.1,3.1,1.9,3.2,4.2,1.83,1.85,4.0,4.0,5.0,1.85,3.4,2.0,3.0,0.5,0.5,3.25,1.85,3.4,4.5,3.3,3.5,1.9,1.85,Blackburn,Man United,Blackburn_Man United_2004
30,1.29,-1.75,10.0,9.0,10.0,1.71,2.0,2.05,10.0,1.82,1.85,4.5,2.05,4.5,1.3,8.5,1.85,1.3,1.3,1.28,10.0,4.5,2.02,4.2,-1.75,-1.5,4.0,9.0,5.0,1.29,4.7,1.25,1.75,1.85,Chelsea,Southampton,Chelsea_Southampton_2004
31,1.91,-0.25,3.75,3.2,3.75,1.95,1.75,1.825,3.5,1.84,2.075,3.1,1.75,3.2,2.0,3.5,2.05,2.05,1.85,2.0,3.65,3.25,2.0,2.87,-0.5,-0.5,3.2,4.0,3.2,1.91,3.25,2.0,2.05,1.7,Everton,West Brom,Everton_West Brom_2004
32,2.0,-0.25,3.0,3.1,3.1,1.85,1.85,2.05,3.2,1.98,1.85,3.0,1.85,3.25,2.15,3.1,2.0,2.1,1.9,2.25,3.25,3.2,1.86,3.1,-0.25,-0.25,3.2,3.75,3.2,2.2,3.25,2.1,1.95,1.85,Man City,Charlton,Man City_Charlton_2004
33,1.5,-1.0,6.5,5.0,7.5,1.79,1.9,2.1,6.0,1.88,1.8,3.7,1.95,3.45,1.55,5.5,2.0,1.53,1.55,1.44,6.5,3.6,1.96,3.5,-1.25,-1.0,3.4,6.0,4.0,1.5,3.5,1.5,1.85,1.85,Middlesbrough,Crystal Palace,Middlesbrough_Crystal Palace_2004
34,7.0,1.25,1.4,1.4,1.36,1.65,2.05,2.0,1.4,1.84,1.9,3.9,2.2,3.75,7.5,1.33,1.95,8.0,7.0,9.0,1.42,4.0,2.0,4.0,1.25,1.25,3.75,1.45,4.33,7.5,4.1,6.0,1.65,1.9,Norwich,Arsenal,Norwich_Arsenal_2004
35,1.83,-0.25,3.5,3.1,3.75,1.9,1.79,1.8,3.75,1.72,2.1,3.0,1.8,3.25,2.1,3.0,2.05,2.15,1.9,2.0,3.4,3.2,2.12,3.1,-0.5,-0.5,3.2,3.75,3.2,2.0,3.25,2.1,2.0,1.8,Tottenham,Birmingham,Tottenham_Birmingham_2004
36,3.2,0.25,2.2,2.2,2.2,1.85,1.85,1.925,2.0,1.84,1.975,3.0,1.9,3.2,3.2,2.15,1.9,3.0,3.0,3.2,2.2,3.2,2.0,3.1,0.25,0.25,3.2,2.2,3.25,3.0,3.2,2.9,1.9,1.95,Bolton,Liverpool,Bolton_Liverpool_2004
37,1.286,-1.25,9.0,8.0,10.0,1.6,2.15,2.0,9.0,2.02,1.9,4.2,2.1,4.5,1.33,8.5,2.05,1.28,1.3,1.28,9.5,4.5,1.82,4.33,-1.25,-1.25,4.333,9.0,5.0,1.3,4.5,1.3,1.7,1.8,Man United,Everton,Man United_Everton_2004
38,2.38,-0.25,2.88,2.9,3.0,1.9,1.79,,2.6,,,3.0,1.8,3.2,2.3,3.0,1.8,2.15,2.3,2.3,3.0,3.25,,3.1,,,3.2,2.85,3.25,2.25,3.2,2.2,2.0,2.05,Portsmouth,Fulham,Portsmouth_Fulham_2004
39,3.75,0.25,1.9,1.9,1.909,1.95,1.75,1.975,1.8,1.9,1.925,3.1,1.7,3.2,3.8,1.9,1.7,3.5,3.8,4.333,1.95,3.25,1.94,3.2,0.5,0.5,3.25,1.9,3.1,3.75,3.3,3.5,2.1,2.05,Aston Villa,Chelsea,Aston Villa_Chelsea_2004
40,3.6,0.25,1.9,2.0,1.909,1.79,1.9,2.025,1.8330000000000002,1.98,1.875,3.1,1.85,3.3,3.8,1.9,1.67,3.5,3.55,3.75,1.95,3.25,1.86,3.2,0.5,0.5,3.4,1.9,3.5,3.75,3.3,3.2,1.95,2.1,Bolton,Man United,Bolton_Man United_2004
41,6.5,1.0,1.53,1.55,1.5330000000000001,1.65,2.05,1.875,1.444,1.78,2.025,3.5,2.25,4.0,7.5,1.44,1.8,7.0,7.25,7.0,1.45,3.6,2.06,3.5,1.0,1.0,3.6,1.4,3.6,6.0,3.9,4.8,1.61,2.05,Fulham,Arsenal,Fulham_Arsenal_2004
42,1.4,-1.0,7.5,6.0,8.5,1.79,1.9,1.95,7.0,2.0,1.95,3.9,2.0,3.55,1.55,6.0,2.1,1.5,1.5,1.444,6.5,4.0,1.84,3.4,-1.25,-1.25,3.75,6.5,3.75,1.4,3.6,1.4,1.8,1.67,Liverpool,West Brom,Liverpool_West Brom_2004
43,2.0,-0.25,3.75,3.8,4.333,1.85,1.85,1.975,3.2,1.92,1.925,3.1,1.95,3.25,1.9,3.2,2.15,2.0,1.9,1.909,4.2,3.25,1.92,3.2,-0.5,-0.5,3.2,3.75,3.1,1.9,3.2,1.8,1.85,1.65,Man City,Everton,Man City_Everton_2004
44,1.8,-0.25,3.75,3.5,4.333,1.9,1.79,1.975,3.75,1.9,1.925,3.1,1.75,3.2,1.9,3.3,2.15,2.0,1.8,1.909,4.2,3.25,1.94,3.1,-0.5,-0.5,3.25,4.3,3.1,1.9,3.2,1.9,2.05,1.65,Middlesbrough,Birmingham,Middlesbrough_Birmingham_2004
45,1.615,-1.0,4.5,4.2,5.5,1.75,1.95,1.95,4.5,2.0,1.95,3.2,2.05,3.5,1.7,4.5,1.7,1.8,1.6,1.6669999999999998,5.1,3.4,1.84,2.9,-0.75,-0.75,3.5,5.25,3.4,1.72,3.4,1.7,1.75,2.05,Newcastle,Blackburn,Newcastle_Blackburn_2004
46,1.7269999999999999,-1.0,4.5,3.8,4.333,1.85,1.85,1.775,4.0,1.74,2.125,3.1,1.95,3.3,1.7,4.2,1.6,1.72,1.7,1.8,5.1,3.4,2.1,3.25,-0.75,-0.75,3.4,4.75,3.5,1.72,3.4,1.8,1.85,2.2,Portsmouth,Crystal Palace,Portsmouth_Crystal Palace_2004
47,1.571,-1.0,5.5,4.8,6.5,1.79,1.9,2.025,5.0,1.96,1.875,3.5,1.9,3.55,1.55,5.5,1.7,1.57,1.5,1.571,6.5,3.4,1.88,3.3,-0.75,-0.75,3.5,6.5,3.5,1.61,3.6,1.55,1.9,2.05,Tottenham,Norwich,Tottenham_Norwich_2004
48,1.8330000000000002,-0.25,3.5,3.5,4.333,1.85,1.85,2.1,3.75,1.84,1.8,3.1,1.9,3.25,2.0,3.75,2.05,1.8,1.95,1.8330000000000002,3.6,3.2,2.0,3.3,-0.5,-0.25,3.2,3.55,3.3,2.0,3.35,1.9,1.9,1.8,Charlton,Southampton,Charlton_Southampton_2004
49,1.25,-1.25,10.0,8.0,13.0,1.55,2.25,1.925,10.0,,1.975,4.2,2.2,4.5,1.27,11.0,2.1,1.2,1.3,1.25,11.0,5.0,,5.0,,-1.5,4.5,9.0,5.0,1.25,5.0,1.3,1.65,1.67,Arsenal,Bolton,Arsenal_Bolton_2004
50,1.91,-0.25,3.75,3.8,4.33,1.9,1.79,1.95,3.4,1.94,1.95,3.1,1.75,3.2,1.9,3.75,2.15,1.8,1.85,1.9,4.0,3.25,1.9,3.3,-0.5,-0.5,3.25,4.0,3.1,1.91,3.3,1.8,2.05,1.65,Birmingham,Charlton,Birmingham_Charlton_2004
51,2.1,0.0,3.0,3.2,3.2,1.85,1.85,1.75,3.0,2.02,2.15,3.1,1.85,3.15,2.15,3.1,2.35,2.15,2.0,2.2,3.3,3.25,1.82,3.0,-0.25,-0.5,3.2,3.5,3.25,2.2,3.2,2.0,1.95,1.55,Blackburn,Portsmouth,Blackburn_Portsmouth_2004
52,2.5,-0.25,2.62,2.5,2.62,1.85,1.85,1.85,2.4,1.8,2.05,3.0,1.85,3.25,2.65,2.5,1.55,2.5,2.5,2.6,2.55,3.2,2.04,3.1,0.0,0.0,3.25,2.55,3.2,2.5,3.2,2.5,1.95,2.3,Crystal Palace,Man City,Crystal Palace_Man City_2004
53,2.6,-0.25,2.5,2.5,2.5,1.9,1.79,1.85,2.38,1.84,2.05,3.0,1.85,3.2,2.8,2.5,1.52,2.62,2.75,2.75,2.4,3.2,2.0,2.9,0.0,0.0,3.2,2.35,3.2,2.62,3.25,2.5,1.95,2.4,Norwich,Aston Villa,Norwich_Aston Villa_2004
54,2.38,-0.25,2.7,2.9,2.75,1.95,1.75,2.1,2.6,2.02,1.8,3.0,1.75,3.15,2.4,2.62,1.6,2.37,2.3,2.5,2.8,3.2,1.82,3.1,0.0,0.0,3.2,2.85,3.2,2.4,3.25,2.2,2.05,2.2,West Brom,Fulham,West Brom_Fulham_2004
55,1.5,-1.25,7.0,6.0,7.5,1.75,1.95,2.05,6.0,2.0,1.85,3.9,1.85,3.6,1.5,7.0,1.6,1.44,1.5,1.5,7.0,3.75,1.84,3.5,-1.0,-1.0,3.4,6.25,3.6,1.44,3.7,1.4,1.95,2.2,Chelsea,Tottenham,Chelsea_Tottenham_2004
56,2.25,-0.25,2.75,2.6,2.75,1.85,1.85,2.1,2.75,2.0,1.8,3.0,1.8,3.2,2.4,2.62,1.67,2.37,2.35,2.5,2.8,3.2,1.84,3.1,0.0,0.0,3.2,2.75,3.2,2.38,3.25,2.4,2.0,2.1,Everton,Middlesbrough,Everton_Middlesbrough_2004
57,2.6,-0.25,2.38,2.5,2.37,1.85,1.85,1.8,2.38,1.8,2.1,3.0,1.8,3.15,2.6,2.25,1.45,2.75,2.5,2.87,2.55,3.2,2.04,3.2,0.0,0.0,3.2,2.6,3.25,2.75,3.25,2.5,2.0,2.6,Southampton,Newcastle,Southampton_Newcastle_2004
58,1.83,0.0,3.75,3.1,3.75,1.85,1.85,2.05,3.75,1.94,1.85,3.0,1.8,3.2,2.0,3.4,2.3,2.0,1.9,2.0,3.75,3.25,1.9,3.0,-0.25,-0.25,3.2,3.8,3.2,1.91,3.2,2.1,2.0,1.55,Man United,Liverpool,Man United_Liverpool_2004
59,1.36,-1.25,6.5,5.4,7.5,1.75,1.95,1.875,8.0,1.9,2.025,3.8,1.9,4.0,1.45,6.0,1.9,1.5,1.4,1.5,7.5,3.6,1.94,3.4,-1.25,-1.25,3.75,7.25,3.6,1.5,3.9,1.45,1.9,1.95,Aston Villa,Crystal Palace,Aston Villa_Crystal Palace_2004
60,1.8,-0.25,3.75,3.5,3.75,1.9,1.79,1.9,4.0,1.86,2.0,3.1,1.75,3.3,2.0,3.3,2.2,2.0,1.85,2.0,3.7,3.25,1.98,3.1,-0.5,-0.5,3.2,3.85,3.2,1.91,3.25,1.9,2.05,1.6,Bolton,Birmingham,Bolton_Birmingham_2004
61,1.83,-0.25,3.75,3.6,3.75,1.95,1.75,1.775,3.75,1.8,2.125,3.1,1.75,3.2,2.0,3.75,2.2,1.83,1.95,2.0,3.75,3.25,2.04,3.2,-0.5,-0.5,3.2,3.6,3.2,1.91,3.2,1.85,2.05,1.6,Fulham,Southampton,Fulham_Southampton_2004
62,1.36,-1.0,7.5,6.0,9.0,1.79,1.9,1.825,8.0,1.82,2.075,3.9,1.9,4.0,1.45,8.0,2.05,1.36,1.35,1.4,7.5,4.0,2.02,3.75,-1.25,-1.25,3.75,9.0,4.0,1.4,3.9,1.4,1.9,1.7,Liverpool,Norwich,Liverpool_Norwich_2004
63,6.0,0.75,1.57,1.5,1.57,1.75,1.95,1.8,1.5,1.74,2.1,3.7,2.2,3.55,5.5,1.5,1.8,6.0,5.65,6.5,1.62,3.6,2.1,3.4,0.75,0.75,3.4,1.55,3.5,5.5,3.5,5.0,1.65,2.05,Man City,Arsenal,Man City_Arsenal_2004
64,3.75,0.25,2.0,2.0,2.1,1.95,1.75,1.85,1.83,1.74,2.05,3.1,1.7,3.2,3.3,2.1,1.8,3.1,3.2,3.5,2.15,3.2,2.1,3.1,0.25,0.25,3.2,2.1,3.2,3.5,3.2,3.2,2.1,2.05,Middlesbrough,Chelsea,Middlesbrough_Chelsea_2004
65,1.4,-1.0,7.0,5.4,7.0,1.75,1.95,1.85,7.0,1.9,2.05,3.8,1.95,4.0,1.45,6.5,2.2,1.53,1.4,1.5,7.5,3.75,1.94,3.1,-1.25,-1.25,3.75,7.25,3.75,1.44,3.9,1.45,1.85,1.6,Newcastle,West Brom,Newcastle_West Brom_2004
66,3.0,0.25,2.1,2.0,2.1,1.9,1.79,2.125,2.1,1.74,1.775,3.1,1.85,3.2,3.3,2.1,1.85,3.2,3.2,3.4,2.15,3.2,2.1,3.0,0.25,0.5,3.2,2.1,3.25,3.25,3.2,3.2,1.95,2.0,Tottenham,Man United,Tottenham_Man United_2004
67,2.25,-0.25,3.0,2.7,3.1,1.9,1.79,1.925,2.75,1.86,1.975,3.0,1.85,3.1,2.25,3.0,1.9,2.1,2.25,2.25,3.1,3.25,1.98,3.2,-0.25,-0.25,3.2,3.0,3.2,2.2,3.2,2.3,1.95,1.95,Portsmouth,Everton,Portsmouth_Everton_2004
68,1.91,-0.25,3.5,3.2,3.4,1.85,1.85,2.05,3.5,1.74,1.85,3.1,1.8,3.25,2.1,3.5,2.0,1.95,1.9,2.1,3.45,3.2,2.1,3.1,-0.5,-0.25,3.2,3.75,3.25,2.0,3.2,2.0,2.0,1.85,Charlton,Blackburn,Charlton_Blackburn_2004
69,1.2,-1.25,10.0,7.5,10.0,1.6,2.15,1.9,11.0,1.86,2.0,4.0,2.1,5.5,1.27,9.5,2.05,1.22,1.2,1.28,10.0,5.0,1.98,5.0,-1.5,-1.5,5.0,11.5,5.0,1.25,5.25,1.33,1.7,1.7,Arsenal,Charlton,Arsenal_Charlton_2004
70,2.38,-0.25,2.7,2.7,2.87,2.0,1.71,2.1,2.6,2.04,1.8,3.0,1.7,3.1,2.4,2.7,1.7,2.37,2.45,2.37,2.9,3.2,1.8,3.0,0.0,0.0,3.2,2.7,3.25,2.4,3.15,2.3,2.1,2.05,Blackburn,Aston Villa,Blackburn_Aston Villa_2004
71,2.1,0.0,3.0,2.9,3.1,2.0,1.71,1.85,3.0,1.76,2.05,3.0,1.66,3.15,2.3,2.8,2.05,2.25,2.5,2.25,3.0,3.2,2.08,3.1,-0.25,-0.25,3.2,2.6,3.2,2.2,3.2,2.2,2.15,1.7,Everton,Tottenham,Everton_Tottenham_2004
72,2.38,0.0,2.88,2.9,2.87,2.0,1.71,1.875,2.75,1.84,2.025,3.0,1.75,3.1,2.4,2.7,2.05,2.37,2.25,2.37,2.9,3.2,2.0,3.0,-0.25,-0.25,3.0,3.0,3.25,2.3,3.15,2.2,2.05,1.7,Norwich,Portsmouth,Norwich_Portsmouth_2004
73,2.25,-0.25,2.88,2.9,2.87,1.95,1.75,2.05,2.75,1.76,1.85,3.0,1.75,3.1,2.35,2.62,1.7,2.37,2.25,2.37,2.95,3.2,2.08,3.1,-0.25,0.0,3.2,3.0,3.25,2.3,3.15,2.2,2.05,2.05,Southampton,Man City,Southampton_Man City_2004
74,2.75,-0.25,2.5,2.5,2.5,2.0,1.71,1.825,2.25,1.78,2.075,3.0,1.8,3.1,2.7,2.5,1.6,2.62,2.7,2.75,2.55,3.2,2.06,2.9,0.0,0.0,3.2,2.45,3.2,2.6,3.15,2.5,2.0,2.2,West Brom,Bolton,West Brom_Bolton_2004
75,2.5,-0.25,2.5,2.5,2.6,1.9,1.79,1.875,2.5,1.88,2.025,3.0,1.75,3.2,2.75,2.4,1.6,2.6,2.7,2.62,2.5,3.2,1.96,3.1,0.0,0.0,3.2,2.4,3.2,2.6,3.2,2.5,2.05,2.2,Birmingham,Newcastle,Birmingham_Newcastle_2004
76,1.67,-0.25,4.33,3.8,5.0,2.0,1.75,2.05,4.5,1.96,1.85,3.1,1.7,3.2,1.8,4.0,2.45,1.8,1.8,1.8,4.5,3.2,1.88,3.1,-0.5,-0.5,3.25,4.3,3.1,1.8,3.3,1.8,2.1,1.5,Chelsea,Liverpool,Chelsea_Liverpool_2004
77,1.36,-1.0,8.0,7.0,9.0,1.71,2.0,2.125,8.0,2.08,1.775,4.0,2.0,4.0,1.4,8.0,2.3,1.36,1.4,1.4,9.0,4.0,1.76,3.75,-1.25,-1.25,3.75,7.25,4.0,1.36,4.0,1.35,1.8,1.55,Man United,Middlesbrough,Man United_Middlesbrough_2004
78,2.75,-0.25,2.5,2.3,2.6,1.9,1.79,1.85,2.25,,2.05,3.0,1.75,3.1,2.7,2.4,1.55,2.6,2.6,2.62,2.55,3.2,,3.1,,0.0,3.2,2.55,3.2,2.6,3.15,2.7,2.05,2.3,Crystal Palace,Fulham,Crystal Palace_Fulham_2004
79,1.25,-1.5,9.0,7.5,9.5,1.6,2.15,1.825,10.0,1.8,2.075,4.0,2.05,4.5,1.3,8.5,1.78,1.28,1.3,1.3,11.0,4.75,2.04,4.33,-1.5,-1.5,4.5,9.0,5.0,1.29,4.5,1.33,1.75,1.77,Arsenal,Aston Villa,Arsenal_Aston Villa_2004
80,4.33,0.5,1.73,1.75,1.72,1.9,1.79,1.775,1.73,1.72,2.125,3.2,1.8,3.35,4.5,1.83,1.75,4.0,4.3,5.5,1.8,3.4,2.12,3.0,0.5,0.5,3.2,1.75,3.2,4.5,3.3,4.0,2.0,1.99,Birmingham,Man United,Birmingham_Man United_2004
81,2.38,-0.25,2.7,2.5,2.75,2.0,1.71,2.05,2.6,2.0,1.85,3.0,1.75,3.1,2.55,2.62,1.6,2.5,2.4,2.5,2.6,3.2,1.84,2.9,0.0,0.0,3.2,2.75,3.2,2.4,3.25,2.5,2.05,2.2,Blackburn,Middlesbrough,Blackburn_Middlesbrough_2004
82,1.57,-1.25,5.5,4.6,5.5,1.85,1.85,1.875,5.0,1.82,2.025,3.4,1.9,3.45,1.63,5.0,1.6,1.61,1.55,1.61,6.0,3.6,2.02,3.3,-1.0,-1.0,3.5,6.0,3.6,1.57,3.4,1.6,1.9,2.2,Bolton,Crystal Palace,Bolton_Crystal Palace_2004
83,1.73,-0.5,4.75,4.2,5.0,1.95,1.75,2.125,4.33,2.1,1.775,3.2,1.7,3.2,1.75,4.5,1.99,1.7,1.8,1.72,4.85,3.25,1.74,3.2,-0.5,-0.5,3.2,4.3,3.4,1.73,3.3,1.7,2.1,1.75,Everton,Southampton,Everton_Southampton_2004
84,3.0,0.25,2.1,2.1,2.1,1.9,1.79,2.125,2.1,2.06,1.775,3.0,1.75,3.2,3.25,2.15,1.72,3.1,3.2,3.4,2.15,3.2,1.78,3.0,0.5,0.5,3.2,2.1,3.25,3.2,3.25,3.1,2.05,2.0,Fulham,Liverpool,Fulham_Liverpool_2004
85,4.5,0.5,1.67,1.65,1.72,2.05,1.65,1.775,1.62,1.74,2.125,3.3,1.7,3.25,4.7,1.66,1.75,4.5,4.5,5.5,1.77,3.4,2.18,3.3,0.5,0.5,3.5,1.75,3.2,5.0,3.25,4.4,2.1,1.99,Man City,Chelsea,Man City_Chelsea_2004
86,2.1,-0.25,3.2,3.5,3.4,2.0,1.71,2.05,3.0,1.72,1.85,3.1,1.75,3.05,2.15,3.2,1.9,2.1,2.05,2.1,3.3,3.2,2.12,3.0,-0.5,-0.25,3.2,3.5,3.25,2.1,3.25,1.9,2.05,1.8,West Brom,Norwich,West Brom_Norwich_2004
87,2.5,-0.25,2.4,2.5,2.5,1.85,1.85,1.8,2.5,1.78,2.1,3.0,1.9,3.15,2.65,2.5,1.45,2.62,2.5,2.75,2.5,3.2,2.06,2.9,0.0,0.0,3.2,2.6,3.2,2.7,3.25,2.5,1.9,2.6,Charlton,Newcastle,Charlton_Newcastle_2004
88,2.6,0.5,2.5,2.5,2.62,2.05,1.71,1.9,2.38,,2.0,3.0,1.7,3.15,2.6,2.6,2.55,2.4,2.6,2.6,2.55,3.2,,3.1,,0.0,3.2,2.5,3.2,2.6,3.25,2.5,2.1,1.2,Portsmouth,Tottenham,Portsmouth_Tottenham_2004
89,1.67,-0.5,4.33,4.0,4.5,1.9,1.79,2.15,4.5,2.12,1.75,3.2,1.8,3.3,1.83,4.0,1.89,1.83,1.7,1.8,4.5,3.2,1.72,3.0,-0.5,-0.5,3.25,4.75,3.3,1.8,3.25,1.75,2.0,1.83,Aston Villa,Fulham,Aston Villa_Fulham_2004
90,1.25,-1.5,9.5,7.0,10.0,1.9,1.79,1.85,10.0,1.78,2.05,4.0,1.85,4.5,1.33,8.5,1.7,1.28,1.3,1.28,9.5,4.5,2.06,4.33,-1.5,-1.5,4.5,9.0,5.0,1.3,4.5,1.35,1.95,1.85,Chelsea,Blackburn,Chelsea_Blackburn_2004
91,2.1,-0.25,2.9,2.8,3.0,2.0,1.71,1.85,3.0,1.76,2.05,2.9,1.7,3.1,2.38,2.87,1.7,2.25,2.25,2.3,2.95,3.2,2.08,3.0,-0.25,-0.25,3.2,3.0,3.25,2.25,3.1,2.3,2.1,2.05,Crystal Palace,West Brom,Crystal Palace_West Brom_2004
92,1.44,-1.0,6.5,5.0,7.5,1.85,1.85,2.05,6.5,2.04,1.85,3.7,1.85,3.45,1.5,6.5,1.85,1.44,1.55,1.5,6.8,3.6,1.88,3.6,-1.0,-1.0,3.6,6.0,3.6,1.5,3.75,1.5,1.95,1.85,Liverpool,Charlton,Liverpool_Charlton_2004
93,2.62,0.0,2.5,2.4,2.5,2.05,1.65,1.9,2.5,1.88,2.0,2.9,1.65,3.0,2.65,2.4,1.8,2.75,2.6,2.75,2.55,3.2,1.96,2.9,0.0,0.0,2.88,2.6,3.2,2.6,3.25,2.7,2.2,1.9,Norwich,Everton,Norwich_Everton_2004
94,1.8,-0.25,3.6,3.5,4.0,2.0,1.71,1.8,3.75,1.76,2.1,3.1,1.66,3.2,2.0,3.75,1.9,1.83,1.85,1.9,3.75,3.25,2.08,3.2,-0.5,-0.5,3.25,4.0,3.25,1.95,3.2,1.9,2.15,1.8,Tottenham,Bolton,Tottenham_Bolton_2004
95,2.5,0.0,2.62,2.5,2.75,1.85,1.85,2.075,2.5,2.02,1.825,3.0,1.8,3.15,2.8,2.6,1.9,2.4,2.4,2.62,2.9,3.2,1.82,3.1,0.0,0.0,3.2,2.7,3.0,2.5,3.3,2.5,2.0,1.8,Man United,Arsenal,Man United_Arsenal_2004
96,1.62,-0.75,5.5,4.6,5.5,1.85,1.85,2.0,5.0,2.04,1.8,3.4,1.8,3.35,1.73,4.5,1.9,1.66,1.65,1.66,4.85,3.4,1.8,3.3,-0.75,-0.75,3.25,4.85,3.4,1.62,3.4,1.6,2.0,1.8,Middlesbrough,Portsmouth,Middlesbrough_Portsmouth_2004
97,1.62,-0.75,5.5,4.4,5.5,1.75,1.95,1.9,4.5,1.9,2.0,3.3,1.85,3.3,1.73,4.5,1.85,1.66,1.7,1.66,4.85,3.4,1.94,3.3,-0.75,-0.75,3.5,4.75,3.4,1.62,3.4,1.65,1.95,1.85,Newcastle,Man City,Newcastle_Man City_2004
98,2.38,0.0,2.75,2.7,2.75,2.05,1.65,2.075,2.6,1.7,1.825,2.9,1.65,3.1,2.4,2.6,1.9,2.4,2.25,2.5,2.85,3.2,2.14,3.1,-0.25,0.0,3.2,3.0,3.2,2.38,3.2,2.4,2.2,1.8,Southampton,Birmingham,Southampton_Birmingham_2004
99,1.17,-1.75,13.0,10.0,15.0,1.6,2.15,1.925,12.0,1.9,1.975,5.0,2.15,6.5,1.18,12.0,1.8,1.16,1.15,1.16,15.0,6.0,1.94,5.5,-1.75,-1.75,5.5,13.0,6.5,1.17,6.25,1.2,1.66,2.0,Arsenal,Southampton,Arsenal_Southampton_2004
100,1.67,-0.5,4.33,4.2,4.5,2.0,1.71,2.1,4.5,2.06,1.8,3.2,1.65,3.4,1.8,4.33,1.91,1.72,1.7,1.83,4.55,3.2,1.78,3.2,-0.5,-0.5,3.25,4.5,3.25,1.8,3.3,1.7,2.2,1.8,Birmingham,Crystal Palace,Birmingham_Crystal Palace_2004
101,4.33,0.5,1.8,1.85,1.8,1.85,1.85,1.8,1.73,1.8,2.1,3.1,1.85,3.2,4.15,1.83,1.87,3.75,4.0,5.0,1.87,3.25,2.12,3.2,0.5,0.5,3.2,1.85,3.1,4.33,3.3,3.6,1.95,1.84,Blackburn,Liverpool,Blackburn_Liverpool_2004
102,2.25,0.0,2.7,2.7,2.62,2.0,1.71,2.075,2.75,2.12,1.825,2.9,1.66,3.2,2.45,2.7,2.03,2.37,2.4,2.6,2.8,3.2,1.72,3.0,0.0,0.0,3.2,2.7,3.2,2.4,3.2,2.4,2.15,1.77,Charlton,Middlesbrough,Charlton_Middlesbrough_2004
103,2.1,-0.25,3.25,3.2,3.5,2.0,1.71,2.0,3.2,1.9,1.9,3.1,1.66,3.2,2.1,3.4,1.95,2.0,2.1,2.1,3.4,3.2,1.94,3.0,-0.25,-0.25,3.0,3.2,3.2,2.1,3.25,2.0,2.15,1.85,Everton,Aston Villa,Everton_Aston Villa_2004
104,2.5,0.0,2.75,2.7,2.75,2.05,1.65,2.075,2.5,2.02,1.825,2.9,1.66,3.15,2.5,2.62,2.0,2.5,2.5,2.5,2.75,3.2,1.82,2.9,0.0,0.0,3.2,2.6,3.2,2.38,3.2,2.4,2.15,1.8,Fulham,Tottenham,Fulham_Tottenham_2004
105,4.5,0.75,1.67,1.65,1.66,1.9,1.79,1.775,1.67,1.74,2.125,3.3,1.8,3.35,5.0,1.66,1.85,4.5,5.0,5.5,1.7,3.4,2.1,3.3,0.75,0.75,3.25,1.65,3.4,5.0,3.45,4.4,2.0,1.95,Portsmouth,Man United,Portsmouth_Man United_2004
106,7.0,1.25,1.44,1.45,1.44,1.95,1.75,1.75,1.4,1.7,2.15,3.8,1.75,3.55,7.75,1.44,1.9,6.5,6.5,7.5,1.45,3.75,2.14,3.6,1.0,1.0,3.75,1.5,4.0,7.0,3.85,5.4,2.05,1.9,West Brom,Chelsea,West Brom_Chelsea_2004
107,2.38,0.5,2.8,2.7,2.75,1.85,1.85,2.075,2.6,2.02,1.825,2.9,1.85,3.1,2.4,2.6,2.0,2.4,2.4,2.5,2.85,3.1,1.82,3.1,0.0,0.0,3.2,2.75,3.2,2.4,3.2,2.4,1.95,1.8,Bolton,Newcastle,Bolton_Newcastle_2004
108,1.62,-0.75,5.0,4.4,5.0,1.85,1.85,2.025,5.0,2.02,1.875,3.3,1.75,3.2,1.7,5.0,1.95,1.66,1.7,1.72,5.5,3.4,1.82,3.1,-0.75,-0.75,3.25,5.0,3.4,1.67,3.25,1.65,2.05,1.85,Man City,Norwich,Man City_Norwich_2004
109,1.73,-0.5,4.33,3.8,4.33,1.95,1.75,2.05,4.33,2.04,1.85,3.1,1.66,3.25,1.85,4.0,1.86,1.8,1.75,1.83,4.35,3.2,1.8,3.1,-0.5,-0.5,3.2,4.5,3.3,1.8,3.25,1.8,2.15,1.85,Aston Villa,Portsmouth,Aston Villa_Portsmouth_2004
110,1.4,-1.25,8.5,6.0,9.0,1.9,1.79,1.875,7.0,1.88,2.025,3.9,1.75,4.0,1.45,7.0,1.85,1.4,1.4,1.4,7.5,3.75,1.96,3.75,-1.25,-1.25,3.75,7.25,4.0,1.4,3.9,1.4,2.05,1.95,Chelsea,Everton,Chelsea_Everton_2004
111,7.0,1.25,1.44,1.45,1.44,1.71,2.0,2.025,1.4,2.02,1.875,3.8,2.05,4.0,7.5,1.36,1.95,7.0,7.25,7.5,1.42,3.75,1.9,4.0,1.25,1.25,3.75,1.4,4.0,7.0,4.1,5.4,1.75,1.85,Crystal Palace,Arsenal,Crystal Palace_Arsenal_2004
112,1.44,-1.0,7.5,5.0,7.5,1.95,1.75,1.925,6.5,1.88,1.975,3.7,1.75,4.0,1.47,6.5,1.85,1.44,1.4,1.5,7.0,3.75,1.96,3.6,-1.0,-1.0,3.6,7.25,3.6,1.44,3.9,1.5,2.05,1.95,Liverpool,Birmingham,Liverpool_Birmingham_2004
113,2.25,-0.25,3.0,2.9,3.0,1.85,1.85,1.875,2.75,1.84,2.025,3.0,1.75,3.1,2.3,2.8,1.85,2.2,2.25,2.3,3.0,3.2,2.0,3.2,-0.25,-0.25,3.2,3.0,3.25,2.2,3.2,2.2,2.05,1.95,Norwich,Blackburn,Norwich_Blackburn_2004
114,1.83,-0.5,3.75,3.5,3.75,2.0,1.71,1.975,4.0,1.88,1.925,3.1,1.65,3.2,2.0,3.3,1.73,2.0,2.0,2.0,3.75,3.2,1.96,3.1,-0.5,-0.5,3.0,3.45,3.2,1.91,3.2,1.9,2.2,2.0,Southampton,West Brom,Southampton_West Brom_2004
115,1.73,-0.5,3.75,3.5,4.33,2.0,1.71,2.0,4.33,1.96,1.9,3.1,1.66,3.3,1.9,3.75,1.81,1.83,1.7,1.9,4.0,3.25,1.88,3.2,-0.5,-0.5,3.2,4.75,3.1,1.91,3.3,1.9,2.15,1.9,Tottenham,Charlton,Tottenham_Charlton_2004
116,1.44,-1.25,7.5,5.4,9.0,1.9,1.79,1.875,6.5,1.9,2.025,3.8,2.0,4.0,1.45,7.0,1.9,1.4,1.4,1.4,8.0,4.0,1.94,3.75,-1.25,-1.25,3.6,7.25,4.0,1.4,3.8,1.45,1.8,1.9,Man United,Man City,Man United_Man City_2004
117,1.91,-0.5,3.75,3.5,3.75,1.85,1.85,1.825,3.5,1.78,2.075,3.1,1.75,3.25,1.95,3.5,1.76,1.9,1.9,2.0,3.85,3.25,2.06,3.2,-0.5,-0.5,3.2,3.75,3.2,1.91,3.25,1.9,2.05,1.95,Middlesbrough,Bolton,Middlesbrough_Bolton_2004
118,1.57,-1.0,6.0,4.8,6.5,1.75,1.95,1.875,5.0,1.86,2.025,3.5,2.0,3.45,1.6,5.5,1.85,1.53,1.55,1.57,6.0,3.6,1.98,3.5,-1.0,-1.0,3.5,6.0,3.5,1.53,3.5,1.55,1.8,1.95,Newcastle,Fulham,Newcastle_Fulham_2004
119,2.2,0.0,2.75,2.8,3.0,2.05,1.65,1.8,2.8,1.86,2.1,2.9,1.65,3.1,2.4,2.75,2.0,2.3,2.5,2.37,2.8,3.2,1.98,3.1,-0.25,-0.25,3.2,2.65,3.1,2.38,3.3,2.3,2.2,1.8,Birmingham,Everton,Birmingham_Everton_2004
120,2.1,-0.25,3.25,3.3,3.1,1.95,1.75,1.925,3.0,1.94,1.975,3.0,1.7,3.1,2.2,3.2,1.85,2.05,1.95,2.25,3.2,3.2,1.9,3.1,-0.25,-0.25,3.2,3.75,3.2,2.1,3.2,2.0,2.1,1.95,Bolton,Aston Villa,Bolton_Aston Villa_2004
121,1.73,-0.5,4.0,4.0,5.0,2.0,1.71,2.05,4.33,2.02,1.85,3.2,1.7,3.1,1.85,4.0,1.86,1.8,1.75,1.8,4.1,3.4,1.82,3.1,-0.5,-0.5,3.2,4.75,3.1,1.8,3.4,1.75,2.1,1.85,Charlton,Norwich,Charlton_Norwich_2004
122,4.5,0.75,1.62,1.6,1.66,2.0,1.71,1.85,1.67,1.82,2.05,3.4,1.7,3.4,5.55,1.57,1.85,5.5,5.5,6.0,1.65,3.4,2.02,3.3,0.75,0.75,3.25,1.6,3.2,5.5,3.4,4.6,2.1,1.95,Fulham,Chelsea,Fulham_Chelsea_2004
123,1.44,-1.0,7.0,5.0,8.0,1.9,1.79,2.1,6.5,2.04,1.8,3.7,1.75,4.0,1.47,6.0,1.95,1.44,1.35,1.5,7.5,3.75,1.8,3.75,-1.0,-1.0,3.6,9.0,3.5,1.44,3.75,1.5,2.05,1.85,Liverpool,Crystal Palace,Liverpool_Crystal Palace_2004
124,1.73,-0.5,4.0,3.2,4.5,1.95,1.75,2.025,4.33,2.02,1.875,3.1,1.75,3.2,1.85,3.75,1.85,1.83,1.8,1.8,4.3,3.4,1.82,3.2,-0.5,-0.5,3.2,4.3,3.4,1.8,3.25,2.0,2.05,1.85,Man City,Blackburn,Man City_Blackburn_2004
125,2.38,-0.25,2.88,3.1,2.87,2.0,1.71,1.85,2.6,1.84,2.05,3.0,1.66,3.1,2.4,2.62,1.8,2.37,2.25,2.4,2.85,3.2,2.0,3.1,-0.25,-0.25,3.2,3.0,3.2,2.3,3.2,2.1,2.15,2.0,Southampton,Portsmouth,Southampton_Portsmouth_2004
126,4.33,0.75,1.73,1.75,1.72,1.9,1.79,1.875,1.73,1.94,2.025,3.2,1.85,3.4,5.0,1.66,1.95,5.0,5.5,5.5,1.73,3.4,1.98,3.1,0.75,0.75,3.2,1.6,3.2,4.5,3.3,4.0,1.95,1.85,Tottenham,Arsenal,Tottenham_Arsenal_2004
127,2.75,0.25,2.3,2.3,2.3,1.9,1.79,1.85,2.25,1.86,2.05,2.9,1.8,3.15,2.95,2.2,1.8,2.8,2.8,3.0,2.3,3.25,1.98,3.2,0.25,0.25,3.2,2.35,3.25,2.8,3.2,2.8,2.0,2.0,Newcastle,Man United,Newcastle_Man United_2004
128,3.0,0.25,2.25,2.3,2.3,1.95,1.75,2.075,2.1,1.92,1.825,2.9,1.75,3.1,2.95,2.25,2.05,2.8,2.75,3.1,2.35,3.25,1.92,3.1,0.25,0.25,3.2,2.4,3.1,2.88,3.2,2.8,2.05,1.75,West Brom,Middlesbrough,West Brom_Middlesbrough_2004
129,1.17,-1.75,17.0,11.0,15.0,1.45,2.5,2.025,12.0,1.98,1.875,5.5,2.3,5.25,1.2,12.0,2.0,1.16,1.2,1.16,13.0,5.5,1.86,5.5,-1.75,-1.75,5.5,13.0,6.5,1.17,6.0,1.17,1.6,1.8,Arsenal,West Brom,Arsenal_West Brom_2004
130,1.3,-1.25,8.0,7.0,9.0,1.85,1.85,1.9,9.0,1.9,2.0,4.0,1.75,4.0,1.4,8.0,1.95,1.36,1.4,1.36,9.0,4.2,1.94,3.75,-1.25,-1.25,4.0,7.25,4.33,1.36,4.0,1.35,2.05,1.85,Chelsea,Bolton,Chelsea_Bolton_2004
131,3.0,0.25,2.25,2.3,2.25,1.85,1.85,1.9,2.1,1.84,2.0,3.0,1.85,3.1,3.0,2.25,1.8,2.8,2.85,3.1,2.3,3.25,2.0,3.1,0.25,0.25,3.2,2.35,3.2,2.9,3.25,2.7,1.95,2.0,Crystal Palace,Newcastle,Crystal Palace_Newcastle_2004
132,1.67,-0.5,4.33,4.0,4.5,1.95,1.75,2.05,4.5,2.04,1.85,3.2,1.7,3.2,1.85,4.0,1.87,1.9,1.7,1.83,4.5,3.25,1.8,2.87,-0.5,-0.5,3.25,5.0,3.25,1.8,3.2,1.75,2.1,1.85,Everton,Fulham,Everton_Fulham_2004
133,1.3,-1.5,8.5,7.5,9.5,1.65,2.05,1.825,9.0,2.12,2.075,4.0,2.0,4.0,1.35,8.0,1.69,1.36,1.35,1.33,9.0,4.33,1.72,3.75,-1.25,-1.5,4.0,9.0,4.5,1.33,4.5,1.33,1.8,1.87,Man United,Charlton,Man United_Charlton_2004
134,2.38,0.0,2.75,2.7,2.75,1.95,1.75,2.15,2.6,2.08,1.75,3.0,1.66,3.2,2.6,2.5,2.05,2.5,2.45,2.5,2.6,3.2,1.76,3.1,0.0,0.0,3.2,2.65,3.2,2.38,3.25,2.3,2.15,1.75,Middlesbrough,Liverpool,Middlesbrough_Liverpool_2004
135,2.2,-0.25,2.88,2.8,3.0,1.95,1.75,1.825,2.75,1.86,2.075,2.9,1.66,3.05,2.35,2.75,1.75,2.25,2.35,2.37,2.9,3.2,1.98,3.2,-0.25,-0.25,3.25,2.85,3.1,2.3,3.25,2.3,2.15,2.0,Norwich,Southampton,Norwich_Southampton_2004
136,2.0,-0.25,3.25,3.2,3.0,1.95,1.75,1.8,3.2,1.78,2.1,3.1,1.7,3.2,2.3,3.0,1.8,2.1,2.1,2.3,3.0,3.2,2.14,3.2,-0.25,-0.25,3.2,3.2,3.25,2.1,3.25,2.0,2.1,2.0,Portsmouth,Man City,Portsmouth_Man City_2004
137,2.2,-0.25,3.0,2.9,3.1,2.0,1.71,1.825,2.8,1.78,2.075,3.0,1.61,3.2,2.35,2.7,1.75,2.37,2.3,2.3,3.0,3.2,2.06,3.0,-0.25,-0.25,3.2,2.8,3.1,2.25,3.1,2.2,2.25,2.05,Blackburn,Birmingham,Blackburn_Birmingham_2004
138,1.73,-0.5,3.75,3.6,3.75,2.0,1.71,1.875,4.33,,2.025,3.1,1.66,3.2,2.0,3.6,1.73,1.9,1.85,2.0,3.75,3.25,,3.1,,-0.5,3.2,4.0,3.2,1.91,3.2,1.85,2.15,2.0,Aston Villa,Tottenham,Aston Villa_Tottenham_2004
139,1.73,-0.5,4.0,3.8,4.5,2.0,1.71,2.05,4.33,2.0,1.85,3.1,1.66,3.2,1.83,4.0,1.89,1.83,1.65,1.83,4.5,3.25,1.84,3.0,-0.5,-0.5,3.2,5.5,3.25,1.85,3.25,1.8,2.15,1.83,Birmingham,Norwich,Birmingham_Norwich_2004
140,1.62,-0.75,5.5,4.4,6.0,1.85,1.85,2.075,5.0,2.08,1.825,3.3,1.8,3.3,1.65,5.0,1.9,1.61,1.7,1.61,5.15,3.4,1.76,3.3,-0.75,-0.75,3.25,4.75,3.4,1.62,3.6,1.65,2.0,1.9,Bolton,Portsmouth,Bolton_Portsmouth_2004
141,5.5,0.75,1.57,1.65,1.57,1.95,1.75,2.075,1.53,2.08,1.825,3.3,1.75,3.45,6.0,1.53,1.85,6.0,6.0,6.5,1.6,3.4,1.76,3.25,1.0,1.0,3.5,1.55,3.5,6.0,3.5,4.4,2.05,1.95,Charlton,Chelsea,Charlton_Chelsea_2004
142,1.8,-0.5,4.0,3.5,4.0,1.85,1.85,1.875,4.0,1.9,2.025,3.1,1.8,3.2,1.91,4.0,1.81,1.83,1.9,1.9,4.0,3.25,2.02,3.0,-0.5,-0.5,3.2,3.8,3.3,1.85,3.3,1.9,2.0,1.91,Fulham,Blackburn,Fulham_Blackburn_2004
143,2.25,0.0,2.8,2.9,3.0,1.95,1.75,1.85,2.75,1.82,2.05,3.0,1.66,3.1,2.35,2.8,2.05,2.2,2.3,2.3,2.9,3.25,2.02,3.2,-0.25,-0.25,3.2,2.9,3.25,2.3,3.25,2.2,2.15,1.75,Man City,Aston Villa,Man City_Aston Villa_2004
144,1.83,-0.5,3.5,3.5,3.75,2.0,1.71,1.85,3.75,1.84,2.05,3.1,1.7,3.2,2.0,3.4,1.73,2.0,1.9,2.0,3.75,3.2,2.0,3.0,-0.5,-0.5,3.2,3.8,3.2,2.0,3.2,1.9,2.1,2.0,Southampton,Crystal Palace,Southampton_Crystal Palace_2004
145,6.5,0.75,1.53,1.55,1.53,1.85,1.85,2.025,1.44,2.0,1.875,3.5,1.85,3.5,6.0,1.53,1.85,6.0,5.25,7.0,1.6,3.6,1.84,3.25,1.0,1.0,3.6,1.6,3.6,6.0,3.5,4.8,1.95,1.95,West Brom,Man United,West Brom_Man United_2004
146,2.75,0.25,2.25,2.2,2.1,1.9,1.79,1.85,2.25,1.8,2.05,3.0,1.75,3.2,3.05,2.1,1.8,3.1,3.2,3.4,2.25,3.25,2.04,3.1,0.25,0.25,3.2,2.1,3.25,2.9,3.25,2.9,2.05,2.0,Liverpool,Arsenal,Liverpool_Arsenal_2004
147,1.8,-0.5,3.75,3.5,4.5,1.85,1.85,2.025,4.0,1.98,1.875,3.1,1.85,3.2,1.91,4.0,1.81,1.8,1.85,1.83,4.0,3.25,1.86,3.1,-0.5,-0.5,3.2,4.0,3.25,1.91,3.3,1.9,1.95,1.91,Newcastle,Everton,Newcastle_Everton_2004
148,2.38,0.0,2.6,2.3,2.8,1.95,1.75,2.075,2.6,2.04,1.825,3.0,1.8,3.2,2.45,2.62,1.95,2.37,2.35,2.5,2.75,3.2,1.8,3.1,0.0,0.0,3.2,2.75,3.1,2.5,3.25,2.7,2.0,1.85,Tottenham,Middlesbrough,Tottenham_Middlesbrough_2004
149,1.29,-1.25,9.5,7.0,9.5,1.75,1.95,1.95,9.0,1.92,1.95,4.0,1.95,4.5,1.35,8.0,1.95,1.28,1.3,1.33,9.0,4.5,1.92,4.5,-1.25,-1.25,4.33,9.0,4.5,1.3,4.4,1.35,1.85,1.85,Arsenal,Birmingham,Arsenal_Birmingham_2004
150,2.38,0.0,2.75,2.5,2.75,2.05,1.65,1.775,2.6,2.06,2.125,3.0,1.65,3.1,2.5,2.6,2.05,2.4,2.3,2.5,2.8,3.2,1.78,3.1,0.0,-0.25,3.2,2.9,3.2,2.38,3.1,2.5,2.2,1.75,Aston Villa,Liverpool,Aston Villa_Liverpool_2004
151,2.25,0.0,2.75,2.7,2.75,1.95,1.75,1.775,2.75,2.08,2.125,3.0,1.7,3.0,2.45,2.7,2.05,2.37,2.5,2.5,2.85,3.2,1.76,3.0,0.0,-0.25,3.2,2.7,3.2,2.38,3.15,2.3,2.1,1.77,Blackburn,Tottenham,Blackburn_Tottenham_2004
152,1.4,-1.0,7.0,6.0,7.5,1.9,1.79,1.925,7.0,1.94,1.975,3.9,1.75,3.5,1.5,6.5,1.9,1.44,1.5,1.44,7.0,3.8,1.98,3.6,-1.0,-1.0,3.75,6.75,4.0,1.44,3.7,1.4,2.05,1.9,Chelsea,Newcastle,Chelsea_Newcastle_2004
153,1.91,-0.25,3.5,3.5,3.75,2.0,1.71,2.05,3.5,1.94,1.85,3.1,1.65,3.1,2.1,3.6,1.95,2.0,2.15,2.0,3.4,3.2,1.9,2.87,-0.25,-0.25,3.2,3.2,3.2,2.0,3.2,1.9,2.2,1.85,Everton,Bolton,Everton_Bolton_2004
154,1.2,-1.5,10.5,10.0,13.0,1.71,2.0,2.1,11.0,2.02,1.8,5.0,2.05,5.5,1.25,9.5,2.0,1.22,1.22,1.22,11.0,5.0,1.82,5.0,-1.5,-1.5,5.0,9.75,5.5,1.25,5.3,1.2,1.75,1.8,Man United,Southampton,Man United_Southampton_2004
155,2.2,0.0,2.88,2.9,2.87,2.0,1.71,2.15,2.75,1.8,1.75,3.0,1.8,3.1,2.4,2.8,2.0,2.3,2.45,2.37,2.95,3.2,2.04,3.0,-0.25,0.0,3.25,2.7,3.25,2.3,3.1,2.2,2.0,1.8,Norwich,Fulham,Norwich_Fulham_2004
156,1.62,-0.5,4.33,3.8,4.33,1.95,1.75,1.9,4.5,1.86,2.0,3.1,1.8,3.2,1.9,4.33,1.81,1.83,1.75,1.83,4.1,3.25,1.98,2.87,-0.5,-0.5,3.5,4.6,3.3,1.8,3.25,1.8,2.0,1.9,Portsmouth,West Brom,Portsmouth_West Brom_2004
157,2.38,0.0,2.75,2.7,2.9,1.95,1.75,2.075,2.6,2.04,1.825,3.0,1.7,3.2,2.4,2.75,2.0,2.3,2.4,2.37,2.9,3.2,1.8,3.1,0.0,0.0,3.2,2.7,3.2,2.38,3.15,2.3,2.1,1.8,Crystal Palace,Charlton,Crystal Palace_Charlton_2004
158,1.8,-0.5,4.2,3.6,4.5,1.95,1.75,1.9,4.0,1.86,2.0,3.1,1.75,3.2,1.9,3.75,1.81,1.83,1.85,1.83,4.1,3.2,1.98,3.2,-0.5,-0.5,3.2,4.0,3.25,1.83,3.25,1.85,2.05,1.9,Middlesbrough,Man City,Middlesbrough_Man City_2004
159,2.2,-0.25,3.0,2.6,3.0,2.0,1.71,1.8,2.8,1.78,2.1,3.0,1.66,3.15,2.4,2.75,1.75,2.25,2.15,2.3,2.9,3.2,2.06,3.2,-0.25,-0.25,3.2,3.15,3.25,2.3,3.15,2.4,2.15,2.05,Crystal Palace,Blackburn,Crystal Palace_Blackburn_2004
160,2.38,0.0,2.7,2.5,2.62,2.0,1.71,1.9,2.75,1.88,2.0,3.0,1.65,3.15,2.6,2.5,1.9,2.5,2.55,2.6,2.75,3.2,1.96,3.1,0.0,0.0,3.0,2.55,3.2,2.5,3.0,2.5,2.2,1.9,Everton,Liverpool,Everton_Liverpool_2004
161,2.1,-0.25,3.4,2.9,3.4,2.05,1.65,2.05,3.0,2.02,1.85,3.0,1.65,3.2,2.15,2.9,1.95,2.15,2.0,2.1,3.25,3.25,1.82,3.2,-0.25,-0.25,3.2,3.45,3.25,2.1,3.25,2.2,2.2,1.85,Man City,Tottenham,Man City_Tottenham_2004
162,1.57,-1.0,6.0,4.6,6.5,1.71,2.0,2.025,5.0,1.98,1.875,3.4,2.0,3.6,1.57,5.5,1.95,1.57,1.6,1.57,6.5,3.6,1.86,3.3,-1.0,-1.0,3.5,5.0,3.5,1.57,3.5,1.6,1.8,1.85,Newcastle,Portsmouth,Newcastle_Portsmouth_2004
163,2.5,0.25,2.6,2.5,2.5,1.95,1.75,1.775,2.5,1.78,2.125,3.0,1.8,3.15,2.65,2.4,2.0,2.6,2.55,2.75,2.55,3.2,2.06,3.1,0.0,0.0,3.2,2.55,3.2,2.6,3.2,2.5,2.0,1.75,Norwich,Bolton,Norwich_Bolton_2004
164,2.75,0.0,2.4,2.3,2.4,1.95,1.75,1.775,2.25,1.74,2.125,3.0,1.7,3.2,2.85,2.2,1.75,2.8,2.9,2.87,2.4,3.2,2.1,3.2,0.0,0.0,3.2,2.25,3.2,2.88,3.2,2.7,2.1,2.05,Southampton,Middlesbrough,Southampton_Middlesbrough_2004
165,2.5,0.0,2.7,2.5,2.8,1.95,1.75,2.125,2.5,2.12,1.775,3.0,1.66,3.2,2.5,2.5,2.05,2.5,2.2,2.5,2.7,3.2,1.72,3.1,0.0,0.0,3.2,3.0,3.1,2.5,3.2,2.5,2.15,1.75,West Brom,Charlton,West Brom_Charlton_2004
166,2.5,-0.25,2.8,2.7,2.8,1.95,1.75,1.775,2.62,1.78,2.125,2.9,1.7,3.15,2.7,2.8,1.83,2.3,2.25,2.5,3.0,3.1,2.14,3.0,-0.25,-0.25,2.88,2.95,3.1,2.5,3.33,2.4,2.1,1.97,Arsenal,Chelsea,Arsenal_Chelsea_2004
167,1.8,-0.5,4.0,3.5,4.0,2.05,1.65,1.925,4.0,1.86,1.975,3.1,1.61,3.2,1.97,4.0,1.76,1.83,1.9,2.0,3.75,3.25,1.98,3.0,-0.5,-0.5,3.2,3.8,3.1,1.91,3.3,1.9,2.25,1.97,Aston Villa,Birmingham,Aston Villa_Birmingham_2004
168,6.5,1.0,1.62,1.6,1.57,1.85,1.85,1.725,1.44,,2.175,3.4,1.9,3.5,5.75,1.53,2.0,5.5,5.2,6.5,1.6,3.6,,3.5,,0.75,3.6,1.6,3.5,5.5,3.6,4.6,1.9,1.75,Fulham,Man United,Fulham_Man United_2004
169,1.44,-1.25,7.0,5.4,7.5,1.9,1.79,1.95,6.5,1.9,1.95,3.8,1.85,3.7,1.47,6.0,1.8,1.5,1.45,1.44,7.5,3.75,1.94,3.4,-1.25,-1.25,3.6,7.0,4.0,1.5,3.75,1.45,1.95,2.0,Liverpool,Portsmouth,Liverpool_Portsmouth_2004
170,1.73,-0.75,5.0,3.8,5.0,2.05,1.65,1.9,4.33,1.88,2.0,3.1,1.66,3.2,1.8,4.2,1.85,1.8,1.7,1.8,4.7,3.3,1.96,3.0,-0.75,-0.75,3.2,5.0,3.1,1.73,3.25,1.8,2.15,1.95,Birmingham,West Brom,Birmingham_West Brom_2004
171,2.8,0.0,2.38,2.3,2.5,2.05,1.65,1.8,2.2,1.82,2.1,3.0,1.66,3.2,2.85,2.25,1.8,2.8,2.9,2.75,2.4,3.2,2.02,3.1,0.0,0.0,3.2,2.25,3.2,2.88,3.25,2.7,2.15,2.0,Blackburn,Everton,Blackburn_Everton_2004
172,2.0,-0.25,3.4,3.1,3.25,2.0,1.71,2.075,3.2,2.0,1.825,3.0,1.8,3.2,2.2,3.2,1.95,2.0,2.1,2.2,3.2,3.25,1.84,3.2,-0.25,-0.25,3.2,3.2,3.2,2.1,3.25,2.1,2.0,1.85,Bolton,Man City,Bolton_Man City_2004
173,1.17,-1.75,17.0,9.5,15.0,1.65,2.05,2.05,12.0,2.0,1.85,4.8,2.1,5.4,1.2,12.0,2.0,1.16,1.2,1.16,16.0,6.0,1.84,5.5,-1.75,-1.75,5.5,12.0,6.5,1.17,5.5,1.22,1.7,1.8,Chelsea,Norwich,Chelsea_Norwich_2004
174,1.17,-1.75,12.0,9.5,13.0,1.6,2.15,2.0,12.0,2.0,1.9,4.8,2.05,5.4,1.23,10.0,1.9,1.22,1.2,1.22,13.0,5.5,1.92,4.8,-1.75,-1.75,5.5,12.0,5.5,1.22,5.25,1.22,1.75,1.9,Man United,Crystal Palace,Man United_Crystal Palace_2004
175,1.83,-0.5,4.0,3.5,4.33,1.95,1.75,2.175,3.75,1.84,1.725,3.1,1.75,3.15,2.0,3.5,1.72,1.9,2.0,1.9,3.6,3.25,2.0,3.2,-0.5,-0.25,3.2,3.5,3.1,1.91,3.3,1.9,2.05,2.0,Middlesbrough,Aston Villa,Middlesbrough_Aston Villa_2004
176,1.62,-0.5,5.0,4.2,5.0,1.95,1.75,1.8,5.0,1.78,2.1,3.2,1.8,3.25,1.75,4.2,1.97,1.72,1.75,1.72,5.0,3.3,2.06,3.25,-0.75,-0.75,3.25,4.5,3.4,1.73,3.25,1.7,2.0,1.75,Tottenham,Southampton,Tottenham_Southampton_2004
177,1.73,-0.5,4.33,4.0,4.33,1.95,1.75,1.95,4.0,1.9,1.95,3.2,1.75,3.25,1.91,3.75,1.82,1.83,1.75,1.9,4.2,3.25,1.94,3.2,-0.5,-0.5,3.4,4.5,3.1,1.83,3.2,1.75,2.05,1.91,Liverpool,Newcastle,Liverpool_Newcastle_2004
178,5.0,1.0,1.62,1.65,1.57,1.85,1.85,2.0,1.57,1.92,1.9,3.3,2.0,3.5,6.0,1.53,1.9,5.5,5.25,6.5,1.6,3.4,1.92,3.5,1.0,1.0,3.5,1.6,3.5,6.0,3.5,4.4,1.8,1.9,Portsmouth,Arsenal,Portsmouth_Arsenal_2004
179,1.91,-0.25,3.4,3.1,3.75,2.05,1.65,2.025,3.5,1.75,1.875,3.0,1.7,3.15,2.05,3.5,2.05,1.9,2.0,2.0,3.6,3.25,2.1,3.2,-0.5,-0.25,3.2,3.5,3.2,2.1,3.2,2.1,2.1,1.7,Charlton,Fulham,Charlton_Fulham_2004
180,1.25,-1.5,11.0,9.0,13.0,2.15,1.6,2.05,10.0,1.98,1.85,4.5,2.25,5.0,1.26,9.5,2.0,1.22,1.25,1.25,12.0,4.75,1.86,5.0,-1.5,-1.5,4.5,10.0,5.0,1.29,5.0,1.25,1.61,1.8,Arsenal,Fulham,Arsenal_Fulham_2004
181,2.38,0.0,2.6,2.7,2.62,1.75,1.95,2.075,2.75,2.02,1.825,2.9,1.75,3.1,2.55,2.5,2.0,2.5,2.4,2.62,2.65,3.2,1.82,3.1,0.0,0.0,3.0,2.75,3.2,2.6,3.25,2.4,2.05,1.8,Birmingham,Middlesbrough,Birmingham_Middlesbrough_2004
182,2.5,0.0,2.6,2.7,2.6,1.79,1.9,1.975,2.5,1.96,1.925,2.9,1.8,3.1,2.6,2.37,1.95,2.62,2.4,2.6,2.6,3.2,1.88,3.1,0.0,0.0,3.2,2.75,3.25,2.6,3.2,2.4,2.0,1.85,Blackburn,Newcastle,Blackburn_Newcastle_2004
183,1.3,-1.5,11.0,8.5,12.0,2.05,1.65,2.0,9.0,2.04,1.9,4.3,2.1,4.5,1.3,8.5,1.95,1.28,1.3,1.3,10.0,4.75,1.88,4.33,-1.5,-1.5,4.0,9.0,4.5,1.29,4.75,1.27,1.7,1.85,Chelsea,Aston Villa,Chelsea_Aston Villa_2004
184,2.38,0.0,2.8,2.7,2.75,1.75,1.95,2.075,2.6,2.04,1.825,2.9,1.7,3.15,2.5,2.62,2.0,2.37,2.35,2.5,2.72,3.25,1.8,3.1,0.0,0.0,3.2,2.8,3.2,2.4,3.2,2.4,2.1,1.8,Crystal Palace,Portsmouth,Crystal Palace_Portsmouth_2004
185,1.8,-0.5,4.0,3.6,4.0,1.71,2.0,1.8,4.0,1.78,2.1,3.1,1.6,3.2,1.95,3.75,1.77,1.83,1.8,1.9,3.9,3.25,2.06,3.2,-0.5,-0.5,3.2,4.3,3.25,1.91,3.25,1.85,2.3,1.95,Everton,Man City,Everton_Man City_2004
186,1.29,-1.5,9.0,7.0,10.0,2.15,1.6,2.125,9.0,1.82,1.775,4.0,2.3,4.2,1.33,8.0,1.85,1.33,1.35,1.28,9.5,4.5,2.02,4.0,-1.5,1.25,4.33,8.25,5.0,1.33,4.5,1.35,1.6,1.95,Man United,Bolton,Man United_Bolton_2004
187,2.75,0.0,2.3,2.2,2.3,1.71,2.0,1.925,2.25,1.72,1.925,3.0,1.7,3.1,2.85,2.25,1.75,2.75,2.75,3.0,2.4,3.25,2.12,3.2,0.0,0.25,3.2,2.4,3.25,2.9,3.25,2.9,2.1,2.1,Norwich,Tottenham,Norwich_Tottenham_2004
188,2.4,0.0,2.8,2.7,2.6,1.75,1.95,2.175,2.5,2.1,1.725,2.9,1.75,3.1,2.4,2.62,2.1,2.37,2.25,2.6,2.85,3.25,1.74,3.1,0.0,0.0,3.25,3.0,3.25,2.4,3.25,2.4,2.05,1.75,Southampton,Charlton,Southampton_Charlton_2004
189,6.0,0.75,1.57,1.7,1.66,1.75,1.95,1.825,1.5,1.78,2.075,3.2,1.75,3.3,5.75,1.66,1.8,4.5,5.15,5.5,1.67,3.6,2.06,3.3,0.75,0.75,3.4,1.65,3.4,6.0,3.3,4.2,2.05,2.0,West Brom,Liverpool,West Brom_Liverpool_2004
190,4.0,0.5,1.83,1.7,1.72,2.0,1.71,1.8,1.73,1.76,2.1,3.2,1.8,3.2,4.5,1.8,1.8,3.75,4.0,4.75,1.8,3.4,2.08,3.3,0.5,0.5,3.4,1.85,3.5,4.2,3.3,4.2,2.0,1.9,Aston Villa,Man United,Aston Villa_Man United_2004
191,1.91,-0.5,4.0,3.0,3.75,2.0,1.71,1.775,3.5,1.78,2.125,2.9,1.75,3.05,1.95,3.5,1.74,1.9,1.9,2.0,3.75,3.25,2.06,3.2,-0.5,-0.5,3.2,4.0,3.2,1.91,3.3,2.2,2.05,2.0,Bolton,Blackburn,Bolton_Blackburn_2004
192,2.25,0.0,2.6,2.5,2.6,2.05,1.65,1.75,2.75,2.04,2.15,3.0,1.65,3.2,2.6,2.5,2.0,2.5,2.5,2.62,2.6,3.2,1.8,3.1,0.0,-0.25,3.2,2.55,3.2,2.6,3.25,2.5,2.2,1.8,Charlton,Everton,Charlton_Everton_2004
193,2.2,0.0,3.0,2.7,2.9,2.05,1.65,1.8,2.8,1.78,2.1,2.9,1.65,3.1,2.3,2.75,2.05,2.25,2.2,2.37,3.0,3.25,2.06,3.2,-0.25,-0.25,3.2,3.1,3.2,2.3,3.2,2.4,2.2,1.7,Fulham,Birmingham,Fulham_Birmingham_2004
194,1.33,-1.5,9.0,7.0,9.0,1.71,2.0,1.875,9.0,1.8,2.025,4.0,2.0,4.5,1.36,8.0,1.65,1.36,1.3,1.36,9.0,4.2,2.04,3.75,-1.5,-1.5,3.75,9.0,4.33,1.36,4.33,1.35,1.8,1.91,Liverpool,Southampton,Liverpool_Southampton_2004
195,1.53,-1.25,6.5,4.8,6.5,1.79,1.9,2.15,5.5,1.82,1.75,3.5,1.95,3.55,1.53,5.5,1.8,1.53,1.5,1.53,6.75,3.6,2.02,3.5,-1.25,-1.0,3.5,6.5,3.75,1.53,3.6,1.55,1.85,2.0,Man City,West Brom,Man City_West Brom_2004
196,1.5,-1.25,7.0,5.4,7.0,1.79,1.9,2.125,6.0,2.1,1.775,3.8,1.95,3.6,1.5,6.5,1.72,1.44,1.45,1.5,7.0,3.75,1.74,3.6,-1.0,-1.0,3.4,7.5,3.75,1.5,3.7,1.45,1.85,2.02,Middlesbrough,Norwich,Middlesbrough_Norwich_2004
197,6.5,1.0,1.53,1.6,1.53,1.9,1.79,2.0,1.44,1.96,1.9,3.4,1.95,3.45,6.75,1.5,1.9,6.0,6.0,6.5,1.55,3.6,1.88,3.4,1.0,1.0,3.6,1.55,3.75,6.5,3.5,4.6,1.85,1.9,Portsmouth,Chelsea,Portsmouth_Chelsea_2004
198,1.57,-1.0,6.5,4.4,6.5,1.79,1.9,2.05,5.0,1.98,1.85,3.3,1.95,3.7,1.55,5.5,2.0,1.53,1.45,1.57,6.75,3.6,1.86,3.5,-1.0,-1.0,3.5,6.75,3.5,1.53,3.5,1.65,1.85,1.8,Tottenham,Crystal Palace,Tottenham_Crystal Palace_2004
199,3.5,0.5,1.91,1.9,1.9,1.79,1.9,1.95,1.83,1.88,1.95,3.1,2.0,3.2,4.0,1.8,1.9,3.75,4.3,3.75,1.9,3.4,1.96,3.3,0.5,0.5,3.4,1.8,3.5,3.75,3.3,3.5,1.8,1.81,Newcastle,Arsenal,Newcastle_Arsenal_2004
200,1.8,-0.5,4.5,3.2,4.33,2.05,1.65,1.875,4.0,1.86,2.025,3.1,1.61,3.2,1.8,3.75,1.9,1.8,1.75,1.9,4.33,3.3,1.98,3.3,-0.5,-0.5,3.2,4.6,3.1,1.8,3.4,2.0,2.2,1.8,Aston Villa,Blackburn,Aston Villa_Blackburn_2004
201,1.73,-0.75,5.5,4.2,5.5,1.9,1.79,2.1,4.33,1.82,1.8,3.2,1.75,3.5,1.65,5.0,2.0,1.61,1.55,1.66,5.25,3.4,2.02,3.3,-1.0,-0.75,3.2,5.75,3.4,1.67,3.5,1.7,2.05,1.8,Bolton,West Brom,Bolton_West Brom_2004
202,6.0,1.0,1.57,1.6,1.61,1.75,1.95,2.1,1.5,2.08,1.8,3.4,1.95,3.7,6.0,1.57,2.0,5.5,7.0,6.0,1.6,3.6,1.76,3.3,1.0,1.0,3.4,1.45,3.4,6.0,3.5,4.6,1.85,1.8,Charlton,Arsenal,Charlton_Arsenal_2004
203,1.91,-0.5,4.0,3.5,3.75,1.95,1.75,1.9,3.5,1.88,2.0,3.1,1.75,3.2,1.9,3.5,1.81,1.9,1.85,2.0,4.0,3.25,1.96,3.2,-0.5,-0.5,3.2,4.0,3.2,1.91,3.3,1.9,2.05,1.9,Fulham,Crystal Palace,Fulham_Crystal Palace_2004
204,2.75,0.25,2.2,2.2,2.25,2.15,1.6,2.025,2.25,2.0,1.875,3.0,1.66,3.1,2.95,2.2,1.95,2.8,3.1,3.1,2.3,3.25,1.84,3.2,0.25,0.25,3.2,2.2,3.2,3.1,3.25,2.9,2.15,1.85,Liverpool,Chelsea,Liverpool_Chelsea_2004
205,1.67,-0.75,4.75,4.2,5.0,2.0,1.71,1.85,4.5,1.84,2.05,3.2,1.75,3.25,1.73,4.33,1.85,1.7,1.75,1.72,4.8,3.4,2.0,3.3,-0.75,-0.75,3.25,4.5,3.4,1.73,3.4,1.7,2.05,1.95,Man City,Southampton,Man City_Southampton_2004
206,3.2,0.25,2.1,2.2,2.1,2.0,1.71,2.1,2.0,2.06,1.8,3.0,1.75,3.2,3.4,2.1,1.8,3.0,3.6,3.5,2.1,3.25,1.78,3.2,0.5,0.5,3.2,1.95,3.2,3.4,3.25,2.9,2.05,1.9,Middlesbrough,Man United,Middlesbrough_Man United_2004
207,1.83,-0.5,4.0,3.5,4.33,1.95,1.75,1.875,3.75,1.9,2.025,3.1,1.85,3.2,1.87,3.5,1.84,1.9,1.8,1.9,4.0,3.4,1.94,3.2,-0.5,-0.5,3.2,4.3,3.1,1.85,3.4,1.9,1.95,1.87,Newcastle,Birmingham,Newcastle_Birmingham_2004
208,1.62,-0.75,5.0,4.4,5.5,1.95,1.75,2.05,5.0,2.02,1.85,3.3,1.8,3.4,1.68,4.33,2.0,1.7,1.6,1.66,5.5,3.4,1.82,3.3,-0.75,-0.75,3.25,5.5,3.4,1.7,3.3,1.65,2.0,1.8,Portsmouth,Norwich,Portsmouth_Norwich_2004
209,2.2,-0.25,3.0,3.1,3.1,2.05,1.65,1.95,2.8,1.9,1.95,3.0,1.7,3.1,2.25,2.75,1.9,2.25,2.3,2.25,3.05,3.2,1.94,3.2,-0.25,-0.25,3.2,2.9,3.2,2.3,3.25,2.1,2.1,1.9,Tottenham,Everton,Tottenham_Everton_2004
210,2.25,-0.5,2.88,3.1,2.7,2.05,1.65,2.0,2.75,1.94,1.9,3.0,,3.0,2.3,2.62,1.54,2.3,2.25,2.3,2.9,3.2,1.9,3.2,-0.25,-0.25,3.2,3.1,3.2,2.38,3.3,2.1,,2.3,Blackburn,Charlton,Blackburn_Charlton_2004
211,2.5,0.5,2.5,2.5,2.5,2.05,1.65,1.85,2.4,1.78,2.05,3.0,,3.1,2.65,2.4,2.5,2.5,2.75,2.5,2.5,3.2,2.06,3.25,0.0,0.0,3.25,2.4,3.2,2.7,3.3,2.5,,1.47,Crystal Palace,Aston Villa,Crystal Palace_Aston Villa_2004
212,4.33,0.5,1.67,1.7,1.66,1.95,1.75,1.8,1.73,1.84,2.1,3.2,,3.2,5.5,1.66,1.65,5.0,5.0,4.33,1.65,3.4,2.0,3.1,0.75,0.75,3.2,1.7,3.4,5.5,3.4,4.2,,2.1,Norwich,Liverpool,Norwich_Liverpool_2004
213,3.4,0.5,1.91,1.9,1.83,1.85,1.85,1.925,1.91,1.9,1.975,3.1,,3.25,3.95,1.9,1.9,3.5,3.75,3.6,1.9,3.25,1.94,3.2,0.5,0.5,3.25,1.9,3.4,4.0,3.3,3.5,,1.8,West Brom,Newcastle,West Brom_Newcastle_2004
214,1.22,-0.5,10.0,9.0,9.0,1.65,2.05,1.9,10.0,1.88,2.0,4.5,2.05,4.5,1.3,8.0,3.22,1.25,1.3,1.28,10.0,5.0,1.96,5.0,-1.5,-1.5,5.0,9.0,4.5,1.29,4.75,1.25,1.75,1.3,Arsenal,Man City,Arsenal_Man City_2004
215,1.73,-0.5,4.2,3.6,4.0,2.05,1.65,1.975,4.33,1.92,1.925,3.1,1.66,3.2,1.85,3.75,1.87,1.8,1.85,1.8,4.3,3.4,1.92,3.3,-0.5,-0.5,3.2,4.0,3.25,1.83,3.3,1.85,2.15,1.85,Birmingham,Bolton,Birmingham_Bolton_2004
216,1.3,-1.5,8.5,6.0,7.5,1.95,1.75,2.05,8.0,2.0,1.85,3.9,1.85,3.7,1.37,8.0,1.64,1.36,1.45,1.36,9.0,4.33,1.84,3.75,-1.25,-1.25,4.33,7.0,4.0,1.36,4.2,1.4,1.95,1.93,Chelsea,Middlesbrough,Chelsea_Middlesbrough_2004
217,1.67,-0.5,4.75,4.0,4.33,2.0,1.71,1.975,4.5,1.96,1.925,3.2,1.66,3.2,1.73,4.0,1.98,1.72,1.75,1.72,4.75,3.4,1.88,3.4,-0.5,-0.5,3.25,4.6,3.25,1.73,3.4,1.75,2.15,1.73,Everton,Portsmouth,Everton_Portsmouth_2004
218,1.36,-1.5,8.5,6.0,7.5,1.85,1.85,1.85,8.0,1.82,2.05,3.9,1.9,4.0,1.4,6.5,1.58,1.44,1.4,1.4,8.0,4.0,2.02,3.6,-1.25,-1.25,3.75,7.25,3.75,1.4,4.1,1.4,1.9,2.02,Man United,Tottenham,Man United_Tottenham_2004
219,2.2,-0.5,2.88,2.9,2.62,2.0,1.71,1.825,2.8,1.78,2.075,3.0,1.7,3.1,2.3,2.5,1.54,2.37,2.3,2.37,2.9,3.2,2.06,3.3,-0.25,-0.25,3.2,2.9,3.2,2.38,3.3,2.2,2.1,2.3,Southampton,Fulham,Southampton_Fulham_2004
220,1.67,-0.75,5.5,4.4,5.0,1.95,1.75,1.95,4.5,1.92,1.95,3.3,1.7,3.4,1.7,4.5,1.9,1.66,1.6,1.72,5.25,3.4,1.92,3.3,-0.75,-0.75,3.25,5.5,3.4,1.67,3.35,1.65,2.1,1.9,Aston Villa,Norwich,Aston Villa_Norwich_2004
221,5.0,0.75,1.57,1.65,1.57,1.85,1.85,1.8,1.57,1.8,2.1,3.3,1.75,3.55,6.25,1.5,1.72,6.0,6.5,6.5,1.57,3.6,2.04,3.4,0.75,0.75,3.5,1.5,3.5,6.0,3.5,4.4,2.05,2.0,Bolton,Arsenal,Bolton_Arsenal_2004
222,2.0,-0.25,3.4,3.2,3.4,2.0,1.71,1.95,3.4,1.92,1.95,3.1,1.7,3.2,2.1,3.5,1.9,1.9,2.05,2.2,3.45,3.2,1.92,3.2,-0.25,-0.25,3.0,3.3,3.1,2.1,3.2,2.0,2.1,1.9,Charlton,Birmingham,Charlton_Birmingham_2004
223,2.38,0.0,2.6,2.5,2.6,2.05,1.65,2.025,2.75,1.98,1.875,3.0,1.65,3.1,2.85,2.5,1.92,2.62,2.4,2.62,2.85,3.2,1.86,2.9,0.0,0.0,3.0,2.75,3.2,2.6,3.3,2.5,2.2,1.88,Liverpool,Man United,Liverpool_Man United_2004
224,1.73,-0.75,5.0,4.2,5.0,1.9,1.79,2.0,4.33,2.02,1.9,3.2,1.8,3.2,1.7,4.5,1.92,1.66,1.7,1.72,5.3,3.4,1.82,3.3,-0.75,-0.75,3.2,5.0,3.4,1.7,3.3,1.7,2.0,1.88,Man City,Crystal Palace,Man City_Crystal Palace_2004
225,1.62,-1.0,6.0,4.6,6.5,1.79,1.9,1.95,5.0,1.92,1.95,3.4,1.95,3.5,1.6,5.5,1.9,1.57,1.55,1.57,6.5,3.6,1.92,3.3,-1.0,-1.0,3.25,5.75,3.5,1.57,3.3,1.6,1.85,1.9,Newcastle,Southampton,Newcastle_Southampton_2004
226,1.91,-0.25,3.5,3.1,3.4,2.05,1.65,2.025,3.4,2.0,1.875,3.0,1.65,3.2,2.1,3.3,2.0,1.95,1.95,2.2,3.45,3.25,1.84,3.2,-0.25,-0.25,3.25,3.6,3.1,2.05,3.2,2.1,2.2,1.8,Portsmouth,Blackburn,Portsmouth_Blackburn_2004
227,3.75,0.5,1.8,1.7,1.83,1.95,1.75,1.85,1.8,1.82,2.05,3.2,1.75,3.35,4.5,1.72,1.83,4.5,5.0,4.5,1.83,3.4,2.02,3.1,0.5,0.5,3.25,1.65,3.25,4.33,3.25,4.2,2.05,1.89,Tottenham,Chelsea,Tottenham_Chelsea_2004
228,1.73,-0.5,5.0,4.2,5.0,1.95,1.75,2.025,4.33,1.98,1.875,3.2,1.75,3.2,1.77,4.5,1.94,1.72,1.7,1.8,4.7,3.3,1.86,3.1,-0.5,-0.5,3.2,5.0,3.1,1.73,3.3,1.7,2.05,1.77,Fulham,West Brom,Fulham_West Brom_2004
229,2.1,-0.25,3.4,2.9,3.4,2.05,1.65,2.025,3.0,2.0,1.875,3.0,1.65,3.2,2.1,3.2,2.0,2.1,2.1,2.2,3.4,3.2,1.84,3.0,-0.25,-0.25,3.2,3.2,3.1,2.1,3.25,2.2,2.2,1.8,Middlesbrough,Everton,Middlesbrough_Everton_2004
230,1.8,-0.5,4.0,3.5,4.33,1.95,1.75,1.875,3.75,1.84,2.025,3.1,1.7,3.1,1.95,3.5,1.77,1.9,1.95,1.9,3.9,3.25,2.0,3.2,-0.5,-0.5,3.25,3.75,3.1,1.91,3.25,1.9,2.1,1.95,Birmingham,Fulham,Birmingham_Fulham_2004
231,1.2,-1.75,12.0,9.5,13.0,1.71,2.0,1.825,11.0,1.78,2.075,4.8,2.0,5.5,1.22,11.0,1.8,1.2,1.2,1.2,13.0,5.5,2.06,5.0,-1.75,-1.75,5.0,12.0,6.0,1.22,5.5,1.22,1.8,2.0,Chelsea,Portsmouth,Chelsea_Portsmouth_2004
232,3.0,0.25,2.2,2.1,2.25,2.0,1.71,1.95,2.1,1.92,1.95,3.0,1.6,3.2,3.1,2.15,1.9,3.0,3.45,3.1,2.25,3.2,1.92,3.1,0.25,0.25,3.2,2.0,3.2,3.2,3.2,3.1,2.3,1.9,Crystal Palace,Tottenham,Crystal Palace_Tottenham_2004
233,1.73,-0.5,4.33,3.8,4.33,2.0,1.71,1.925,4.33,1.88,1.975,3.1,1.6,3.2,1.85,3.8,1.86,1.8,1.85,1.83,4.25,3.25,1.96,3.25,-0.5,-0.5,3.2,4.0,3.3,1.83,3.3,1.8,2.3,1.85,Everton,Charlton,Everton_Charlton_2004
234,1.33,-1.5,9.0,8.0,9.5,1.79,1.9,1.875,9.0,1.8,2.025,4.2,2.0,4.5,1.33,8.5,1.7,1.28,1.3,1.33,9.0,4.5,2.04,4.33,-1.5,-1.5,3.75,9.0,4.5,1.33,4.65,1.3,1.8,1.85,Man United,Aston Villa,Man United_Aston Villa_2004
235,3.0,0.25,2.2,2.2,2.25,1.95,1.75,1.975,2.1,1.96,1.925,3.0,1.7,3.1,3.1,2.25,1.95,2.8,3.45,3.1,2.25,3.25,1.86,3.1,0.25,0.25,3.2,2.05,3.2,3.1,3.2,2.9,2.1,1.85,Norwich,Middlesbrough,Norwich_Middlesbrough_2004
236,4.0,0.5,1.83,1.9,1.83,2.0,1.71,1.825,1.8,1.8,2.075,3.1,1.61,3.2,4.5,1.72,1.83,4.33,5.0,4.5,1.83,3.25,2.04,3.2,0.5,0.5,3.2,1.7,3.25,4.33,3.25,3.5,2.25,1.89,Southampton,Liverpool,Southampton_Liverpool_2004
237,2.8,0.25,2.3,2.3,2.3,1.95,1.75,2.0,2.2,1.96,1.9,3.0,1.66,3.1,3.0,2.2,1.95,2.87,3.0,3.0,2.3,3.2,1.88,3.1,0.25,0.25,3.2,2.25,3.25,3.0,3.2,2.7,2.15,1.85,West Brom,Man City,West Brom_Man City_2004
238,1.44,-1.0,7.5,6.0,7.5,1.65,2.05,2.025,6.5,2.0,1.875,3.9,2.0,3.6,1.45,8.0,2.0,1.4,1.45,1.44,8.0,4.0,1.84,3.5,-1.0,-1.0,3.6,7.5,4.0,1.44,3.85,1.4,1.8,1.8,Arsenal,Newcastle,Arsenal_Newcastle_2004
239,2.2,-0.25,3.1,3.0,3.1,1.95,1.75,1.825,2.8,1.82,2.075,2.9,1.65,3.1,2.3,2.87,1.78,2.25,2.15,2.3,3.0,3.2,2.02,3.0,-0.25,-0.25,3.2,3.2,3.1,2.25,3.2,2.2,2.2,2.02,Blackburn,Bolton,Blackburn_Bolton_2004
240,2.1,-0.25,3.1,2.9,3.2,2.05,1.65,1.825,3.0,1.8,2.075,3.0,1.6,3.2,2.45,3.0,1.8,2.2,2.0,2.25,3.5,3.2,2.04,3.0,-0.25,-0.25,3.2,3.45,3.1,2.25,3.25,2.2,2.3,2.0,Arsenal,Man United,Arsenal_Man United_2004
241,2.1,-0.25,3.0,2.9,2.87,2.05,1.65,2.0,3.0,1.94,1.9,3.0,1.55,3.2,2.4,2.75,1.9,2.25,2.4,2.37,2.85,3.2,1.9,3.2,-0.25,-0.25,3.2,2.7,3.25,2.3,3.2,2.2,2.4,1.9,Bolton,Tottenham,Bolton_Tottenham_2004
242,2.75,0.0,2.4,2.6,2.4,2.05,1.65,1.75,2.38,1.74,2.15,3.0,1.65,3.1,2.75,2.3,1.75,2.62,2.9,2.87,2.45,3.25,2.1,3.2,0.0,0.0,3.0,2.3,3.2,2.8,3.25,2.4,2.2,2.05,Charlton,Liverpool,Charlton_Liverpool_2004
243,2.38,0.0,2.7,2.6,2.62,2.05,1.65,2.025,2.6,2.0,1.875,3.0,1.7,3.15,2.55,2.5,2.0,2.4,2.5,2.6,2.65,3.2,1.84,3.25,0.0,0.0,3.2,2.6,3.2,2.5,3.25,2.4,2.1,1.8,Portsmouth,Middlesbrough,Portsmouth_Middlesbrough_2004
244,2.2,-0.25,3.0,2.9,3.25,2.05,1.65,1.95,2.8,1.86,1.95,3.0,1.7,3.1,2.3,2.8,1.8,2.25,2.2,2.2,3.05,3.2,1.98,3.1,-0.25,-0.25,3.2,3.1,3.2,2.3,3.2,2.2,2.1,2.0,West Brom,Crystal Palace,West Brom_Crystal Palace_2004
245,1.8,-0.5,4.0,3.8,4.33,2.05,1.65,1.85,4.0,1.84,2.05,3.1,1.65,3.3,2.0,3.75,1.73,1.8,1.85,1.9,3.75,3.4,2.0,3.3,-0.5,-0.5,3.2,3.9,3.1,1.85,3.2,1.8,2.2,2.0,Birmingham,Southampton,Birmingham_Southampton_2004
246,7.0,1.0,1.5,1.6,1.5,2.05,1.65,1.9,1.4,1.86,2.0,3.4,1.65,4.0,7.0,1.44,1.88,6.5,7.25,7.0,1.5,3.75,1.98,3.6,1.0,1.0,3.75,1.4,3.75,7.0,3.7,4.6,2.2,1.92,Blackburn,Chelsea,Blackburn_Chelsea_2004
247,1.5,-0.75,6.5,4.8,7.0,2.0,1.71,2.125,6.0,2.08,1.775,3.5,1.7,3.4,1.55,5.5,2.05,1.53,1.5,1.57,7.0,3.6,1.76,3.5,-0.75,-0.75,3.4,7.0,3.4,1.53,3.5,1.55,2.1,1.75,Everton,Norwich,Everton_Norwich_2004
248,2.2,-0.25,3.1,3.1,3.1,2.0,1.71,1.825,2.8,1.8,2.075,3.0,1.7,3.1,2.3,2.87,1.8,2.2,2.3,2.25,3.05,3.2,2.04,3.1,-0.25,-0.25,3.2,2.9,3.2,2.25,3.2,2.1,2.1,2.0,Fulham,Aston Villa,Fulham_Aston Villa_2004
249,2.25,0.0,3.0,2.7,2.87,1.95,1.75,2.05,2.75,2.02,1.85,3.0,1.75,3.2,2.4,2.75,2.0,2.25,2.25,2.37,2.85,3.25,1.82,3.2,0.0,0.0,3.2,2.9,3.25,2.3,3.2,2.3,2.05,1.8,Man City,Newcastle,Man City_Newcastle_2004
250,4.33,0.75,1.73,1.7,1.8,2.0,1.71,2.15,1.73,2.06,1.75,3.2,1.7,3.4,4.9,1.61,2.0,5.0,5.0,4.5,1.7,3.4,1.78,3.3,0.75,0.75,3.2,1.65,3.4,4.75,3.45,4.2,2.1,1.8,Aston Villa,Arsenal,Aston Villa_Arsenal_2004
251,2.38,0.0,2.7,2.6,2.75,1.95,1.75,2.025,2.6,1.98,1.875,3.0,1.6,3.1,2.55,2.5,2.0,2.5,2.4,2.5,2.6,3.2,1.86,3.1,0.0,0.0,3.2,2.75,3.25,2.5,3.3,2.4,2.3,1.8,Crystal Palace,Bolton,Crystal Palace_Bolton_2004
252,1.53,-1.0,6.5,5.0,7.0,1.85,1.85,2.05,6.0,2.0,1.85,3.7,1.66,3.75,1.51,6.0,1.95,1.5,1.45,1.5,7.0,3.6,1.84,3.4,-1.0,-1.0,3.25,7.0,3.75,1.53,3.6,1.5,2.15,1.85,Liverpool,Fulham,Liverpool_Fulham_2004
253,1.25,-1.5,11.0,8.5,10.0,1.71,2.0,2.05,10.0,2.02,1.85,4.3,2.0,4.5,1.3,10.0,1.78,1.25,1.3,1.28,11.0,4.75,1.82,4.5,-1.5,-1.5,4.5,9.0,5.0,1.29,4.5,1.27,1.8,1.77,Man United,Birmingham,Man United_Birmingham_2004
254,1.73,-0.5,4.5,3.8,4.5,2.0,1.71,2.025,4.33,1.76,1.875,3.1,1.65,3.2,1.77,4.5,1.95,1.8,1.7,1.8,4.85,3.3,2.08,2.9,-0.75,-0.5,3.2,5.0,3.4,1.8,3.25,1.8,2.2,1.77,Middlesbrough,Blackburn,Middlesbrough_Blackburn_2004
255,1.8,-0.5,4.33,3.8,4.5,1.95,1.75,2.05,4.0,1.98,1.85,3.1,1.7,3.2,1.83,3.75,1.86,1.8,1.85,1.8,4.35,3.4,1.86,3.3,-0.5,-0.5,3.2,4.0,3.4,1.8,3.25,1.8,2.1,1.83,Newcastle,Charlton,Newcastle_Charlton_2004
256,2.2,-0.25,3.1,2.9,3.0,1.95,1.75,1.9,2.8,1.88,2.0,3.0,1.66,3.1,2.2,3.1,1.8,2.1,2.2,2.3,3.2,3.25,1.96,3.1,-0.25,-0.25,3.2,3.1,3.25,2.2,3.2,2.2,2.15,2.0,Norwich,West Brom,Norwich_West Brom_2004
257,1.73,-0.75,5.0,4.0,5.0,1.95,1.75,1.9,4.33,1.84,2.0,3.2,1.75,3.2,1.7,4.5,1.8,1.66,1.8,1.72,4.9,3.6,2.0,3.3,-0.75,-0.75,3.2,4.3,3.4,1.67,3.45,1.75,2.05,2.0,Tottenham,Portsmouth,Tottenham_Portsmouth_2004
258,1.2,-1.5,12.0,9.0,11.0,1.75,1.95,1.975,11.0,1.76,1.925,4.5,1.9,5.5,1.27,11.0,2.0,1.2,1.2,1.25,11.0,5.0,2.08,5.0,-1.75,-1.5,5.0,12.0,5.5,1.25,5.0,1.25,1.9,1.8,Chelsea,Man City,Chelsea_Man City_2004
259,2.6,0.0,2.6,2.5,2.63,2.05,1.65,2.0,2.38,2.0,1.9,3.0,1.6,3.1,2.6,2.4,2.0,2.6,2.55,2.63,2.55,3.2,1.84,3.1,0.0,0.0,3.2,2.6,3.2,2.6,3.3,2.5,2.3,1.8,Southampton,Everton,Southampton_Everton_2004
260,3.2,0.25,2.2,2.1,2.2,2.0,1.71,1.8,2.0,1.78,2.1,3.0,1.65,3.1,3.2,2.15,1.8,3.0,3.0,3.2,2.2,3.2,2.06,3.1,0.25,0.25,3.2,2.25,3.2,3.2,3.2,3.1,2.2,2.0,Birmingham,Liverpool,Birmingham_Liverpool_2004
261,1.8,-0.5,4.5,3.8,4.5,2.0,1.71,2.1,3.75,2.08,1.8,3.1,1.67,3.05,1.83,4.0,1.89,1.83,1.8,1.8,4.5,3.3,1.76,3.0,-0.5,-0.5,3.25,4.55,3.4,1.8,3.25,1.8,2.15,1.83,Blackburn,Norwich,Blackburn_Norwich_2004
262,1.91,-0.25,3.4,3.1,3.5,2.0,1.71,2.05,3.5,2.02,1.85,3.0,1.67,3.2,2.2,3.2,2.05,2.05,2.1,2.1,3.2,3.25,1.82,3.1,-0.25,-0.25,3.2,3.25,3.2,2.1,3.2,2.1,2.15,1.77,Bolton,Middlesbrough,Bolton_Middlesbrough_2004
263,4.0,0.5,1.8,1.8,1.83,2.05,1.65,2.125,1.8,2.08,1.775,3.0,1.65,3.2,4.75,1.72,1.8,4.33,5.0,4.5,1.8,3.3,1.76,3.2,0.75,0.75,3.2,1.7,3.25,4.5,3.2,4.0,2.2,1.91,Everton,Chelsea,Everton_Chelsea_2004
264,2.2,-0.25,3.1,3.1,3.0,2.0,1.71,1.85,2.8,1.82,2.05,3.0,1.67,3.2,2.25,3.0,1.8,2.1,2.25,2.3,3.1,3.2,2.02,3.2,-0.25,-0.25,3.2,2.9,3.25,2.25,3.2,2.1,2.15,2.0,Portsmouth,Aston Villa,Portsmouth_Aston Villa_2004
265,4.0,0.5,1.8,1.8,1.8,1.9,1.79,1.775,1.83,1.74,2.125,3.1,1.75,3.2,5.6,1.8,1.83,4.2,4.3,4.5,1.83,3.3,2.1,3.0,0.5,0.5,3.0,1.8,3.4,4.5,3.6,3.8,2.05,1.89,Man City,Man United,Man City_Man United_2004
266,1.25,-1.75,12.0,9.0,13.0,1.55,2.25,1.85,10.0,1.82,2.05,4.5,2.2,5.0,1.25,12.0,1.85,1.16,1.25,1.22,12.0,5.5,2.02,5.5,-1.75,-1.75,4.5,10.0,5.5,1.22,5.1,1.25,1.65,1.95,Arsenal,Crystal Palace,Arsenal_Crystal Palace_2004
267,2.1,-0.25,3.0,3.0,3.0,2.1,1.66,1.85,3.0,1.9,2.05,2.9,1.65,3.2,2.35,2.8,1.8,2.2,2.4,2.3,2.95,3.25,1.94,3.2,-0.25,-0.25,3.2,2.7,3.25,2.3,3.2,2.2,2.2,2.0,West Brom,Southampton,West Brom_Southampton_2004
268,2.25,-0.25,3.1,3.1,3.1,2.15,1.6,1.975,2.88,1.9,1.925,3.0,1.65,3.1,2.25,3.0,1.9,2.15,2.3,2.25,3.1,3.2,1.94,3.1,-0.25,-0.25,3.0,2.9,3.2,2.25,3.2,2.1,2.2,1.9,Aston Villa,Everton,Aston Villa_Everton_2004
269,2.25,0.0,2.7,2.6,2.62,2.0,1.71,1.975,2.75,1.94,1.925,3.0,1.66,3.05,2.55,2.6,1.9,2.4,2.5,2.6,2.65,3.2,1.9,3.1,0.0,0.0,3.2,2.7,3.2,2.5,3.2,2.4,2.15,1.9,Crystal Palace,Birmingham,Crystal Palace_Birmingham_2004
270,1.2,-1.5,12.0,10.0,13.0,1.65,2.05,2.049,11.0,2.06,1.85,5.0,2.05,5.35,1.25,11.0,2.0,1.2,1.2,1.22,12.0,5.5,1.78,5.0,-1.5,-1.5,5.0,12.0,5.5,1.22,5.2,1.2,1.75,1.8,Man United,Portsmouth,Man United_Portsmouth_2004
271,6.0,1.0,1.53,1.6,1.57,1.85,1.85,2.1,1.5,2.08,1.8,3.3,1.9,3.5,6.5,1.53,2.0,5.5,6.75,6.5,1.6,3.6,1.76,3.5,1.0,1.0,3.4,1.5,3.5,6.5,3.4,4.8,1.9,1.8,Southampton,Arsenal,Southampton_Arsenal_2004
272,1.8,-0.5,4.33,3.5,5.0,1.9,1.79,2.075,4.0,2.04,1.825,3.1,1.9,3.2,1.83,4.33,1.87,1.7,1.8,1.8,4.33,3.25,1.8,3.3,-0.5,-0.5,3.2,4.3,3.1,1.83,3.3,1.9,1.9,1.83,Tottenham,Fulham,Tottenham_Fulham_2004
273,1.8,-0.5,4.33,3.6,4.33,2.0,1.71,1.95,3.75,1.9,1.95,3.1,1.65,3.2,1.91,3.5,1.82,1.9,1.75,1.9,4.2,3.25,1.94,3.2,-0.5,-0.5,3.25,4.6,3.1,1.83,3.2,1.85,2.2,1.91,Middlesbrough,Charlton,Middlesbrough_Charlton_2004
274,1.8,-0.5,4.0,3.5,4.33,1.9,1.79,1.95,4.0,1.92,1.95,3.1,1.8,3.2,2.0,3.75,1.73,1.83,1.95,1.83,3.7,3.25,1.92,3.2,-0.5,-0.5,3.2,3.6,3.3,1.91,3.25,1.9,2.0,2.0,Newcastle,Bolton,Newcastle_Bolton_2004
275,2.38,0.0,2.6,2.7,2.62,2.0,1.71,2.0,2.6,,1.899,3.0,1.66,3.0,2.65,2.37,1.9,2.7,2.55,2.6,2.55,3.2,,3.0,,0.0,3.2,2.65,3.2,2.6,3.2,2.3,2.15,1.9,Norwich,Man City,Norwich_Man City_2004
276,1.29,-1.0,9.0,7.5,9.0,1.95,1.75,1.8,9.0,1.76,2.1,4.0,2.0,4.5,1.33,8.5,1.95,1.3,1.3,1.36,9.5,4.5,2.08,4.2,-1.25,-1.25,4.33,9.0,4.33,1.33,4.5,1.33,1.8,1.8,Arsenal,Portsmouth,Arsenal_Portsmouth_2004
277,2.2,0.0,3.0,2.9,3.0,1.71,2.0,1.9,2.8,1.84,2.0,3.0,1.65,3.2,2.35,2.87,2.2,2.2,2.25,2.3,2.95,3.2,2.0,3.1,-0.25,-0.25,3.2,2.9,3.25,2.3,3.2,2.2,2.2,1.6,Aston Villa,Middlesbrough,Aston Villa_Middlesbrough_2004
278,6.5,1.5,1.5,1.55,1.5,1.85,1.85,2.0,1.44,2.0,1.9,3.5,1.8,3.45,6.5,1.44,2.38,6.5,6.0,7.5,1.55,3.75,1.84,3.6,1.0,1.0,3.6,1.55,3.6,7.0,3.6,4.8,2.0,1.41,Crystal Palace,Man United,Crystal Palace_Man United_2004
279,2.25,0.0,3.0,2.7,3.0,1.71,2.0,1.85,2.75,1.82,2.05,3.0,1.65,3.2,2.3,2.75,2.15,2.3,2.25,2.3,3.0,3.2,2.02,3.1,-0.25,-0.25,3.2,2.9,3.25,2.3,3.25,2.3,2.2,1.65,Fulham,Charlton,Fulham_Charlton_2004
280,2.25,-0.25,2.8,2.6,2.87,1.75,1.95,2.15,2.75,2.1,1.75,3.0,1.6,3.1,2.5,2.75,1.7,2.3,2.45,2.4,2.75,3.25,1.74,3.1,0.0,0.0,3.2,2.7,3.2,2.4,3.2,2.4,2.3,2.05,Newcastle,Liverpool,Newcastle_Liverpool_2004
281,7.0,1.5,1.4,1.5,1.4,1.79,1.9,1.9,1.4,1.88,2.0,3.7,1.65,4.0,7.5,1.4,2.08,7.5,7.25,7.5,1.45,4.0,1.96,3.6,1.0,1.0,3.75,1.4,4.33,8.5,3.95,5.0,2.2,1.54,Norwich,Chelsea,Norwich_Chelsea_2004
282,2.38,0.0,2.7,2.7,2.75,1.71,2.0,1.825,2.6,1.78,2.075,2.9,1.65,3.1,2.5,2.5,2.15,2.5,2.4,2.5,2.75,3.2,2.06,3.1,-0.25,-0.25,3.2,2.75,3.2,2.5,3.2,2.4,2.2,1.65,Southampton,Tottenham,Southampton_Tottenham_2004
283,1.67,-0.25,5.0,4.2,5.0,1.65,2.05,2.05,5.0,1.98,1.85,3.2,1.55,3.2,1.75,4.5,2.45,1.66,1.7,1.72,4.85,3.4,1.86,3.3,-0.5,-0.5,3.2,5.0,3.4,1.7,3.35,1.7,2.37,1.5,Everton,Blackburn,Everton_Blackburn_2004
284,2.5,-0.25,2.6,2.5,2.5,1.65,2.05,1.95,2.62,1.9,1.95,3.0,1.55,3.1,2.6,2.5,1.55,2.5,2.65,2.75,2.6,3.2,1.94,3.1,0.0,0.0,2.88,2.5,3.2,2.6,3.25,2.5,2.37,2.3,West Brom,Birmingham,West Brom_Birmingham_2004
285,2.2,0.0,3.0,3.2,3.1,1.71,2.0,1.9,2.8,1.94,2.0,3.1,1.6,3.2,2.3,3.1,2.3,2.1,2.2,2.25,3.0,3.2,1.9,3.1,-0.25,-0.25,3.2,3.0,3.2,2.3,3.25,2.0,2.3,1.55,Man City,Bolton,Man City_Bolton_2004
286,1.17,-0.5,17.0,11.0,13.0,1.71,2.0,2.0,12.0,1.94,1.9,5.5,2.1,6.0,1.17,12.0,4.45,1.16,1.15,1.2,17.0,6.0,1.9,5.5,-1.75,-1.75,5.5,15.0,6.0,1.17,6.0,1.17,1.7,1.17,Chelsea,West Brom,Chelsea_West Brom_2004
287,2.2,-0.5,3.0,2.9,2.87,2.05,1.65,1.75,2.8,1.8,2.15,3.0,1.66,3.15,2.4,2.8,1.5,2.2,2.45,2.37,2.8,3.2,2.04,3.2,-0.25,-0.25,3.2,2.65,3.25,2.3,3.25,2.2,2.15,2.4,Charlton,Tottenham,Charlton_Tottenham_2004
288,1.62,-0.5,6.0,4.8,6.5,2.05,1.65,1.925,5.0,1.88,1.975,3.5,1.66,4.0,1.57,5.5,2.25,1.57,1.4,1.57,6.0,3.6,1.96,3.3,-1.0,-1.0,3.25,7.25,3.5,1.57,3.6,1.55,2.15,1.57,Liverpool,Blackburn,Liverpool_Blackburn_2004
289,5.0,0.5,1.8,1.75,1.8,1.95,1.75,2.125,1.67,2.06,1.775,3.2,1.66,3.4,4.5,1.6,1.8,4.8,5.0,4.5,1.8,3.4,1.78,3.4,0.75,0.75,3.2,1.65,3.4,4.33,3.33,4.0,2.15,1.91,Blackburn,Arsenal,Blackburn_Arsenal_2004
290,1.53,-0.75,6.0,4.8,6.0,2.0,1.71,2.1,5.5,2.08,1.8,3.5,1.8,3.4,1.62,5.5,2.08,1.57,1.6,1.57,5.75,3.6,1.76,3.3,-0.75,-0.75,3.5,5.5,3.6,1.57,3.5,1.55,2.0,1.75,Bolton,Norwich,Bolton_Norwich_2004
291,1.67,-0.75,5.5,4.6,5.5,1.9,1.79,1.975,4.5,1.92,1.925,3.4,1.8,3.4,1.67,5.0,1.9,1.57,1.6,1.66,5.25,3.4,1.92,3.5,-0.75,-0.75,3.25,5.5,3.4,1.67,3.45,1.6,2.0,1.9,Charlton,West Brom,Charlton_West Brom_2004
292,1.2,-1.75,15.0,10.0,13.0,1.75,1.95,1.9,11.0,1.84,2.0,5.0,2.1,5.5,1.2,12.0,1.8,1.16,1.18,1.2,15.0,5.5,2.0,5.5,-1.75,-1.75,5.0,14.0,6.0,1.2,5.5,1.2,1.7,2.0,Chelsea,Crystal Palace,Chelsea_Crystal Palace_2004
293,1.2,-1.5,11.0,9.0,13.0,1.65,2.05,1.975,11.0,1.96,1.925,4.5,2.1,5.5,1.25,9.5,1.9,1.22,1.2,1.25,11.0,5.2,1.88,5.0,-1.5,-1.5,5.0,12.0,5.0,1.25,5.3,1.25,1.7,1.9,Man United,Fulham,Man United_Fulham_2004
294,2.6,0.0,2.5,2.5,2.5,2.0,1.71,1.825,2.38,1.76,2.075,3.0,1.8,3.2,2.65,2.37,1.77,2.62,2.5,2.75,2.55,3.2,2.08,3.1,0.0,0.0,3.2,2.6,3.2,2.7,3.2,2.5,2.0,2.05,Portsmouth,Newcastle,Portsmouth_Newcastle_2004
295,1.8,-0.5,4.33,3.6,4.33,2.05,1.65,2.05,4.0,1.94,1.85,3.1,1.75,3.2,1.87,3.75,1.83,1.83,1.85,1.83,4.25,3.25,1.9,3.2,-0.5,-0.5,3.2,4.0,3.3,1.83,3.25,1.85,2.05,1.87,Tottenham,Man City,Tottenham_Man City_2004
296,2.38,-0.25,3.0,2.7,3.1,2.05,1.65,1.95,2.75,1.9,1.95,3.0,1.65,3.0,2.35,2.87,1.9,2.25,2.3,2.3,3.0,3.2,1.94,3.0,-0.25,-0.25,3.0,3.0,3.1,2.3,3.1,2.3,2.2,1.9,Birmingham,Aston Villa,Birmingham_Aston Villa_2004
297,1.8,-0.5,4.0,3.5,4.33,2.15,1.6,2.0,4.0,1.94,1.9,3.1,1.6,3.2,1.91,4.0,1.79,1.83,1.8,1.9,4.0,3.25,1.9,3.0,-0.5,-0.5,3.2,4.3,3.1,1.91,3.25,1.9,2.3,1.91,Liverpool,Everton,Liverpool_Everton_2004
298,1.73,-0.5,4.6,3.8,4.5,1.95,1.75,1.75,4.33,1.7,2.15,3.1,1.7,3.25,1.87,4.2,1.84,1.8,1.75,1.8,4.25,3.4,2.14,3.0,-0.75,-0.75,3.2,4.5,3.4,1.75,3.25,1.8,2.1,1.87,Middlesbrough,Southampton,Middlesbrough_Southampton_2004
299,1.14,-1.75,13.0,10.0,13.0,1.55,2.25,2.0,12.0,1.98,1.9,5.0,2.15,5.5,1.2,12.0,1.95,1.16,1.2,1.2,13.0,6.0,1.86,5.5,-1.75,-1.75,6.0,12.0,6.0,1.2,5.75,1.2,1.66,1.85,Arsenal,Norwich,Arsenal_Norwich_2004
300,2.2,0.0,2.88,2.7,2.9,2.05,1.65,2.175,2.8,1.76,1.725,3.0,1.61,3.1,2.33,2.8,2.05,2.2,2.3,2.37,2.9,3.2,2.08,3.2,-0.25,0.0,3.2,2.9,3.2,2.38,3.2,2.3,2.25,1.75,Birmingham,Tottenham,Birmingham_Tottenham_2004
301,1.8,-0.75,3.6,3.5,3.75,2.0,1.71,2.1,3.75,2.02,1.8,3.1,1.7,3.2,2.05,3.2,2.0,2.0,1.95,2.0,3.5,3.3,1.82,3.2,-0.25,-0.25,3.25,3.6,3.2,2.0,3.25,1.9,2.1,1.8,Charlton,Man City,Charlton_Man City_2004
302,2.2,0.0,2.8,2.7,2.9,2.0,1.71,2.1,2.8,2.08,1.8,3.0,1.66,3.2,2.4,2.62,2.0,2.37,2.4,2.37,2.85,3.25,1.76,3.1,0.0,0.0,3.2,2.7,3.2,2.4,3.2,2.3,2.15,1.8,Crystal Palace,Middlesbrough,Crystal Palace_Middlesbrough_2004
303,1.73,-0.5,4.6,3.8,4.5,2.05,1.65,1.875,4.33,1.92,2.025,3.1,1.65,3.2,1.83,4.2,1.87,1.72,1.7,1.83,4.33,3.4,1.92,3.25,-0.5,-0.5,3.2,5.0,3.25,1.75,3.3,1.8,2.2,1.83,Liverpool,Bolton,Liverpool_Bolton_2004
304,1.22,-1.5,10.0,8.5,10.0,1.79,1.9,1.975,10.0,1.9,1.925,4.3,1.95,4.5,1.27,9.5,1.9,1.22,1.3,1.28,10.0,5.0,1.94,5.0,-1.5,-1.5,5.0,9.0,5.0,1.29,5.0,1.27,1.85,1.9,Man United,Blackburn,Man United_Blackburn_2004
305,1.73,-0.75,4.75,4.2,5.0,1.95,1.75,1.95,4.33,1.94,1.95,3.2,1.8,3.4,1.7,4.5,1.9,1.66,1.65,1.72,5.1,3.4,1.9,3.3,-0.75,-0.75,3.2,5.0,3.4,1.73,3.3,1.7,2.0,1.9,Newcastle,Aston Villa,Newcastle_Aston Villa_2004
306,6.0,1.0,1.53,1.65,1.57,2.05,1.65,2.2,1.5,1.8,1.7,3.3,1.7,3.5,6.5,1.5,2.05,6.0,6.6,6.5,1.57,3.6,2.04,3.4,0.75,1.0,3.4,1.5,3.5,6.5,3.5,4.4,2.1,1.75,Southampton,Chelsea,Southampton_Chelsea_2004
307,2.1,-0.25,3.6,3.5,3.4,2.0,1.71,1.8,3.0,2.06,2.1,3.1,1.66,3.25,2.05,3.5,2.0,1.95,1.9,2.1,3.5,3.3,1.78,3.1,-0.25,-0.5,3.2,3.75,3.25,2.0,3.25,1.9,2.15,1.8,Fulham,Portsmouth,Fulham_Portsmouth_2004
308,2.6,0.25,2.38,2.4,2.5,2.05,1.65,2.125,2.38,1.74,1.775,3.0,1.65,3.2,2.9,2.37,2.0,2.62,3.0,2.75,2.4,3.2,2.1,3.1,0.0,0.25,3.2,2.2,3.2,2.88,3.1,2.6,2.2,1.8,West Brom,Everton,West Brom_Everton_2004
309,2.0,-0.5,3.8,3.5,3.5,2.05,1.65,1.85,3.2,1.8,2.05,3.1,1.7,3.1,2.0,3.5,1.67,1.95,1.95,2.1,3.5,3.25,2.04,3.1,-0.5,-0.5,3.2,3.75,3.2,1.95,3.2,1.9,2.1,2.0,Blackburn,Southampton,Blackburn_Southampton_2004
310,1.67,-0.5,4.75,4.0,5.0,2.05,1.65,2.1,4.5,2.04,1.8,3.2,1.66,3.4,1.75,4.2,1.9,1.72,1.65,1.72,4.5,3.4,1.8,3.25,-0.5,-0.5,3.25,5.0,3.4,1.73,3.3,1.75,2.15,1.75,Bolton,Fulham,Bolton_Fulham_2004
311,1.2,-1.5,12.0,8.5,11.0,1.9,1.79,1.85,11.0,1.84,2.05,4.3,1.8,5.5,1.25,10.0,1.85,1.25,1.2,1.25,10.0,5.5,2.0,4.5,-1.5,-1.5,5.0,12.0,5.5,1.22,5.0,1.27,2.0,1.95,Chelsea,Birmingham,Chelsea_Birmingham_2004
312,2.5,0.0,2.4,2.5,2.4,2.05,1.65,1.85,2.5,1.82,2.05,3.0,1.65,3.2,2.85,2.37,1.8,2.62,2.9,2.87,2.3,3.25,2.02,3.1,0.0,0.0,3.2,2.25,3.2,2.8,3.2,2.5,2.2,2.0,Man City,Liverpool,Man City_Liverpool_2004
313,4.33,0.75,1.73,1.75,1.8,1.85,1.85,1.95,1.73,1.88,1.95,3.2,1.9,3.4,4.7,1.61,1.9,5.0,5.0,5.0,1.72,3.4,1.96,3.3,0.75,0.75,3.2,1.65,3.1,4.75,3.3,4.0,1.9,1.9,Middlesbrough,Arsenal,Middlesbrough_Arsenal_2004
314,7.0,1.25,1.44,1.45,1.44,1.75,1.95,1.925,1.4,1.84,1.975,3.8,2.0,3.75,7.5,1.4,1.85,7.0,7.0,7.5,1.44,4.0,2.0,3.75,1.25,1.25,3.75,1.45,4.0,7.5,3.8,5.4,1.8,1.95,Norwich,Man United,Norwich_Man United_2004
315,2.25,-0.25,3.0,2.6,3.0,2.0,1.71,1.9,2.75,1.88,2.0,3.1,1.7,3.2,2.35,2.62,1.85,2.3,2.4,2.3,2.8,3.2,1.96,3.2,-0.25,-0.25,3.2,2.7,3.25,2.3,3.2,2.3,2.1,1.95,Portsmouth,Charlton,Portsmouth_Charlton_2004
316,1.8,-0.5,4.33,3.8,4.5,2.0,1.71,1.775,4.0,2.06,2.125,3.1,1.7,3.2,1.8,4.33,1.85,1.72,1.8,1.83,4.2,3.4,1.78,3.2,-0.5,-0.75,3.2,4.3,3.25,1.8,3.3,1.8,2.1,1.8,Aston Villa,West Brom,Aston Villa_West Brom_2004
317,1.62,-0.75,5.25,4.6,5.5,2.05,1.65,2.0,5.0,2.02,1.9,3.4,1.7,3.4,1.65,5.0,1.95,1.61,1.65,1.66,5.0,3.4,1.82,3.3,-0.75,-0.75,3.25,5.0,3.4,1.67,3.46,1.6,2.1,1.85,Everton,Crystal Palace,Everton_Crystal Palace_2004
318,2.0,-0.25,3.4,3.5,3.4,2.0,1.71,2.15,3.2,1.84,1.75,3.1,1.7,3.1,2.1,3.2,2.05,2.0,2.15,2.1,3.25,3.2,2.0,3.2,-0.5,-0.25,3.2,3.2,3.25,2.1,3.2,1.9,2.1,1.75,Tottenham,Newcastle,Tottenham_Newcastle_2004
319,1.8,-0.5,4.0,3.8,4.33,2.05,1.65,1.975,3.75,1.9,1.925,3.0,1.65,3.1,1.9,3.75,1.76,1.83,1.8,1.9,3.85,3.25,1.94,3.2,-0.5,-0.5,3.25,4.5,3.1,1.91,3.25,1.85,2.2,1.9,Birmingham,Portsmouth,Birmingham_Portsmouth_2004
320,2.6,-0.25,2.8,2.7,2.87,2.0,1.71,1.75,2.38,1.78,2.15,3.0,1.75,3.1,2.4,2.62,1.75,2.3,2.3,2.4,2.75,3.25,2.06,3.2,-0.25,-0.25,3.2,2.9,3.2,2.4,3.2,2.3,2.05,2.05,Charlton,Bolton,Charlton_Bolton_2004
321,2.1,-0.5,3.5,3.5,3.75,2.05,1.65,1.85,3.0,1.86,2.05,3.1,1.66,3.25,2.0,3.2,1.69,2.0,1.9,2.0,3.5,3.4,1.98,3.2,-0.5,-0.5,3.2,3.75,3.2,2.0,3.25,1.9,2.15,2.0,Crystal Palace,Norwich,Crystal Palace_Norwich_2004
322,2.4,-0.25,3.0,2.9,3.0,2.0,1.71,1.925,2.5,1.88,1.975,3.0,1.7,3.2,2.25,2.75,1.9,2.25,2.1,2.3,3.0,3.2,1.96,3.2,-0.25,-0.25,3.25,3.2,3.25,2.3,3.2,2.2,2.1,1.9,Fulham,Man City,Fulham_Man City_2004
323,1.67,-0.5,4.33,3.8,4.5,2.05,1.65,1.825,4.33,1.78,2.075,3.1,1.6,3.5,1.8,3.75,1.85,1.8,1.6,1.83,4.0,3.4,2.06,3.3,-0.75,-0.75,3.4,5.25,3.25,1.8,3.45,1.8,2.3,1.8,Liverpool,Tottenham,Liverpool_Tottenham_2004
324,2.2,-0.25,3.1,2.9,3.25,2.0,1.71,2.05,2.75,2.0,1.85,3.0,1.7,3.2,2.2,2.87,1.98,2.15,2.1,2.2,3.1,3.2,1.84,3.2,-0.25,-0.25,3.25,3.2,3.2,2.25,3.2,2.2,2.1,1.82,Southampton,Aston Villa,Southampton_Aston Villa_2004
325,1.57,-0.75,5.5,4.6,5.5,1.95,1.75,1.925,5.0,1.88,1.975,3.4,1.8,3.2,1.62,5.0,1.9,1.57,1.7,1.61,5.25,3.6,1.96,3.5,-0.75,-0.75,3.5,5.0,3.6,1.62,3.5,1.6,2.0,1.9,Bolton,Southampton,Bolton_Southampton_2004
326,1.83,-0.75,4.33,4.0,4.33,2.0,1.71,2.025,3.6,2.02,1.875,3.2,1.8,3.3,1.75,4.2,1.7,1.7,1.7,1.83,4.5,3.4,1.82,3.4,-0.5,-0.5,3.25,4.75,3.3,1.8,3.35,1.75,2.0,2.05,Middlesbrough,Fulham,Middlesbrough_Fulham_2004
327,1.67,-0.5,4.0,3.8,4.33,1.95,1.75,1.9,4.5,1.9,2.0,3.1,1.8,3.1,1.9,3.6,1.76,1.83,1.9,1.9,3.85,3.25,1.94,3.3,-0.5,-0.5,3.25,4.0,3.1,1.91,3.25,1.8,2.0,1.9,Aston Villa,Charlton,Aston Villa_Charlton_2004
328,1.73,-0.5,4.0,3.7,4.0,1.9,1.79,1.9,4.0,1.88,2.0,3.2,1.8,3.25,1.9,3.3,1.77,1.9,1.9,1.9,3.75,3.4,1.96,3.3,-0.5,-0.5,3.4,3.75,3.3,1.85,3.35,1.8,2.0,1.9,Blackburn,Crystal Palace,Blackburn_Crystal Palace_2004
329,2.1,-0.25,3.6,3.2,3.5,1.95,1.75,2.075,3.0,2.02,1.825,3.1,1.7,3.2,2.0,3.5,2.0,1.9,1.95,2.1,3.5,3.2,1.82,3.2,-0.25,-0.25,3.2,3.6,3.2,2.05,3.25,2.0,2.1,1.8,Chelsea,Arsenal,Chelsea_Arsenal_2004
330,3.75,0.5,1.91,1.85,1.9,2.0,1.71,1.875,1.83,1.86,2.025,3.1,1.7,3.2,3.6,1.83,1.95,3.6,3.6,4.0,1.95,3.4,1.98,3.3,0.5,0.5,3.2,1.95,3.3,3.75,3.3,3.6,2.1,1.72,Everton,Man United,Everton_Man United_2004
331,1.91,-0.25,3.6,3.6,3.75,2.05,1.65,2.125,3.4,2.08,1.775,3.1,1.66,3.15,1.95,3.3,2.0,1.9,2.0,2.0,3.65,3.3,1.76,3.3,-0.25,-0.25,3.25,3.5,3.2,2.0,3.25,1.85,2.15,1.8,Man City,Birmingham,Man City_Birmingham_2004
332,2.4,0.0,2.7,2.5,2.62,1.85,1.85,2.05,2.5,2.02,1.85,3.0,1.9,3.2,2.4,2.5,2.0,2.37,2.25,2.5,2.65,3.4,1.82,3.3,0.0,0.0,3.25,2.9,3.4,2.4,3.35,2.5,1.9,1.8,Norwich,Newcastle,Norwich_Newcastle_2004
333,2.75,0.25,2.2,2.0,2.2,2.0,1.7,1.85,2.2,1.86,2.049,3.1,1.75,3.2,3.15,2.05,1.8,3.0,3.2,3.2,2.15,3.2,1.98,3.3,0.25,0.25,3.25,2.1,3.25,3.2,3.25,3.2,2.05,2.0,Portsmouth,Liverpool,Portsmouth_Liverpool_2004
334,1.67,-0.75,5.0,4.4,5.5,1.9,1.79,1.875,4.33,1.82,2.025,3.3,1.95,3.2,1.75,4.0,1.8,1.72,1.8,1.66,4.5,3.4,2.02,3.4,-0.75,-0.75,3.4,4.3,3.4,1.7,3.35,1.65,1.85,2.0,Tottenham,West Brom,Tottenham_West Brom_2004
335,2.25,0.0,2.9,2.9,2.87,2.05,1.65,1.8,2.75,1.78,2.1,3.0,1.65,3.2,2.35,2.75,2.0,2.25,2.25,2.37,2.9,3.3,2.06,3.2,-0.25,-0.25,3.2,2.9,3.25,2.3,3.2,2.2,2.2,1.73,Aston Villa,Bolton,Aston Villa_Bolton_2004
336,2.2,-0.25,3.0,2.9,3.0,2.05,1.65,1.875,2.8,1.86,2.025,3.0,1.65,3.1,2.3,2.62,1.8,2.3,2.3,2.3,3.0,3.3,1.98,3.2,-0.25,-0.25,3.2,2.9,3.25,2.25,3.2,2.2,2.2,2.0,Blackburn,Man City,Blackburn_Man City_2004
337,1.25,-1.25,11.0,8.0,10.0,1.85,1.85,1.95,10.0,1.74,1.95,4.2,1.8,5.5,1.28,9.5,1.85,1.22,1.2,1.28,11.0,5.25,2.1,5.0,-1.5,-1.25,4.5,12.0,5.0,1.25,4.75,1.3,2.0,1.95,Chelsea,Fulham,Chelsea_Fulham_2004
338,3.4,0.5,1.91,2.0,1.9,2.0,1.71,1.925,1.91,1.94,1.975,3.1,1.7,3.2,3.6,1.8,1.95,3.5,4.0,3.75,1.95,3.4,1.9,3.5,0.5,0.5,3.25,1.85,3.5,3.75,3.4,3.2,2.1,1.75,Crystal Palace,Liverpool,Crystal Palace_Liverpool_2004
339,1.62,-0.75,5.5,4.6,5.5,2.05,1.65,1.975,5.0,1.92,1.925,3.4,1.65,3.35,1.7,5.0,1.9,1.61,1.7,1.66,5.0,3.6,1.92,3.3,-0.75,-0.75,3.25,4.75,3.4,1.62,3.4,1.6,2.2,1.9,Everton,Birmingham,Everton_Birmingham_2004
340,2.0,-0.5,4.0,3.5,4.0,1.95,1.75,1.8,3.2,1.82,2.1,3.1,1.75,3.2,1.95,3.6,1.75,1.8,1.8,1.9,3.8,3.4,2.02,3.4,-0.5,-0.5,3.2,4.3,3.3,1.85,3.25,1.9,2.05,1.95,Middlesbrough,West Brom,Middlesbrough_West Brom_2004
341,2.2,-0.25,3.0,2.8,3.0,1.85,1.85,2.05,2.75,2.02,1.85,3.1,1.85,3.2,2.2,2.87,1.95,2.05,2.2,2.25,3.1,3.4,1.82,3.5,-0.25,-0.25,3.25,3.0,3.4,2.2,3.3,2.2,1.95,1.85,Norwich,Charlton,Norwich_Charlton_2004
342,1.29,-1.25,8.5,7.5,8.5,1.79,1.9,1.975,8.0,1.96,1.925,4.0,1.95,4.0,1.35,7.5,1.9,1.3,1.35,1.36,8.5,4.33,1.88,4.5,-1.25,-1.25,4.5,9.0,4.5,1.36,4.4,1.33,1.85,1.9,Man United,Newcastle,Man United_Newcastle_2004
343,2.2,-0.25,3.1,3.0,3.1,1.85,1.85,1.875,2.75,1.9,2.025,3.1,1.7,3.25,2.2,3.0,1.9,2.05,2.0,2.25,3.2,3.25,1.94,3.3,-0.25,-0.25,3.25,3.4,3.25,2.2,3.2,2.1,2.1,1.9,Portsmouth,Southampton,Portsmouth_Southampton_2004
344,1.5,-1.0,7.0,5.4,7.0,1.79,1.9,,6.0,,,3.8,2.0,3.75,1.47,6.5,2.0,1.44,1.45,1.5,7.25,3.75,,3.6,,,3.4,7.0,3.75,1.5,3.75,1.45,1.8,1.8,Arsenal,Tottenham,Arsenal_Tottenham_2004
345,2.0,-0.25,3.4,3.5,3.5,2.15,1.6,1.85,3.2,1.78,2.05,3.1,1.53,3.15,2.1,3.2,2.0,1.9,2.0,2.1,3.4,3.25,2.06,3.5,-0.5,-0.5,3.2,3.5,3.25,2.1,3.25,1.9,2.4,1.8,West Brom,Blackburn,West Brom_Blackburn_2004
346,1.91,-0.25,3.1,3.1,3.1,1.95,1.75,2.05,3.4,2.04,1.85,3.0,2.05,3.2,2.2,3.25,2.0,1.95,2.2,2.25,3.15,3.25,1.8,3.3,-0.25,-0.25,3.25,3.0,3.25,2.2,3.25,2.1,1.75,1.8,Newcastle,Middlesbrough,Newcastle_Middlesbrough_2004
347,2.1,-0.25,3.2,3.2,3.25,2.15,1.6,2.075,3.0,2.02,1.825,3.1,1.57,3.2,2.15,3.2,2.0,2.05,2.1,2.2,3.25,3.2,1.82,3.1,-0.25,-0.25,3.2,3.2,3.2,2.2,3.15,2.0,2.35,1.8,Birmingham,Blackburn,Birmingham_Blackburn_2004
348,3.5,0.5,2.0,2.0,2.0,2.0,1.71,1.9,1.91,2.12,2.0,3.1,1.66,3.35,3.65,1.83,1.95,3.6,4.0,3.75,1.95,3.2,1.72,3.3,0.5,0.25,3.2,1.8,3.2,3.75,3.3,3.2,2.15,1.73,Bolton,Chelsea,Bolton_Chelsea_2004
349,2.75,0.0,2.4,2.5,2.5,2.05,1.65,1.95,2.25,1.92,1.95,3.0,1.65,3.1,2.75,2.37,1.9,2.62,3.0,2.75,2.4,3.25,1.92,3.1,0.0,0.0,3.2,2.25,3.2,2.8,3.2,2.5,2.2,1.9,Fulham,Everton,Fulham_Everton_2004
350,1.57,-0.75,5.0,3.8,5.0,1.95,1.75,1.75,5.0,1.74,2.15,3.1,1.8,3.4,1.73,4.2,1.82,1.7,1.6,1.72,4.5,3.4,2.1,3.4,-0.75,-0.75,3.5,5.5,3.4,1.7,3.4,1.8,2.0,1.98,Liverpool,Middlesbrough,Liverpool_Middlesbrough_2004
351,1.73,-0.5,4.33,4.2,5.0,2.0,1.71,2.075,4.33,2.08,1.825,3.2,1.66,3.2,1.8,3.75,1.86,1.8,1.8,1.72,4.25,3.25,1.76,3.3,-0.5,-0.5,3.2,4.3,3.4,1.83,3.3,1.7,2.15,1.8,Man City,Portsmouth,Man City_Portsmouth_2004
352,1.73,-0.5,4.2,3.5,4.33,1.85,1.85,1.95,3.75,1.92,1.95,3.1,1.95,3.2,1.85,3.6,1.81,1.8,1.8,1.83,4.0,3.4,1.92,3.4,-0.5,-0.5,3.5,4.3,3.3,1.83,3.3,1.9,1.85,1.85,Newcastle,Crystal Palace,Newcastle_Crystal Palace_2004
353,2.1,-0.5,3.5,3.1,3.5,1.9,1.79,1.85,3.0,1.86,2.05,3.0,1.85,3.2,2.0,2.8,1.67,2.15,2.1,2.0,3.4,3.25,1.98,3.3,-0.5,-0.5,3.2,3.2,3.4,2.05,3.3,2.1,1.95,2.0,Southampton,Norwich,Southampton_Norwich_2004
354,5.0,0.75,1.67,1.65,1.61,1.9,1.79,1.85,1.57,1.82,2.05,3.3,1.8,3.4,5.0,1.57,1.82,5.0,4.5,6.0,1.65,3.6,2.02,3.5,0.75,0.75,3.5,1.7,3.4,5.0,3.5,4.4,2.0,1.98,Charlton,Man United,Charlton_Man United_2004
355,2.0,-0.5,4.0,3.6,4.0,2.0,1.71,1.875,3.2,1.84,2.025,3.1,1.7,3.15,1.95,3.6,1.73,1.83,2.0,1.9,3.7,3.25,2.0,3.3,-0.5,-0.5,3.2,3.5,3.3,1.91,3.25,1.85,2.1,1.95,Tottenham,Aston Villa,Tottenham_Aston Villa_2004
356,5.5,0.5,1.67,1.65,1.66,1.95,1.75,1.975,1.5,,1.925,3.3,1.7,3.45,4.85,1.57,1.67,5.0,5.3,5.0,1.67,3.6,,3.5,,0.75,3.6,1.6,3.6,5.0,3.5,4.4,2.1,2.03,West Brom,Arsenal,West Brom_Arsenal_2004
357,2.1,-0.5,3.2,3.2,2.75,,,2.0,3.0,1.98,1.9,3.1,,3.1,2.2,2.87,1.56,2.2,2.25,2.2,3.0,3.2,1.786,3.1,-0.25,-0.25,3.2,3.0,3.4,2.2,3.25,2.0,,2.2,Fulham,Newcastle,Fulham_Newcastle_2004
358,2.2,-0.25,3.0,2.8,2.87,2.0,1.71,1.9,2.8,1.82,2.0,3.1,1.65,3.2,2.25,2.7,1.85,2.2,2.2,2.37,3.0,3.2,2.02,3.3,-0.25,-0.25,3.2,3.0,3.25,2.3,3.2,2.2,2.05,1.95,Aston Villa,Man City,Aston Villa_Man City_2004
359,1.91,-0.25,3.6,3.6,3.4,2.05,1.65,2.125,3.5,1.98,1.775,3.1,1.66,3.1,2.0,3.5,2.05,1.95,2.0,2.1,3.6,3.25,1.86,3.1,-0.5,-0.25,3.2,3.6,3.25,2.0,3.2,1.85,2.15,1.75,Blackburn,Fulham,Blackburn_Fulham_2004
360,1.25,-1.25,10.0,7.5,10.0,1.85,1.85,1.975,10.0,2.18,1.925,4.0,1.85,4.5,1.29,8.0,1.9,1.28,1.3,1.28,9.5,4.75,1.7,4.5,1.28,-1.25,4.5,9.0,5.0,1.3,4.75,1.33,1.95,1.9,Chelsea,Charlton,Chelsea_Charlton_2004
361,2.2,-0.25,3.1,2.9,3.0,1.85,1.85,1.95,2.75,1.9,1.95,3.0,1.9,3.2,2.2,3.1,1.95,2.1,2.2,2.2,3.1,3.25,1.94,3.1,-0.25,-0.25,3.25,3.0,3.4,2.2,3.2,2.2,1.9,1.85,Crystal Palace,Southampton,Crystal Palace_Southampton_2004
362,1.62,-0.75,5.0,4.8,5.0,2.0,1.71,1.85,5.0,1.8,2.05,3.5,1.65,3.2,1.7,5.0,1.8,1.61,1.8,1.72,5.0,3.4,2.04,3.3,-0.75,-0.75,3.25,4.3,3.4,1.7,3.3,1.55,2.2,2.0,Everton,Newcastle,Everton_Newcastle_2004
363,1.25,,9.5,8.0,9.0,1.71,2.0,1.875,8.0,1.92,2.025,4.2,2.0,4.5,1.3,7.5,,1.3,1.3,1.3,9.0,5.0,1.92,4.5,-1.5,-1.5,5.0,9.0,5.0,1.29,4.75,1.3,1.8,,Man United,West Brom,Man United_West Brom_2004
364,2.2,-0.25,3.2,3.1,3.1,2.0,1.71,1.85,2.8,1.86,2.05,3.0,1.66,3.2,2.2,2.8,1.8,2.2,2.05,2.25,3.1,3.2,1.98,3.2,-0.25,-0.25,3.2,3.3,3.2,2.2,3.2,2.1,2.15,2.0,Middlesbrough,Tottenham,Middlesbrough_Tottenham_2004
365,1.91,-0.5,4.0,4.0,3.75,1.9,1.79,2.025,3.5,1.92,1.875,3.3,1.85,3.4,1.85,3.5,1.82,1.8,1.85,1.9,3.9,3.5,1.92,3.5,-0.5,-0.5,3.2,3.7,3.5,1.83,3.4,1.7,1.95,1.85,Norwich,Birmingham,Norwich_Birmingham_2004
366,2.75,0.25,2.3,2.3,2.4,1.95,1.75,2.025,2.2,1.96,1.875,3.0,1.8,3.2,2.8,2.3,2.0,2.62,2.75,2.75,2.3,3.3,1.88,3.2,0.25,0.25,3.25,2.35,3.4,2.9,3.3,2.7,2.0,1.8,Portsmouth,Bolton,Portsmouth_Bolton_2004
367,1.67,-0.75,4.6,4.2,5.0,1.95,1.75,1.8,4.5,1.76,2.1,3.2,1.75,3.2,1.71,3.8,1.8,1.72,1.8,1.72,4.8,3.4,2.08,3.5,-0.75,-0.75,3.25,4.3,3.4,1.75,3.35,1.7,2.05,2.0,Arsenal,Liverpool,Arsenal_Liverpool_2004
368,2.25,-0.25,3.0,2.9,3.2,2.0,1.71,1.85,2.75,,2.05,2.8,1.65,3.2,2.4,3.0,1.85,2.1,2.4,2.2,2.7,3.2,,3.2,,-0.25,3.2,2.7,3.25,2.3,3.2,2.3,2.2,1.95,Man United,Chelsea,Man United_Chelsea_2004
369,1.5,-0.75,6.0,5.4,5.5,1.9,1.79,2.025,6.0,,1.875,3.8,1.8,3.45,1.55,6.0,2.0,1.44,1.55,1.61,6.0,3.6,,3.75,,-0.75,3.4,6.0,3.6,1.57,3.45,1.45,2.0,1.8,Arsenal,Everton,Arsenal_Everton_2004
370,3.25,0.5,1.91,2.0,2.0,1.95,1.71,1.75,1.91,1.72,2.15,3.1,1.75,3.25,3.25,1.95,1.95,3.25,3.7,3.4,2.05,3.4,2.12,3.3,0.25,0.25,3.4,1.9,3.5,3.75,3.4,3.2,2.05,1.72,Birmingham,Arsenal,Birmingham_Arsenal_2004
371,2.0,-0.5,4.0,3.5,4.0,1.95,1.71,1.95,3.2,1.94,1.95,3.1,1.75,3.25,1.95,3.3,1.73,1.9,2.0,1.9,3.65,3.4,1.9,3.3,-0.5,-0.5,3.2,3.4,3.4,1.85,3.3,1.9,2.05,1.95,Bolton,Everton,Bolton_Everton_2004
372,2.6,0.5,2.2,,2.2,1.85,1.79,2.15,2.25,1.8,1.75,,1.9,3.45,2.75,2.25,2.25,2.6,2.8,3.0,2.25,3.6,2.04,3.4,0.25,0.5,3.4,2.2,3.5,2.88,3.5,,1.9,1.54,Charlton,Crystal Palace,Charlton_Crystal Palace_2004
373,2.75,0.25,2.2,,2.3,1.85,1.79,1.95,2.25,1.9,1.95,,1.95,3.4,2.8,2.25,1.9,2.6,2.75,2.8,2.25,3.6,1.94,3.4,0.25,0.25,3.2,2.25,3.5,2.88,3.45,,1.85,1.9,Fulham,Norwich,Fulham_Norwich_2004
374,1.57,-0.75,5.5,4.2,5.5,1.9,1.75,2.0,5.0,2.02,1.85,3.2,1.75,3.45,1.67,4.33,2.0,1.7,1.55,1.66,5.0,3.4,1.82,3.3,-0.75,-0.75,3.5,6.0,3.4,1.67,3.4,1.7,2.05,1.8,Liverpool,Aston Villa,Liverpool_Aston Villa_2004
375,2.0,-0.5,3.75,3.5,3.6,2.0,1.65,2.1,3.4,2.08,1.8,3.1,1.7,3.2,2.05,3.5,1.67,1.95,2.1,2.1,3.5,3.2,1.76,3.1,-0.25,-0.25,3.0,3.2,3.1,2.0,3.2,1.9,2.1,2.05,Man City,Middlesbrough,Man City_Middlesbrough_2004
376,3.6,0.5,2.1,2.1,2.2,1.95,1.71,1.8,1.8,1.78,2.1,2.9,1.7,3.2,3.0,2.1,2.15,2.8,3.6,3.2,2.15,3.4,2.06,3.4,0.25,0.25,3.4,1.95,3.25,3.2,3.4,3.2,2.1,1.59,Newcastle,Chelsea,Newcastle_Chelsea_2004
377,2.38,-0.25,2.62,2.9,2.62,1.83,1.83,1.8,2.38,1.98,2.1,3.4,1.95,3.5,2.3,2.5,1.75,2.3,2.45,2.37,2.65,3.75,1.86,3.4,0.0,-0.25,3.5,2.45,3.6,2.3,3.6,2.0,1.85,2.05,Southampton,Man United,Southampton_Man United_2004
378,1.4,-0.75,6.0,6.0,6.5,1.85,1.79,2.05,7.0,2.08,1.85,3.9,1.95,3.4,1.57,5.5,2.0,1.5,1.65,1.57,6.0,3.6,1.76,3.6,-0.75,-0.75,3.75,5.0,3.5,1.57,3.5,1.4,1.85,1.8,Tottenham,Blackburn,Tottenham_Blackburn_2004
379,1.62,-1.0,5.5,5.0,6.0,1.85,1.79,1.85,4.33,1.84,2.05,4.0,1.9,3.4,1.6,4.5,1.8,1.6,1.65,1.57,5.5,3.75,2.0,3.6,-1.0,-1.0,3.6,5.0,3.75,1.57,3.55,1.45,1.9,2.0,West Brom,Portsmouth,West Brom_Portsmouth_2004
