,AC,FTAG,AwayTeam,HomeTeam,Div,HS,AST,HST,HC,AF,HTAG,Referee,AS,FTHG,FTR,HTHG,AR,HTR,HF,AY,HR,Date,HY,idGame
0,3,1,Aston Villa,Bournemouth,E0,11,3,2,6,13,0,M Clattenburg,7,0,A,0,0,D,13,4,0,08/08/2015,3,Bournemouth_Aston Villa_2015
1,8,2,Swansea,Chelsea,E0,11,10,3,4,16,1,M Oliver,18,2,D,2,0,H,15,3,1,08/08/2015,1,Chelsea_Swansea_2015
2,2,2,Watford,Everton,E0,10,5,5,8,13,1,M Jones,11,2,D,0,0,A,7,2,0,08/08/2015,1,Everton_Watford_2015
3,3,2,Sunderland,Leicester,E0,19,5,8,6,17,0,L Mason,10,4,H,3,0,H,13,4,0,08/08/2015,2,Leicester_Sunderland_2015
4,2,0,Tottenham,Man United,E0,9,4,1,1,12,0,J Moss,9,1,H,1,0,H,12,3,0,08/08/2015,2,Man United_Tottenham_2015
5,4,3,Crystal Palace,Norwich,E0,17,7,6,1,20,1,S Hooper,11,1,A,0,0,A,14,0,0,08/08/2015,1,Norwich_Crystal Palace_2015
6,4,2,West Ham,Arsenal,E0,22,4,6,5,9,1,M Atkinson,8,0,A,0,0,A,12,3,0,09/08/2015,1,Arsenal_West Ham_2015
7,6,2,Southampton,Newcastle,E0,9,5,4,6,12,1,C Pawson,15,2,D,1,0,D,9,4,0,09/08/2015,2,Newcastle_Southampton_2015
8,5,1,Liverpool,Stoke,E0,7,3,1,3,16,0,A Taylor,8,0,A,0,0,D,9,4,0,09/08/2015,2,Stoke_Liverpool_2015
9,6,3,Man City,West Brom,E0,9,7,2,6,9,2,M Dean,19,0,A,0,0,A,12,1,0,10/08/2015,4,West Brom_Man City_2015
10,5,1,Man United,Aston Villa,E0,5,2,1,3,10,1,M Dean,9,0,A,0,0,A,14,2,0,14/08/2015,2,Aston Villa_Man United_2015
11,9,3,Everton,Southampton,E0,17,4,4,9,10,2,M Oliver,10,0,A,0,0,A,11,2,0,15/08/2015,4,Southampton_Everton_2015
12,6,3,Norwich,Sunderland,E0,6,6,2,6,7,2,K Friend,19,1,A,0,0,A,7,2,0,15/08/2015,1,Sunderland_Norwich_2015
13,4,0,Newcastle,Swansea,E0,19,2,6,4,8,0,M Jones,4,2,H,1,1,H,11,1,0,15/08/2015,2,Swansea_Newcastle_2015
14,3,2,Stoke,Tottenham,E0,13,7,7,4,11,0,R Madley,16,2,D,2,0,H,15,2,0,15/08/2015,2,Tottenham_Stoke_2015
15,4,0,West Brom,Watford,E0,16,0,5,2,10,0,P Tierney,6,0,D,0,0,D,13,2,0,15/08/2015,1,Watford_West Brom_2015
16,4,2,Leicester,West Ham,E0,10,6,3,8,12,2,A Taylor,11,1,A,0,0,A,11,3,1,15/08/2015,1,West Ham_Leicester_2015
17,6,2,Arsenal,Crystal Palace,E0,11,7,4,6,12,1,L Mason,20,1,A,1,0,D,14,1,0,16/08/2015,1,Crystal Palace_Arsenal_2015
18,1,0,Chelsea,Man City,E0,18,3,8,5,13,0,M Atkinson,10,3,H,1,0,H,19,2,0,16/08/2015,4,Man City_Chelsea_2015
19,8,0,Bournemouth,Liverpool,E0,18,2,2,6,18,0,C Pawson,13,1,H,1,0,H,11,4,0,17/08/2015,1,Liverpool_Bournemouth_2015
20,4,1,Aston Villa,Crystal Palace,E0,16,2,6,6,15,0,K Stroud,11,2,H,0,0,D,12,3,0,22/08/2015,3,Crystal Palace_Aston Villa_2015
21,7,1,Tottenham,Leicester,E0,13,6,2,2,14,0,M Atkinson,19,1,D,0,0,D,7,4,0,22/08/2015,1,Leicester_Tottenham_2015
22,5,0,Newcastle,Man United,E0,20,0,8,11,11,0,C Pawson,7,0,D,0,0,D,15,2,0,22/08/2015,2,Man United_Newcastle_2015
23,0,1,Stoke,Norwich,E0,21,1,7,9,5,1,M Dean,6,1,D,1,0,D,16,1,0,22/08/2015,4,Norwich_Stoke_2015
24,4,1,Swansea,Sunderland,E0,10,9,2,3,9,1,N Swarbrick,20,1,D,0,0,A,16,2,0,22/08/2015,4,Sunderland_Swansea_2015
25,4,4,Bournemouth,West Ham,E0,10,7,4,5,11,2,J Moss,15,3,A,0,0,A,8,0,1,22/08/2015,0,West Ham_Bournemouth_2015
26,7,2,Man City,Everton,E0,10,9,1,8,7,0,A Taylor,16,0,A,0,0,D,5,3,0,23/08/2015,0,Everton_Man City_2015
27,2,0,Southampton,Watford,E0,13,5,0,5,11,0,A Marriner,14,0,D,0,0,D,10,2,0,23/08/2015,0,Watford_Southampton_2015
28,7,3,Chelsea,West Brom,E0,15,5,6,8,12,3,M Clattenburg,15,2,A,1,1,A,9,1,0,23/08/2015,2,West Brom_Chelsea_2015
29,8,0,Liverpool,Arsenal,E0,19,8,5,7,13,0,M Oliver,15,0,D,0,0,D,2,4,0,24/08/2015,1,Arsenal_Liverpool_2015
30,4,2,Sunderland,Aston Villa,E0,21,3,6,5,14,1,R Madley,7,2,D,2,0,H,10,1,0,29/08/2015,2,Aston Villa_Sunderland_2015
31,4,1,Leicester,Bournemouth,E0,5,2,2,4,19,0,N Swarbrick,4,1,D,1,0,H,9,4,0,29/08/2015,2,Bournemouth_Leicester_2015
32,7,2,Crystal Palace,Chelsea,E0,26,6,9,7,15,0,C Pawson,13,1,A,0,0,D,9,1,0,29/08/2015,1,Chelsea_Crystal Palace_2015
33,7,3,West Ham,Liverpool,E0,13,5,1,5,11,2,K Friend,12,0,A,0,1,A,17,1,1,29/08/2015,3,Liverpool_West Ham_2015
34,3,0,Watford,Man City,E0,18,0,5,9,12,0,M Clattenburg,7,2,H,0,0,D,9,2,0,29/08/2015,1,Man City_Watford_2015
35,9,1,Arsenal,Newcastle,E0,1,9,0,0,8,0,A Marriner,22,0,A,0,0,D,15,1,1,29/08/2015,6,Newcastle_Arsenal_2015
36,5,1,West Brom,Stoke,E0,13,5,5,6,9,1,M Oliver,15,0,A,0,0,A,4,4,2,29/08/2015,1,Stoke_West Brom_2015
37,2,0,Everton,Tottenham,E0,20,3,6,6,9,0,M Jones,8,0,D,0,0,D,20,1,0,29/08/2015,4,Tottenham_Everton_2015
38,4,0,Norwich,Southampton,E0,23,1,8,6,12,0,J Moss,6,3,H,1,1,H,4,0,0,30/08/2015,0,Southampton_Norwich_2015
39,1,1,Man United,Swansea,E0,9,4,4,0,15,0,M Atkinson,11,2,H,0,0,D,6,2,0,30/08/2015,2,Swansea_Man United_2015
40,1,0,Stoke,Arsenal,E0,29,4,12,13,13,0,J Moss,9,2,H,1,0,H,6,1,0,12/09/2015,1,Arsenal_Stoke_2015
41,4,1,Man City,Crystal Palace,E0,10,7,2,4,13,0,M Jones,21,0,A,0,0,D,13,3,0,12/09/2015,2,Crystal Palace_Man City_2015
42,14,1,Chelsea,Everton,E0,14,2,9,7,12,1,A Marriner,15,3,H,2,0,H,12,2,0,12/09/2015,2,Everton_Chelsea_2015
43,4,1,Liverpool,Man United,E0,9,4,3,4,11,0,M Oliver,8,3,H,0,0,D,6,2,0,12/09/2015,1,Man United_Liverpool_2015
44,4,1,Bournemouth,Norwich,E0,12,2,4,4,11,0,M Atkinson,7,3,H,1,0,H,10,3,0,12/09/2015,2,Norwich_Bournemouth_2015
45,3,0,Swansea,Watford,E0,17,3,6,1,14,0,R Madley,8,1,H,0,0,D,11,1,1,12/09/2015,1,Watford_Swansea_2015
46,5,0,Southampton,West Brom,E0,8,4,1,4,5,0,S Attwell,14,0,D,0,0,D,5,0,0,12/09/2015,1,West Brom_Southampton_2015
47,5,2,Aston Villa,Leicester,E0,21,4,6,4,13,1,M Dean,11,3,H,0,0,A,8,1,0,13/09/2015,2,Leicester_Aston Villa_2015
48,8,1,Tottenham,Sunderland,E0,12,4,2,6,12,0,C Pawson,15,0,A,0,0,D,11,1,0,13/09/2015,2,Sunderland_Tottenham_2015
49,7,0,Newcastle,West Ham,E0,17,4,3,6,11,0,A Taylor,14,2,H,1,0,H,8,2,0,14/09/2015,0,West Ham_Newcastle_2015
50,7,1,West Brom,Aston Villa,E0,13,6,3,2,11,1,M Atkinson,11,0,A,0,0,A,10,3,0,19/09/2015,2,Aston Villa_West Brom_2015
51,3,0,Sunderland,Bournemouth,E0,15,2,5,7,15,0,K Friend,9,2,H,2,1,H,14,4,0,19/09/2015,2,Bournemouth_Sunderland_2015
52,5,0,Arsenal,Chelsea,E0,22,2,7,5,11,0,M Dean,9,2,H,0,2,D,12,1,0,19/09/2015,3,Chelsea_Arsenal_2015
53,3,2,West Ham,Man City,E0,27,3,8,16,7,2,R Madley,6,1,A,1,0,A,10,2,0,19/09/2015,1,Man City_West Ham_2015
54,5,2,Watford,Newcastle,E0,15,4,5,5,12,2,R East,13,1,A,0,0,A,8,2,0,19/09/2015,1,Newcastle_Watford_2015
55,4,2,Leicester,Stoke,E0,11,5,4,3,12,0,A Marriner,12,2,D,2,0,H,7,4,0,19/09/2015,1,Stoke_Leicester_2015
56,4,0,Everton,Swansea,E0,12,2,3,2,11,0,S Attwell,17,0,D,0,1,D,12,2,0,19/09/2015,2,Swansea_Everton_2015
57,2,1,Norwich,Liverpool,E0,23,2,7,6,13,0,A Taylor,7,1,D,0,0,D,4,2,0,20/09/2015,1,Liverpool_Norwich_2015
58,5,3,Man United,Southampton,E0,15,3,8,5,13,1,M Clattenburg,10,2,A,1,0,D,6,0,0,20/09/2015,2,Southampton_Man United_2015
59,5,0,Crystal Palace,Tottenham,E0,22,4,6,6,11,0,M Oliver,12,1,H,0,0,D,9,2,0,20/09/2015,1,Tottenham_Crystal Palace_2015
60,5,5,Arsenal,Leicester,E0,16,12,7,6,12,2,C Pawson,26,2,A,1,0,A,9,1,0,26/09/2015,1,Leicester_Arsenal_2015
61,1,2,Aston Villa,Liverpool,E0,21,4,12,11,13,0,J Moss,10,3,H,1,0,H,8,0,0,26/09/2015,0,Liverpool_Aston Villa_2015
62,2,0,Sunderland,Man United,E0,12,4,7,5,17,0,M Jones,9,3,H,1,0,H,12,3,0,26/09/2015,0,Man United_Sunderland_2015
63,6,2,Chelsea,Newcastle,E0,11,4,5,4,15,0,M Atkinson,16,2,D,1,0,H,12,2,0,26/09/2015,1,Newcastle_Chelsea_2015
64,3,1,Swansea,Southampton,E0,18,4,7,4,14,0,R East,11,3,H,1,0,H,18,1,0,26/09/2015,3,Southampton_Swansea_2015
65,7,1,Bournemouth,Stoke,E0,8,6,5,3,11,0,L Mason,11,2,H,1,0,H,13,0,0,26/09/2015,1,Stoke_Bournemouth_2015
66,9,1,Man City,Tottenham,E0,15,8,8,5,6,1,M Clattenburg,22,4,H,1,0,D,17,1,0,26/09/2015,5,Tottenham_Man City_2015
67,5,2,Norwich,West Ham,E0,19,7,7,7,17,1,M Dean,16,2,D,1,0,D,7,0,0,26/09/2015,0,West Ham_Norwich_2015
68,4,1,Crystal Palace,Watford,E0,15,3,2,6,22,0,A Taylor,16,0,A,0,0,D,17,4,0,27/09/2015,4,Watford_Crystal Palace_2015
69,4,3,Everton,West Brom,E0,9,4,4,6,8,0,R Madley,12,2,A,1,0,H,9,3,0,28/09/2015,0,West Brom_Everton_2015
70,5,1,Stoke,Aston Villa,E0,13,5,2,9,12,0,M Jones,12,0,A,0,0,D,12,0,0,03/10/2015,1,Aston Villa_Stoke_2015
71,3,1,Watford,Bournemouth,E0,12,2,6,5,13,1,M Oliver,11,1,D,1,0,D,8,1,0,03/10/2015,1,Bournemouth_Watford_2015
72,6,3,Southampton,Chelsea,E0,10,5,3,4,14,1,R Madley,13,1,A,1,0,D,14,5,0,03/10/2015,2,Chelsea_Southampton_2015
73,3,0,West Brom,Crystal Palace,E0,21,2,8,8,13,0,J Moss,7,2,H,0,0,D,14,3,0,03/10/2015,3,Crystal Palace_West Brom_2015
74,3,1,Newcastle,Man City,E0,23,4,11,6,8,1,K Friend,6,6,H,1,0,D,13,1,0,03/10/2015,3,Man City_Newcastle_2015
75,8,2,Leicester,Norwich,E0,17,5,2,16,4,1,M Clattenburg,16,1,A,0,0,A,4,1,0,03/10/2015,0,Norwich_Leicester_2015
76,8,2,West Ham,Sunderland,E0,12,6,3,1,11,1,N Swarbrick,20,2,D,2,0,H,14,4,1,03/10/2015,2,Sunderland_West Ham_2015
77,6,0,Man United,Arsenal,E0,12,5,5,3,17,0,A Taylor,9,3,H,3,0,H,8,3,0,04/10/2015,1,Arsenal_Man United_2015
78,11,1,Liverpool,Everton,E0,14,4,4,5,19,1,M Atkinson,13,1,D,1,0,D,10,3,0,04/10/2015,3,Everton_Liverpool_2015
79,6,2,Tottenham,Swansea,E0,11,11,2,5,19,1,M Dean,19,2,D,2,0,H,8,4,0,04/10/2015,1,Swansea_Tottenham_2015
80,4,0,Aston Villa,Chelsea,E0,9,1,3,4,17,0,R East,8,2,H,1,0,H,22,3,0,17/10/2015,1,Chelsea_Aston Villa_2015
81,9,3,West Ham,Crystal Palace,E0,6,4,1,1,11,1,M Clattenburg,24,1,A,1,0,D,9,3,1,17/10/2015,1,Crystal Palace_West Ham_2015
82,3,3,Man United,Everton,E0,12,7,3,5,14,2,J Moss,10,0,A,0,0,A,12,2,0,17/10/2015,2,Everton_Man United_2015
83,7,1,Bournemouth,Man City,E0,15,1,11,1,5,1,M Dean,5,5,H,4,0,H,11,1,0,17/10/2015,2,Man City_Bournemouth_2015
84,7,2,Leicester,Southampton,E0,14,7,6,6,10,0,P Tierney,26,2,D,2,0,H,16,0,0,17/10/2015,2,Southampton_Leicester_2015
85,6,0,Liverpool,Tottenham,E0,13,3,4,8,11,0,C Pawson,12,0,D,0,0,D,15,2,0,17/10/2015,1,Tottenham_Liverpool_2015
86,9,3,Arsenal,Watford,E0,8,6,1,3,12,0,M Jones,17,0,A,0,0,D,11,1,0,17/10/2015,2,Watford_Arsenal_2015
87,5,0,Sunderland,West Brom,E0,8,2,1,1,13,0,M Atkinson,9,1,H,0,0,D,12,2,0,17/10/2015,2,West Brom_Sunderland_2015
88,7,2,Norwich,Newcastle,E0,11,6,6,3,10,2,A Taylor,18,6,H,3,0,H,10,1,0,18/10/2015,1,Newcastle_Norwich_2015
89,2,1,Stoke,Swansea,E0,14,2,2,1,14,1,R Madley,9,0,A,0,0,A,6,2,0,19/10/2015,2,Swansea_Stoke_2015
90,5,1,Everton,Arsenal,E0,20,5,5,7,14,1,L Mason,10,2,H,2,1,H,11,0,0,24/10/2015,2,Arsenal_Everton_2015
91,6,2,Swansea,Aston Villa,E0,9,4,3,4,8,0,N Swarbrick,11,1,A,0,0,D,10,3,0,24/10/2015,2,Aston Villa_Swansea_2015
92,2,0,Crystal Palace,Leicester,E0,12,4,3,3,11,0,M Dean,9,1,H,0,0,D,7,1,0,24/10/2015,3,Leicester_Crystal Palace_2015
93,3,1,West Brom,Norwich,E0,16,4,3,13,6,0,K Friend,7,0,A,0,0,D,11,2,0,24/10/2015,1,Norwich_West Brom_2015
94,5,2,Watford,Stoke,E0,12,3,1,11,18,1,M Atkinson,13,0,A,0,0,A,10,1,0,24/10/2015,3,Stoke_Watford_2015
95,4,1,Chelsea,West Ham,E0,12,4,5,7,12,0,J Moss,8,2,H,1,1,H,10,5,0,24/10/2015,1,West Ham_Chelsea_2015
96,5,5,Tottenham,Bournemouth,E0,11,9,3,4,15,3,R East,14,1,A,1,0,A,8,1,0,25/10/2015,0,Bournemouth_Tottenham_2015
97,7,1,Southampton,Liverpool,E0,15,3,2,10,11,0,A Marriner,8,1,D,0,1,D,8,0,0,25/10/2015,1,Liverpool_Southampton_2015
98,4,0,Man City,Man United,E0,6,1,1,6,13,0,M Clattenburg,6,0,D,0,0,D,17,2,0,25/10/2015,2,Man United_Man City_2015
99,10,0,Newcastle,Sunderland,E0,9,8,3,1,10,0,R Madley,21,3,H,1,1,H,12,2,0,25/10/2015,0,Sunderland_Newcastle_2015
100,7,3,Liverpool,Chelsea,E0,8,7,2,1,21,1,M Clattenburg,16,1,A,1,0,D,9,4,0,31/10/2015,1,Chelsea_Liverpool_2015
101,3,0,Man United,Crystal Palace,E0,10,1,5,7,15,0,M Jones,5,0,D,0,0,D,12,3,0,31/10/2015,3,Crystal Palace_Man United_2015
102,4,1,Norwich,Man City,E0,21,3,5,12,13,0,R Madley,5,2,H,0,1,D,4,2,0,31/10/2015,2,Man City_Norwich_2015
103,4,0,Stoke,Newcastle,E0,15,2,6,11,16,0,R East,9,0,D,0,0,D,6,3,0,31/10/2015,1,Newcastle_Stoke_2015
104,4,3,Arsenal,Swansea,E0,8,5,3,4,7,0,K Friend,15,0,A,0,0,D,12,0,0,31/10/2015,2,Swansea_Arsenal_2015
105,2,0,West Ham,Watford,E0,20,3,5,7,12,0,K Stroud,8,2,H,1,1,H,16,0,0,31/10/2015,3,Watford_West Ham_2015
106,4,3,Leicester,West Brom,E0,14,5,6,6,11,0,A Taylor,13,2,A,1,0,H,3,2,0,31/10/2015,0,West Brom_Leicester_2015
107,1,2,Sunderland,Everton,E0,15,9,8,6,5,1,A Marriner,17,6,H,2,0,H,6,2,0,01/11/2015,3,Everton_Sunderland_2015
108,6,0,Bournemouth,Southampton,E0,11,2,2,4,5,0,C Pawson,16,2,H,2,0,H,5,2,1,01/11/2015,0,Southampton_Bournemouth_2015
109,3,1,Aston Villa,Tottenham,E0,17,2,6,4,15,0,M Dean,13,3,H,2,0,H,6,3,0,02/11/2015,0,Tottenham_Aston Villa_2015
110,0,1,Newcastle,Bournemouth,E0,20,1,5,16,11,1,L Mason,2,0,A,0,0,A,9,2,0,07/11/2015,2,Bournemouth_Newcastle_2015
111,2,1,Watford,Leicester,E0,12,4,6,4,10,0,R East,8,2,H,0,0,D,10,1,0,07/11/2015,0,Leicester_Watford_2015
112,1,0,West Brom,Man United,E0,13,0,3,5,10,0,M Dean,4,2,H,0,1,D,11,3,0,07/11/2015,1,Man United_West Brom_2015
113,2,0,Swansea,Norwich,E0,9,0,5,5,7,0,M Clattenburg,8,1,H,0,0,D,12,0,0,07/11/2015,1,Norwich_Swansea_2015
114,9,0,Chelsea,Stoke,E0,8,4,2,1,10,0,A Taylor,19,1,H,0,0,D,13,1,0,07/11/2015,3,Stoke_Chelsea_2015
115,11,1,Southampton,Sunderland,E0,9,4,3,10,7,0,M Jones,11,0,A,0,0,D,3,3,0,07/11/2015,1,Sunderland_Southampton_2015
116,5,1,Everton,West Ham,E0,16,4,5,3,12,1,P Tierney,13,1,D,1,0,D,11,2,0,07/11/2015,1,West Ham_Everton_2015
117,6,1,Tottenham,Arsenal,E0,10,4,4,7,17,1,M Atkinson,14,1,D,0,0,A,12,1,0,08/11/2015,0,Arsenal_Tottenham_2015
118,8,0,Man City,Aston Villa,E0,3,3,0,3,7,0,C Pawson,13,0,D,0,0,D,7,1,0,08/11/2015,1,Aston Villa_Man City_2015
119,6,2,Crystal Palace,Liverpool,E0,22,4,4,14,6,1,N Swarbrick,9,1,A,1,0,D,7,2,0,08/11/2015,1,Liverpool_Crystal Palace_2015
120,5,0,Norwich,Chelsea,E0,21,2,7,6,12,0,C Pawson,4,1,H,0,0,D,4,4,0,21/11/2015,1,Chelsea_Norwich_2015
121,3,0,Aston Villa,Everton,E0,16,3,9,2,9,0,M Oliver,10,4,H,3,0,H,6,0,0,21/11/2015,0,Everton_Aston Villa_2015
122,5,4,Liverpool,Man City,E0,11,9,3,11,13,3,J Moss,14,1,A,1,0,A,5,3,0,21/11/2015,0,Man City_Liverpool_2015
123,9,3,Leicester,Newcastle,E0,9,7,1,4,12,1,M Jones,18,0,A,0,0,A,9,1,0,21/11/2015,4,Newcastle_Leicester_2015
124,3,1,Stoke,Southampton,E0,16,4,1,7,8,1,L Mason,16,0,A,0,0,A,8,0,0,21/11/2015,2,Southampton_Stoke_2015
125,5,2,Bournemouth,Swansea,E0,11,4,4,4,9,2,A Marriner,16,2,D,2,0,D,7,2,0,21/11/2015,3,Swansea_Bournemouth_2015
126,10,2,Man United,Watford,E0,10,6,5,4,12,1,R Madley,13,1,A,0,0,A,6,2,0,21/11/2015,1,Watford_Man United_2015
127,5,1,Arsenal,West Brom,E0,4,3,1,3,10,1,M Clattenburg,11,2,H,2,0,H,14,2,0,21/11/2015,3,West Brom_Arsenal_2015
128,6,1,West Ham,Tottenham,E0,22,4,12,7,9,0,A Taylor,10,4,H,2,0,H,13,2,0,22/11/2015,2,Tottenham_West Ham_2015
129,2,1,Sunderland,Crystal Palace,E0,19,4,7,11,11,0,M Atkinson,12,0,A,0,0,D,18,3,0,23/11/2015,1,Crystal Palace_Sunderland_2015
130,10,3,Watford,Aston Villa,E0,12,6,6,10,13,1,L Mason,14,2,A,1,0,D,6,3,0,28/11/2015,2,Aston Villa_Watford_2015
131,5,3,Everton,Bournemouth,E0,19,6,10,10,6,2,K Friend,11,3,D,0,0,A,6,0,0,28/11/2015,2,Bournemouth_Everton_2015
132,5,1,Newcastle,Crystal Palace,E0,19,2,8,7,13,1,S Attwell,7,5,H,3,0,H,7,1,0,28/11/2015,1,Crystal Palace_Newcastle_2015
133,8,1,Man United,Leicester,E0,7,2,3,1,7,1,C Pawson,10,1,D,1,0,D,5,1,0,28/11/2015,0,Leicester_Man United_2015
134,4,1,Southampton,Man City,E0,16,8,9,6,11,0,R East,12,3,H,2,0,H,14,1,0,28/11/2015,2,Man City_Southampton_2015
135,5,0,Stoke,Sunderland,E0,18,3,5,9,10,0,M Dean,7,2,H,0,1,D,4,2,0,28/11/2015,0,Sunderland_Stoke_2015
136,7,0,Swansea,Liverpool,E0,10,0,2,8,6,0,A Taylor,8,1,H,0,0,D,12,1,0,29/11/2015,3,Liverpool_Swansea_2015
137,6,1,Arsenal,Norwich,E0,7,3,2,3,6,1,J Moss,12,1,D,1,0,D,8,1,0,29/11/2015,1,Norwich_Arsenal_2015
138,4,0,Chelsea,Tottenham,E0,9,1,4,4,9,0,M Oliver,5,0,D,0,0,D,14,2,0,29/11/2015,4,Tottenham_Chelsea_2015
139,2,1,West Brom,West Ham,E0,17,3,6,5,16,0,M Atkinson,7,1,D,1,0,H,15,2,0,29/11/2015,0,West Ham_West Brom_2015
140,2,1,Sunderland,Arsenal,E0,16,4,7,3,11,1,R Madley,11,3,H,1,0,D,7,1,0,05/12/2015,1,Arsenal_Sunderland_2015
141,4,1,Bournemouth,Chelsea,E0,19,5,6,11,13,0,M Jones,15,0,A,0,0,D,10,1,0,05/12/2015,2,Chelsea_Bournemouth_2015
142,2,0,West Ham,Man United,E0,21,2,1,6,13,0,M Clattenburg,9,0,D,0,0,D,9,0,0,05/12/2015,1,Man United_West Ham_2015
143,4,1,Aston Villa,Southampton,E0,23,2,5,10,9,1,A Taylor,9,1,D,0,0,A,4,2,0,05/12/2015,1,Southampton_Aston Villa_2015
144,6,0,Man City,Stoke,E0,7,4,4,1,10,0,M Atkinson,11,2,H,2,0,H,9,1,0,05/12/2015,0,Stoke_Man City_2015
145,8,3,Leicester,Swansea,E0,10,5,2,3,19,2,M Oliver,16,0,A,0,0,A,3,3,0,05/12/2015,2,Swansea_Leicester_2015
146,1,0,Norwich,Watford,E0,14,1,7,4,10,0,M Dean,6,2,H,1,0,H,11,3,0,05/12/2015,3,Watford_Norwich_2015
147,6,1,Tottenham,West Brom,E0,11,3,4,3,10,1,J Moss,9,1,D,1,0,D,13,2,0,05/12/2015,3,West Brom_Tottenham_2015
148,7,0,Liverpool,Newcastle,E0,6,1,1,2,10,0,A Marriner,10,2,H,0,0,D,6,1,0,06/12/2015,3,Newcastle_Liverpool_2015
149,6,1,Crystal Palace,Everton,E0,19,5,4,13,11,0,C Pawson,14,1,D,0,0,D,4,2,0,07/12/2015,1,Everton_Crystal Palace_2015
150,7,1,Man United,Bournemouth,E0,11,5,5,5,12,1,A Taylor,11,2,H,1,0,D,12,1,0,12/12/2015,2,Bournemouth_Man United_2015
151,5,0,Southampton,Crystal Palace,E0,12,3,5,8,13,0,M Dean,15,1,H,1,0,H,11,0,0,12/12/2015,0,Crystal Palace_Southampton_2015
152,5,1,Swansea,Man City,E0,13,7,5,5,15,0,R Madley,13,2,H,1,0,H,13,1,0,12/12/2015,3,Man City_Swansea_2015
153,4,1,Everton,Norwich,E0,9,3,2,5,6,1,M Atkinson,15,1,D,0,0,A,9,0,0,12/12/2015,1,Norwich_Everton_2015
154,3,1,Watford,Sunderland,E0,14,6,2,8,9,1,G Scott,13,0,A,0,0,A,6,0,0,12/12/2015,1,Sunderland_Watford_2015
155,7,0,Stoke,West Ham,E0,22,3,9,11,9,0,A Marriner,12,0,D,0,0,D,7,2,0,12/12/2015,1,West Ham_Stoke_2015
156,5,2,Arsenal,Aston Villa,E0,18,4,2,5,7,2,K Friend,8,0,A,0,0,A,8,0,0,13/12/2015,0,Aston Villa_Arsenal_2015
157,4,2,West Brom,Liverpool,E0,28,2,8,4,10,1,C Pawson,4,2,D,1,0,D,7,0,0,13/12/2015,0,Liverpool_West Brom_2015
158,2,2,Newcastle,Tottenham,E0,20,4,8,6,14,0,R East,8,1,A,1,0,H,13,2,0,13/12/2015,2,Tottenham_Newcastle_2015
159,8,1,Chelsea,Leicester,E0,9,5,5,1,8,0,M Clattenburg,11,2,H,1,0,H,16,0,0,14/12/2015,2,Leicester_Chelsea_2015
160,2,1,Sunderland,Chelsea,E0,17,3,7,2,12,0,R East,11,3,H,2,0,H,12,3,0,19/12/2015,1,Chelsea_Sunderland_2015
161,2,3,Leicester,Everton,E0,13,5,5,10,14,1,J Moss,10,2,A,1,0,D,6,1,0,19/12/2015,2,Everton_Leicester_2015
162,0,2,Norwich,Man United,E0,11,4,2,11,10,1,M Oliver,6,1,A,0,0,A,4,2,0,19/12/2015,0,Man United_Norwich_2015
163,7,1,Aston Villa,Newcastle,E0,8,7,4,3,14,0,M Atkinson,10,1,D,1,0,H,9,3,0,19/12/2015,1,Newcastle_Aston Villa_2015
164,7,2,Tottenham,Southampton,E0,11,6,4,4,9,2,K Friend,13,0,A,0,0,A,18,1,0,19/12/2015,1,Southampton_Tottenham_2015
165,3,2,Crystal Palace,Stoke,E0,26,3,5,7,12,1,R Madley,12,1,A,0,0,A,6,0,0,19/12/2015,2,Stoke_Crystal Palace_2015
166,8,2,Bournemouth,West Brom,E0,6,7,2,4,9,0,M Dean,16,1,A,0,0,D,12,1,2,19/12/2015,2,West Brom_Bournemouth_2015
167,9,0,West Ham,Swansea,E0,21,2,2,8,9,0,L Mason,11,0,D,0,0,D,6,1,0,20/12/2015,0,Swansea_West Ham_2015
168,9,0,Liverpool,Watford,E0,6,4,5,7,9,0,M Clattenburg,12,3,H,2,0,H,6,0,0,20/12/2015,1,Watford_Liverpool_2015
169,8,1,Man City,Arsenal,E0,8,6,5,4,16,0,A Marriner,20,2,H,2,0,H,5,2,0,21/12/2015,0,Arsenal_Man City_2015
170,6,1,West Ham,Aston Villa,E0,5,4,8,9,13,1,M Dean,10,1,D,0,0,A,14,3,0,26/12/2015,3,Aston Villa_West Ham_2015
171,9,0,Crystal Palace,Bournemouth,E0,10,0,4,8,13,0,M Oliver,8,0,D,0,0,D,10,0,0,26/12/2015,1,Bournemouth_Crystal Palace_2015
172,4,2,Watford,Chelsea,E0,17,3,2,9,15,1,A Marriner,12,2,D,1,0,D,7,4,0,26/12/2015,1,Chelsea_Watford_2015
173,6,0,Leicester,Liverpool,E0,25,3,4,7,8,0,M Atkinson,7,1,H,0,0,D,11,1,0,26/12/2015,2,Liverpool_Leicester_2015
174,1,1,Sunderland,Man City,E0,19,3,9,5,11,0,A Taylor,11,4,H,3,0,H,10,1,0,26/12/2015,1,Man City_Sunderland_2015
175,7,1,Everton,Newcastle,E0,10,7,1,1,12,0,L Mason,20,0,A,0,0,D,16,2,0,26/12/2015,2,Newcastle_Everton_2015
176,4,0,Arsenal,Southampton,E0,15,4,5,3,9,0,J Moss,7,4,H,1,0,H,10,0,0,26/12/2015,1,Southampton_Arsenal_2015
177,12,0,Man United,Stoke,E0,13,6,3,1,16,0,K Friend,11,2,H,2,0,H,13,2,0,26/12/2015,1,Stoke_Man United_2015
178,7,0,West Brom,Swansea,E0,7,3,2,0,13,0,R East,9,1,H,1,0,H,10,3,0,26/12/2015,1,Swansea_West Brom_2015
179,4,0,Norwich,Tottenham,E0,15,3,10,9,13,0,M Jones,11,3,H,2,0,H,4,2,0,26/12/2015,1,Tottenham_Norwich_2015
180,3,0,Bournemouth,Arsenal,E0,13,3,6,9,8,0,R East,10,2,H,1,0,H,7,0,0,28/12/2015,2,Arsenal_Bournemouth_2015
181,4,0,Swansea,Crystal Palace,E0,10,3,2,7,16,0,N Swarbrick,5,0,D,0,0,D,11,2,0,28/12/2015,3,Crystal Palace_Swansea_2015
182,2,4,Stoke,Everton,E0,15,5,3,6,12,2,M Clattenburg,8,3,A,1,0,A,10,1,0,28/12/2015,2,Everton_Stoke_2015
183,3,0,Chelsea,Man United,E0,12,3,2,5,6,0,M Atkinson,8,0,D,0,0,D,16,2,0,28/12/2015,4,Man United_Chelsea_2015
184,7,0,Aston Villa,Norwich,E0,9,3,4,3,21,0,G Scott,6,2,H,1,0,H,10,5,0,28/12/2015,2,Norwich_Aston Villa_2015
185,3,2,Tottenham,Watford,E0,9,3,1,5,13,1,A Taylor,10,1,A,1,0,D,11,2,1,28/12/2015,4,Watford_Tottenham_2015
186,6,0,Newcastle,West Brom,E0,22,2,5,18,13,0,M Jones,7,1,H,0,0,D,7,0,0,28/12/2015,0,West Brom_Newcastle_2015
187,7,1,Southampton,West Ham,E0,13,4,5,4,12,1,M Oliver,15,2,H,0,0,A,6,3,0,28/12/2015,1,West Ham_Southampton_2015
188,13,0,Man City,Leicester,E0,11,5,4,1,8,0,C Pawson,21,0,D,0,0,D,11,3,0,29/12/2015,1,Leicester_Man City_2015
189,4,1,Liverpool,Sunderland,E0,8,6,3,6,16,0,K Friend,17,0,A,0,0,D,8,3,0,30/12/2015,1,Sunderland_Liverpool_2015
190,4,0,Newcastle,Arsenal,E0,16,6,3,7,9,0,A Taylor,15,1,H,0,0,D,10,2,0,02/01/2016,2,Arsenal_Newcastle_2015
191,1,0,Bournemouth,Leicester,E0,16,0,2,7,5,0,A Marriner,9,0,D,0,1,D,9,1,0,02/01/2016,1,Leicester_Bournemouth_2015
192,2,1,Swansea,Man United,E0,19,4,6,4,10,0,J Moss,9,2,H,0,0,D,14,1,0,02/01/2016,2,Man United_Swansea_2015
193,9,0,Southampton,Norwich,E0,10,4,1,4,7,0,M Clattenburg,10,1,H,0,1,D,9,0,0,02/01/2016,1,Norwich_Southampton_2015
194,3,1,Aston Villa,Sunderland,E0,13,3,6,3,13,0,C Pawson,8,3,H,1,0,H,8,4,0,02/01/2016,3,Sunderland_Aston Villa_2015
195,5,2,Man City,Watford,E0,11,5,3,4,10,0,M Atkinson,16,1,A,0,0,D,6,0,0,02/01/2016,1,Watford_Man City_2015
196,6,1,Stoke,West Brom,E0,16,3,5,4,15,0,L Mason,10,2,H,0,1,D,7,1,0,02/01/2016,1,West Brom_Stoke_2015
197,9,0,Liverpool,West Ham,E0,18,2,10,3,8,0,R Madley,23,2,H,1,0,H,11,1,0,02/01/2016,1,West Ham_Liverpool_2015
198,7,3,Chelsea,Crystal Palace,E0,8,4,4,5,15,1,K Friend,10,0,A,0,0,A,12,0,0,03/01/2016,3,Crystal Palace_Chelsea_2015
199,4,1,Tottenham,Everton,E0,12,4,3,4,11,1,M Oliver,19,1,D,1,0,D,8,2,0,03/01/2016,1,Everton_Tottenham_2015
200,0,0,Crystal Palace,Aston Villa,E0,13,1,3,9,9,0,M Clattenburg,9,1,H,0,0,D,15,1,0,12/01/2016,2,Aston Villa_Crystal Palace_2015
201,7,3,West Ham,Bournemouth,E0,11,5,4,4,5,0,M Atkinson,10,1,A,1,0,H,8,1,0,12/01/2016,1,Bournemouth_West Ham_2015
202,3,3,Man United,Newcastle,E0,14,4,6,5,12,2,M Dean,12,3,D,1,0,A,10,3,0,12/01/2016,1,Newcastle_Man United_2015
203,7,2,West Brom,Chelsea,E0,14,6,2,7,8,1,A Taylor,13,2,D,1,0,D,13,3,0,13/01/2016,3,Chelsea_West Brom_2015
204,3,3,Arsenal,Liverpool,E0,22,5,6,9,7,2,M Jones,14,3,D,2,0,D,9,0,0,13/01/2016,2,Liverpool_Arsenal_2015
205,5,0,Everton,Man City,E0,22,2,5,12,6,0,R East,7,0,D,0,0,D,5,1,0,13/01/2016,0,Man City_Everton_2015
206,1,0,Watford,Southampton,E0,15,1,7,8,11,0,C Pawson,4,2,H,1,0,H,9,2,0,13/01/2016,1,Southampton_Watford_2015
207,3,1,Norwich,Stoke,E0,14,2,4,7,8,0,N Swarbrick,5,3,H,0,1,D,5,1,0,13/01/2016,0,Stoke_Norwich_2015
208,6,4,Sunderland,Swansea,E0,10,5,5,8,12,1,G Scott,7,2,A,2,0,H,9,0,1,13/01/2016,2,Swansea_Sunderland_2015
209,8,1,Leicester,Tottenham,E0,21,2,5,16,10,0,L Mason,10,0,A,0,0,D,13,0,0,13/01/2016,1,Tottenham_Leicester_2015
210,4,1,Leicester,Aston Villa,E0,14,5,5,3,15,1,R East,12,1,D,0,0,A,13,2,0,16/01/2016,3,Aston Villa_Leicester_2015
211,3,0,Norwich,Bournemouth,E0,15,3,8,5,13,0,R Madley,10,3,H,1,0,H,8,1,0,16/01/2016,1,Bournemouth_Norwich_2015
212,4,3,Everton,Chelsea,E0,14,4,7,6,5,0,M Jones,9,3,D,0,0,D,12,1,0,16/01/2016,1,Chelsea_Everton_2015
213,6,0,Crystal Palace,Man City,E0,17,3,4,5,11,0,J Moss,9,4,H,2,0,H,10,2,0,16/01/2016,0,Man City_Crystal Palace_2015
214,3,1,West Ham,Newcastle,E0,23,3,10,3,4,0,N Swarbrick,10,2,H,2,0,H,9,0,0,16/01/2016,1,Newcastle_West Ham_2015
215,3,0,West Brom,Southampton,E0,9,0,5,1,11,0,M Atkinson,9,3,H,2,0,H,10,0,0,16/01/2016,0,Southampton_West Brom_2015
216,3,1,Sunderland,Tottenham,E0,26,2,11,11,13,1,M Dean,5,4,H,1,0,D,8,2,0,16/01/2016,0,Tottenham_Sunderland_2015
217,4,1,Man United,Liverpool,E0,19,1,4,5,18,0,M Clattenburg,7,0,A,0,0,D,6,2,0,17/01/2016,0,Liverpool_Man United_2015
218,6,0,Arsenal,Stoke,E0,14,3,6,6,10,0,C Pawson,8,0,D,0,0,D,16,0,0,17/01/2016,0,Stoke_Arsenal_2015
219,3,0,Watford,Swansea,E0,10,2,2,6,11,0,M Oliver,13,1,H,1,0,H,8,2,0,18/01/2016,2,Swansea_Watford_2015
220,10,3,Tottenham,Crystal Palace,E0,11,11,3,3,12,0,M Atkinson,24,1,A,1,0,H,11,2,0,23/01/2016,2,Crystal Palace_Tottenham_2015
221,4,0,Stoke,Leicester,E0,15,2,5,8,13,0,M Dean,3,3,H,1,0,H,10,1,0,23/01/2016,0,Leicester_Stoke_2015
222,4,1,Southampton,Man United,E0,8,2,1,4,8,0,M Jones,7,0,A,0,0,D,11,0,0,23/01/2016,0,Man United_Southampton_2015
223,3,5,Liverpool,Norwich,E0,6,7,5,3,14,1,L Mason,13,4,A,2,0,H,10,1,0,23/01/2016,0,Norwich_Liverpool_2015
224,4,1,Bournemouth,Sunderland,E0,10,5,5,3,9,1,R East,15,1,D,1,0,D,5,1,0,23/01/2016,1,Sunderland_Bournemouth_2015
225,7,1,Newcastle,Watford,E0,13,2,5,2,12,0,A Marriner,11,2,H,0,0,D,10,1,0,23/01/2016,2,Watford_Newcastle_2015
226,6,0,Aston Villa,West Brom,E0,4,4,0,2,13,0,R Madley,15,0,D,0,0,D,7,1,0,23/01/2016,0,West Brom_Aston Villa_2015
227,2,2,Man City,West Ham,E0,10,3,3,5,15,1,C Pawson,16,2,D,1,0,D,11,3,0,23/01/2016,2,West Ham_Man City_2015
228,7,1,Chelsea,Arsenal,E0,9,6,1,6,13,1,M Clattenburg,12,0,A,0,0,A,14,3,1,24/01/2016,1,Arsenal_Chelsea_2015
229,1,2,Swansea,Everton,E0,20,5,2,7,12,2,A Taylor,7,1,A,1,0,A,5,3,0,24/01/2016,0,Everton_Swansea_2015
230,3,0,Southampton,Arsenal,E0,21,3,11,13,19,0,L Mason,14,0,D,0,0,D,11,1,0,02/02/2016,2,Arsenal_Southampton_2015
231,3,2,Bournemouth,Crystal Palace,E0,14,4,3,5,15,1,M Jones,8,1,A,1,0,D,11,4,0,02/02/2016,3,Crystal Palace_Bournemouth_2015
232,12,0,Liverpool,Leicester,E0,13,2,6,3,7,0,A Marriner,14,2,H,0,0,D,6,1,0,02/02/2016,0,Leicester_Liverpool_2015
233,5,0,Stoke,Man United,E0,15,0,5,2,13,0,R East,10,3,H,2,0,H,13,1,0,02/02/2016,2,Man United_Stoke_2015
234,8,3,Tottenham,Norwich,E0,10,6,2,6,9,2,K Friend,17,0,A,0,0,A,8,2,0,02/02/2016,2,Norwich_Tottenham_2015
235,4,1,Man City,Sunderland,E0,11,2,2,8,15,1,S Attwell,6,0,A,0,0,A,6,4,0,02/02/2016,1,Sunderland_Man City_2015
236,7,1,Swansea,West Brom,E0,17,4,7,7,13,0,N Swarbrick,18,1,D,0,0,D,12,0,0,02/02/2016,0,West Brom_Swansea_2015
237,5,0,Aston Villa,West Ham,E0,25,2,6,5,11,0,J Moss,6,2,H,0,1,D,9,0,0,02/02/2016,3,West Ham_Aston Villa_2015
238,3,0,Newcastle,Everton,E0,18,3,7,3,15,0,C Pawson,7,3,H,1,1,H,8,2,0,03/02/2016,1,Everton_Newcastle_2015
239,7,0,Chelsea,Watford,E0,12,4,3,7,13,0,M Dean,12,0,D,0,0,D,10,1,0,03/02/2016,2,Watford_Chelsea_2015
240,11,0,Norwich,Aston Villa,E0,10,4,3,2,11,0,M Atkinson,12,2,H,1,0,H,10,2,0,06/02/2016,0,Aston Villa_Norwich_2015
241,2,2,Sunderland,Liverpool,E0,16,2,5,7,12,0,R Madley,7,2,D,0,0,D,4,1,0,06/02/2016,1,Liverpool_Sunderland_2015
242,4,3,Leicester,Man City,E0,22,7,4,11,15,1,A Taylor,14,1,A,0,0,A,9,2,0,06/02/2016,2,Man City_Leicester_2015
243,4,0,West Brom,Newcastle,E0,19,0,7,8,12,0,L Mason,7,1,H,1,0,H,12,3,0,06/02/2016,0,Newcastle_West Brom_2015
244,5,0,West Ham,Southampton,E0,8,2,2,4,10,0,M Clattenburg,18,1,H,1,0,H,17,2,1,06/02/2016,1,Southampton_West Ham_2015
245,4,3,Everton,Stoke,E0,11,6,3,6,8,3,A Marriner,14,0,A,0,0,A,11,0,0,06/02/2016,1,Stoke_Everton_2015
246,5,1,Crystal Palace,Swansea,E0,19,2,3,9,14,0,M Dean,12,1,D,1,0,H,11,2,0,06/02/2016,1,Swansea_Crystal Palace_2015
247,1,0,Watford,Tottenham,E0,26,0,9,15,9,0,R East,3,1,H,0,0,D,12,1,0,06/02/2016,0,Tottenham_Watford_2015
248,3,2,Arsenal,Bournemouth,E0,17,5,4,7,8,2,K Friend,10,0,A,0,0,A,6,1,0,07/02/2016,0,Bournemouth_Arsenal_2015
249,11,1,Man United,Chelsea,E0,16,7,5,10,9,0,M Oliver,17,1,D,0,0,D,6,3,0,07/02/2016,0,Chelsea_Man United_2015
250,2,3,Stoke,Bournemouth,E0,11,6,2,9,18,1,G Scott,11,1,A,0,0,A,7,2,0,13/02/2016,4,Bournemouth_Stoke_2015
251,3,1,Newcastle,Chelsea,E0,15,4,5,8,14,0,R Madley,10,5,H,3,0,H,16,1,1,13/02/2016,0,Chelsea_Newcastle_2015
252,5,2,Watford,Crystal Palace,E0,14,3,7,8,16,1,R East,10,1,A,1,0,D,11,2,0,13/02/2016,0,Crystal Palace_Watford_2015
253,1,1,West Brom,Everton,E0,34,1,6,14,12,1,M Oliver,5,0,A,0,0,A,9,3,0,13/02/2016,1,Everton_West Brom_2015
254,3,2,West Ham,Norwich,E0,13,6,3,3,11,0,M Jones,11,2,D,0,0,D,16,2,0,13/02/2016,2,Norwich_West Ham_2015
255,8,1,Man United,Sunderland,E0,21,6,5,6,15,1,A Marriner,12,2,H,1,0,D,7,3,0,13/02/2016,2,Sunderland_Man United_2015
256,4,1,Southampton,Swansea,E0,13,5,2,5,12,0,J Moss,13,0,A,0,0,D,10,3,0,13/02/2016,0,Swansea_Southampton_2015
257,1,1,Leicester,Arsenal,E0,24,3,6,11,10,1,M Atkinson,7,2,H,0,1,A,9,3,0,14/02/2016,4,Arsenal_Leicester_2015
258,6,6,Liverpool,Aston Villa,E0,6,9,1,0,9,2,N Swarbrick,11,0,A,0,0,A,10,1,0,14/02/2016,3,Aston Villa_Liverpool_2015
259,1,2,Tottenham,Man City,E0,19,3,4,7,17,0,M Clattenburg,6,1,A,0,0,D,12,3,0,14/02/2016,1,Man City_Tottenham_2015
260,4,0,Norwich,Leicester,E0,13,1,3,3,11,0,N Swarbrick,9,1,H,0,0,D,9,2,0,27/02/2016,0,Leicester_Norwich_2015
261,8,2,Chelsea,Southampton,E0,7,4,2,7,11,0,M Atkinson,16,1,A,1,0,H,10,1,0,27/02/2016,3,Southampton_Chelsea_2015
262,0,1,Aston Villa,Stoke,E0,11,1,3,11,15,0,K Friend,5,2,H,0,0,D,7,3,0,27/02/2016,0,Stoke_Aston Villa_2015
263,5,0,Bournemouth,Watford,E0,14,3,1,4,17,0,A Taylor,11,0,D,0,0,D,14,1,0,27/02/2016,3,Watford_Bournemouth_2015
264,6,2,Crystal Palace,West Brom,E0,11,2,5,3,16,0,J Moss,15,3,H,3,0,H,14,2,0,27/02/2016,2,West Brom_Crystal Palace_2015
265,6,0,Sunderland,West Ham,E0,9,4,3,5,9,0,M Dean,13,1,H,1,0,H,11,0,0,27/02/2016,1,West Ham_Sunderland_2015
266,7,1,Swansea,Tottenham,E0,34,4,14,7,14,1,M Jones,10,2,H,0,0,A,11,3,0,28/02/2016,2,Tottenham_Swansea_2015
267,3,2,Arsenal,Man United,E0,7,5,5,2,15,1,C Pawson,13,3,H,2,0,H,21,3,0,28/02/2016,4,Man United_Arsenal_2015
268,8,3,Everton,Aston Villa,E0,14,7,5,9,7,2,R East,10,1,A,0,0,A,8,1,0,01/03/2016,3,Aston Villa_Everton_2015
269,2,0,Southampton,Bournemouth,E0,9,1,4,10,18,0,M Dean,6,2,H,1,0,H,11,0,0,01/03/2016,0,Bournemouth_Southampton_2015
270,3,2,West Brom,Leicester,E0,22,3,5,11,8,1,M Clattenburg,11,2,D,2,0,H,10,2,0,01/03/2016,0,Leicester_West Brom_2015
271,4,2,Chelsea,Norwich,E0,13,2,2,4,5,2,L Mason,10,1,A,0,0,A,17,2,0,01/03/2016,3,Norwich_Chelsea_2015
272,5,2,Crystal Palace,Sunderland,E0,17,5,6,4,14,0,A Taylor,13,2,D,1,0,H,11,1,0,01/03/2016,1,Sunderland_Crystal Palace_2015
273,3,2,Swansea,Arsenal,E0,18,2,4,7,11,1,R Madley,11,1,A,1,0,D,8,2,0,02/03/2016,0,Arsenal_Swansea_2015
274,2,0,Man City,Liverpool,E0,11,2,7,3,14,0,M Atkinson,4,3,H,2,0,H,14,1,0,02/03/2016,0,Liverpool_Man City_2015
275,7,0,Watford,Man United,E0,14,3,3,9,17,0,M Jones,13,1,H,0,0,D,7,2,0,02/03/2016,1,Man United_Watford_2015
276,2,0,Newcastle,Stoke,E0,9,3,2,5,6,0,N Swarbrick,5,1,H,0,0,D,11,0,0,02/03/2016,1,Stoke_Newcastle_2015
277,3,0,Tottenham,West Ham,E0,14,2,3,6,11,0,A Marriner,9,1,H,1,0,H,10,3,0,02/03/2016,0,West Ham_Tottenham_2015
278,4,1,Stoke,Chelsea,E0,20,5,7,8,10,0,M Clattenburg,16,1,D,1,0,H,9,2,0,05/03/2016,1,Chelsea_Stoke_2015
279,6,3,West Ham,Everton,E0,15,5,8,9,13,0,A Taylor,17,2,A,1,0,H,12,3,1,05/03/2016,2,Everton_West Ham_2015
280,1,0,Aston Villa,Man City,E0,22,1,9,9,10,0,L Mason,2,4,H,0,0,D,10,1,0,05/03/2016,0,Man City_Aston Villa_2015
281,4,3,Bournemouth,Newcastle,E0,14,5,3,5,8,1,P Tierney,16,1,A,0,0,A,13,3,0,05/03/2016,1,Newcastle_Bournemouth_2015
282,2,1,Sunderland,Southampton,E0,16,3,5,12,9,0,N Swarbrick,11,1,D,0,0,D,9,1,1,05/03/2016,2,Southampton_Sunderland_2015
283,0,0,Norwich,Swansea,E0,10,3,3,5,15,0,C Pawson,8,1,H,0,0,D,14,5,0,05/03/2016,2,Swansea_Norwich_2015
284,2,2,Arsenal,Tottenham,E0,26,4,11,9,10,1,M Oliver,10,2,D,0,1,A,9,2,0,05/03/2016,2,Tottenham_Arsenal_2015
285,8,1,Leicester,Watford,E0,11,7,4,3,11,0,J Moss,14,0,A,0,0,D,10,2,0,05/03/2016,2,Watford_Leicester_2015
286,6,2,Liverpool,Crystal Palace,E0,14,5,4,6,16,0,A Marriner,19,1,A,0,1,D,12,2,0,06/03/2016,1,Crystal Palace_Liverpool_2015
287,5,0,Man United,West Brom,E0,9,1,2,4,7,0,M Dean,7,1,H,0,1,D,8,0,0,06/03/2016,1,West Brom_Man United_2015
288,3,2,Swansea,Bournemouth,E0,12,4,4,5,11,1,R East,12,3,H,1,0,D,12,0,0,12/03/2016,1,Bournemouth_Swansea_2015
289,8,0,Man City,Norwich,E0,5,3,0,3,10,0,J Moss,15,0,D,0,0,D,15,1,0,12/03/2016,3,Norwich_Man City_2015
290,4,2,Southampton,Stoke,E0,13,4,2,1,12,2,L Mason,11,1,A,0,1,A,13,2,0,12/03/2016,1,Stoke_Southampton_2015
291,8,2,Tottenham,Aston Villa,E0,11,8,2,5,6,1,A Taylor,19,0,A,0,0,A,6,0,0,13/03/2016,0,Aston Villa_Tottenham_2015
292,4,0,Newcastle,Leicester,E0,10,2,1,8,9,0,C Pawson,13,1,H,1,0,H,4,0,0,14/03/2016,0,Leicester_Newcastle_2015
293,9,2,West Ham,Chelsea,E0,22,6,5,10,14,1,R Madley,13,2,D,1,0,D,13,5,0,19/03/2016,3,Chelsea_West Ham_2015
294,7,1,Leicester,Crystal Palace,E0,12,3,4,10,13,1,M Jones,8,0,A,0,0,A,9,1,0,19/03/2016,1,Crystal Palace_Leicester_2015
295,5,2,Arsenal,Everton,E0,8,3,2,7,10,2,M Clattenburg,11,0,A,0,0,A,7,0,0,19/03/2016,0,Everton_Arsenal_2015
296,6,0,Aston Villa,Swansea,E0,10,2,1,4,10,0,M Dean,12,1,H,0,0,D,9,2,0,19/03/2016,3,Swansea_Aston Villa_2015
297,2,2,Stoke,Watford,E0,9,6,4,9,14,1,C Pawson,9,1,A,0,0,A,10,1,0,19/03/2016,3,Watford_Stoke_2015
298,3,1,Norwich,West Brom,E0,10,1,0,4,13,0,A Taylor,7,0,A,0,0,D,8,2,0,19/03/2016,1,West Brom_Norwich_2015
299,5,1,Man United,Man City,E0,26,3,2,11,12,1,M Oliver,5,0,A,0,0,A,9,1,0,20/03/2016,1,Man City_Man United_2015
300,5,1,Sunderland,Newcastle,E0,17,4,8,2,7,1,M Atkinson,14,1,D,0,0,A,14,1,0,20/03/2016,4,Newcastle_Sunderland_2015
301,5,2,Liverpool,Southampton,E0,16,9,5,3,13,2,R East,18,3,H,0,0,A,10,3,0,20/03/2016,1,Southampton_Liverpool_2015
302,5,0,Bournemouth,Tottenham,E0,17,0,8,4,6,0,N Swarbrick,2,3,H,2,0,H,11,1,0,20/03/2016,0,Tottenham_Bournemouth_2015
303,3,0,Watford,Arsenal,E0,19,2,12,8,10,0,A Taylor,6,4,H,2,0,H,7,1,0,02/04/2016,1,Arsenal_Watford_2015
304,2,4,Chelsea,Aston Villa,E0,15,8,4,7,8,2,N Swarbrick,11,0,A,0,0,A,12,1,1,02/04/2016,4,Aston Villa_Chelsea_2015
305,4,4,Man City,Bournemouth,E0,11,7,2,4,8,3,R Madley,15,0,A,0,0,A,9,1,0,02/04/2016,0,Bournemouth_Man City_2015
306,9,1,Tottenham,Liverpool,E0,15,5,7,12,11,0,J Moss,18,1,D,0,0,D,11,0,0,02/04/2016,2,Liverpool_Tottenham_2015
307,5,2,Newcastle,Norwich,E0,13,5,6,6,11,0,M Dean,13,3,H,1,0,H,6,0,0,02/04/2016,0,Norwich_Newcastle_2015
308,5,2,Swansea,Stoke,E0,12,3,5,5,16,0,M Atkinson,12,2,D,1,0,H,6,1,0,02/04/2016,0,Stoke_Swansea_2015
309,3,0,West Brom,Sunderland,E0,22,0,7,9,13,0,R East,3,0,D,0,0,D,11,1,0,02/04/2016,1,Sunderland_West Brom_2015
310,5,2,Crystal Palace,West Ham,E0,18,5,6,4,19,1,M Clattenburg,12,2,D,2,0,H,12,2,1,02/04/2016,2,West Ham_Crystal Palace_2015
311,8,0,Southampton,Leicester,E0,11,2,4,7,13,0,M Oliver,10,1,H,1,0,H,12,2,0,03/04/2016,2,Leicester_Southampton_2015
312,5,0,Everton,Man United,E0,10,1,2,5,6,0,A Marriner,7,1,H,0,0,D,15,0,0,03/04/2016,2,Man United_Everton_2015
313,8,2,Bournemouth,Aston Villa,E0,6,3,1,3,11,1,M Atkinson,12,1,A,0,0,A,13,2,0,09/04/2016,2,Aston Villa_Bournemouth_2015
314,4,0,Norwich,Crystal Palace,E0,13,4,6,10,10,0,M Oliver,13,1,H,0,0,D,13,1,0,09/04/2016,2,Crystal Palace_Norwich_2015
315,8,1,West Brom,Man City,E0,13,2,4,8,7,1,M Jones,13,2,H,1,0,D,10,1,0,09/04/2016,0,Man City_West Brom_2015
316,2,1,Newcastle,Southampton,E0,20,3,6,11,7,0,R Madley,5,3,H,2,0,H,8,0,0,09/04/2016,0,Southampton_Newcastle_2015
317,9,0,Chelsea,Swansea,E0,12,2,6,1,13,0,A Marriner,8,1,H,1,0,H,15,4,0,09/04/2016,5,Swansea_Chelsea_2015
318,6,1,Everton,Watford,E0,13,7,5,7,10,1,K Friend,12,1,D,1,0,D,13,1,0,09/04/2016,2,Watford_Everton_2015
319,4,3,Arsenal,West Ham,E0,19,6,7,7,8,2,C Pawson,11,3,D,2,0,D,11,0,0,09/04/2016,2,West Ham_Arsenal_2015
320,3,1,Stoke,Liverpool,E0,14,3,6,6,14,1,M Clattenburg,10,4,H,2,0,H,14,2,0,10/04/2016,0,Liverpool_Stoke_2015
321,7,2,Leicester,Sunderland,E0,15,7,1,1,9,0,A Taylor,17,0,A,0,0,D,9,1,0,10/04/2016,1,Sunderland_Leicester_2015
322,7,0,Man United,Tottenham,E0,16,1,8,2,10,0,M Dean,5,3,H,0,0,D,10,3,0,10/04/2016,3,Tottenham_Man United_2015
323,7,0,Everton,Crystal Palace,E0,18,5,6,10,9,0,M Jones,9,0,D,0,1,D,7,1,0,13/04/2016,0,Crystal Palace_Everton_2015
324,3,3,Man City,Chelsea,E0,11,8,4,11,15,1,M Dean,11,0,A,0,0,A,12,3,1,16/04/2016,2,Chelsea_Man City_2015
325,10,1,Southampton,Everton,E0,7,4,2,3,14,0,C Pawson,18,1,D,0,0,D,8,1,0,16/04/2016,1,Everton_Southampton_2015
326,3,0,Aston Villa,Man United,E0,13,1,4,14,10,0,K Friend,7,1,H,1,0,H,9,1,0,16/04/2016,0,Man United_Aston Villa_2015
327,7,0,Swansea,Newcastle,E0,12,1,7,3,9,0,L Mason,11,3,H,1,0,H,13,1,0,16/04/2016,2,Newcastle_Swansea_2015
328,0,3,Sunderland,Norwich,E0,19,3,6,14,11,1,A Marriner,8,0,A,0,0,A,7,2,0,16/04/2016,2,Norwich_Sunderland_2015
329,3,1,Watford,West Brom,E0,16,4,4,9,17,1,M Oliver,11,0,A,0,0,A,11,3,0,16/04/2016,0,West Brom_Watford_2015
330,5,1,Crystal Palace,Arsenal,E0,21,2,6,10,13,0,R East,7,1,D,1,0,H,7,2,0,17/04/2016,0,Arsenal_Crystal Palace_2015
331,4,2,Liverpool,Bournemouth,E0,18,6,5,5,9,2,M Jones,19,1,A,0,0,A,9,0,0,17/04/2016,0,Bournemouth_Liverpool_2015
332,5,2,West Ham,Leicester,E0,6,4,2,0,14,0,J Moss,19,2,D,1,0,H,14,3,1,17/04/2016,1,Leicester_West Ham_2015
333,3,4,Tottenham,Stoke,E0,12,6,2,5,12,1,N Swarbrick,23,0,A,0,0,A,12,0,0,18/04/2016,2,Stoke_Tottenham_2015
334,3,1,Man City,Newcastle,E0,5,5,3,5,8,1,K Friend,9,1,D,1,0,D,13,2,0,19/04/2016,3,Newcastle_Man City_2015
335,1,0,Everton,Liverpool,E0,37,0,13,9,11,0,R Madley,3,4,H,2,1,H,8,1,0,20/04/2016,1,Liverpool_Everton_2015
336,2,0,Crystal Palace,Man United,E0,16,0,10,10,7,0,L Mason,5,2,H,1,0,H,13,2,0,20/04/2016,1,Man United_Crystal Palace_2015
337,2,1,Watford,West Ham,E0,18,4,7,4,17,0,M Dean,7,3,H,2,1,H,11,2,0,20/04/2016,0,West Ham_Watford_2015
338,6,0,West Brom,Arsenal,E0,16,1,7,2,14,0,J Moss,8,2,H,2,0,H,14,1,0,21/04/2016,0,Arsenal_West Brom_2015
339,11,4,Southampton,Aston Villa,E0,16,7,7,6,9,2,N Swarbrick,17,2,A,1,0,A,8,0,0,23/04/2016,2,Aston Villa_Southampton_2015
340,7,4,Chelsea,Bournemouth,E0,13,4,4,10,4,2,R East,16,1,A,1,0,A,11,0,0,23/04/2016,1,Bournemouth_Chelsea_2015
341,4,2,Newcastle,Liverpool,E0,13,3,4,5,17,0,A Marriner,6,2,D,2,0,H,8,1,0,23/04/2016,1,Liverpool_Newcastle_2015
342,4,0,Stoke,Man City,E0,11,2,6,9,8,0,R Madley,14,4,H,2,0,H,8,0,0,23/04/2016,0,Man City_Stoke_2015
343,6,0,Swansea,Leicester,E0,18,1,9,4,10,0,M Clattenburg,9,4,H,2,0,H,15,2,0,24/04/2016,1,Leicester_Swansea_2015
344,7,0,Arsenal,Sunderland,E0,12,7,3,7,8,0,M Dean,20,0,D,0,0,D,10,4,0,24/04/2016,2,Sunderland_Arsenal_2015
345,7,1,West Brom,Tottenham,E0,19,3,2,9,13,0,M Jones,16,1,D,1,0,H,8,1,0,25/04/2016,0,Tottenham_West Brom_2015
346,3,0,Norwich,Arsenal,E0,14,3,3,7,7,0,M Jones,12,1,H,0,0,D,8,0,0,30/04/2016,1,Arsenal_Norwich_2015
347,5,1,Bournemouth,Everton,E0,12,2,5,3,8,1,N Swarbrick,16,2,H,1,0,D,4,0,0,30/04/2016,1,Everton_Bournemouth_2015
348,8,0,Crystal Palace,Newcastle,E0,10,3,4,4,12,0,M Dean,9,1,H,0,0,D,11,0,0,30/04/2016,2,Newcastle_Crystal Palace_2015
349,8,1,Sunderland,Stoke,E0,11,5,3,2,13,0,C Pawson,14,1,D,0,0,D,13,2,0,30/04/2016,2,Stoke_Sunderland_2015
350,4,2,Aston Villa,Watford,E0,18,2,6,8,10,1,A Taylor,7,3,H,1,1,D,14,3,0,30/04/2016,2,Watford_Aston Villa_2015
351,6,3,West Ham,West Brom,E0,15,4,5,8,7,2,L Mason,8,0,A,0,0,A,14,0,0,30/04/2016,0,West Brom_West Ham_2015
352,5,1,Leicester,Man United,E0,21,3,6,6,10,1,M Oliver,14,1,D,1,1,D,16,0,0,01/05/2016,3,Man United_Leicester_2015
353,2,2,Man City,Southampton,E0,14,5,7,8,9,1,A Marriner,6,4,H,2,0,H,12,1,0,01/05/2016,2,Southampton_Man City_2015
354,7,1,Liverpool,Swansea,E0,18,3,9,4,13,0,R East,11,3,H,2,1,H,12,2,0,01/05/2016,2,Swansea_Liverpool_2015
355,8,2,Tottenham,Chelsea,E0,13,5,5,7,20,2,M Clattenburg,16,2,D,0,0,A,9,9,0,02/05/2016,3,Chelsea_Tottenham_2015
356,5,0,Newcastle,Aston Villa,E0,2,3,0,0,13,0,R Madley,9,0,D,0,0,D,8,1,0,07/05/2016,1,Aston Villa_Newcastle_2015
357,3,1,West Brom,Bournemouth,E0,12,4,4,5,8,1,M Clattenburg,12,1,D,0,0,A,5,1,0,07/05/2016,2,Bournemouth_West Brom_2015
358,3,1,Stoke,Crystal Palace,E0,17,3,4,4,18,1,K Friend,12,2,H,0,0,A,8,3,0,07/05/2016,2,Crystal Palace_Stoke_2015
359,4,1,Everton,Leicester,E0,32,5,8,12,12,0,A Marriner,9,3,H,2,0,H,4,3,0,07/05/2016,0,Leicester_Everton_2015
360,6,1,Man United,Norwich,E0,8,2,2,1,10,0,C Pawson,15,0,A,0,0,D,11,0,0,07/05/2016,1,Norwich_Man United_2015
361,3,2,Chelsea,Sunderland,E0,15,8,4,3,9,2,M Jones,9,3,H,1,1,A,11,1,0,07/05/2016,4,Sunderland_Chelsea_2015
362,3,4,Swansea,West Ham,E0,25,6,7,13,8,2,M Oliver,13,1,A,0,0,A,11,0,0,07/05/2016,3,West Ham_Swansea_2015
363,8,0,Watford,Liverpool,E0,19,3,5,8,15,0,L Mason,14,2,H,1,0,H,10,2,0,08/05/2016,1,Liverpool_Watford_2015
364,2,2,Arsenal,Man City,E0,14,2,3,7,10,1,A Taylor,5,2,D,1,0,D,16,1,0,08/05/2016,2,Man City_Arsenal_2015
365,2,2,Southampton,Tottenham,E0,20,2,6,10,16,1,J Moss,10,1,A,1,0,D,8,3,0,08/05/2016,0,Tottenham_Southampton_2015
366,2,2,Man United,West Ham,E0,20,2,6,6,18,0,M Dean,3,3,H,1,0,H,6,3,0,10/05/2016,1,West Ham_Man United_2015
367,3,1,Chelsea,Liverpool,E0,28,7,9,7,12,1,M Oliver,13,1,D,0,0,A,11,1,0,11/05/2016,3,Liverpool_Chelsea_2015
368,1,2,Watford,Norwich,E0,18,7,6,5,12,1,R East,12,4,H,3,0,H,8,3,0,11/05/2016,2,Norwich_Watford_2015
369,5,0,Everton,Sunderland,E0,14,6,8,5,7,0,A Taylor,17,3,H,2,0,H,15,0,0,11/05/2016,1,Sunderland_Everton_2015
370,4,0,Aston Villa,Arsenal,E0,16,2,7,5,6,0,M Clattenburg,5,4,H,1,0,H,12,1,0,15/05/2016,0,Arsenal_Aston Villa_2015
371,6,1,Leicester,Chelsea,E0,17,5,4,7,12,0,C Pawson,18,1,D,0,0,D,4,0,0,15/05/2016,0,Chelsea_Leicester_2015
372,11,0,Norwich,Everton,E0,15,2,8,4,11,0,L Mason,10,3,H,2,0,H,7,0,0,15/05/2016,0,Everton_Norwich_2015
373,8,1,Tottenham,Newcastle,E0,19,5,10,3,6,0,A Taylor,17,5,H,2,0,H,7,2,1,15/05/2016,1,Newcastle_Tottenham_2015
374,5,1,Crystal Palace,Southampton,E0,18,4,5,2,14,0,M Oliver,16,4,H,1,0,H,7,2,0,15/05/2016,1,Southampton_Crystal Palace_2015
375,10,1,West Ham,Stoke,E0,7,7,4,4,12,1,M Jones,20,2,H,0,0,A,8,1,0,15/05/2016,3,Stoke_West Ham_2015
376,4,1,Man City,Swansea,E0,4,5,1,4,19,1,M Dean,18,1,D,1,0,D,4,3,0,15/05/2016,1,Swansea_Man City_2015
377,4,2,Sunderland,Watford,E0,21,4,6,7,10,1,K Friend,6,2,D,0,0,A,11,0,0,15/05/2016,1,Watford_Sunderland_2015
378,5,1,Liverpool,West Brom,E0,13,3,1,7,14,1,R Madley,7,1,D,1,0,D,11,1,0,15/05/2016,3,West Brom_Liverpool_2015
379,1,1,Bournemouth,Man United,E0,12,0,5,7,8,0,J Moss,7,3,H,1,0,H,9,0,0,17/05/2016,1,Man United_Bournemouth_2015
